expocode,platform_name,platform_type,organization,investigators,country
069920180814,Malizia,Ship,Max Planck Inst,"Landschuetzer, P.",Germany
069920180921,Malizia,Ship,Max Planck Inst,"Landschuetzer, P.",Germany
069920181126,Malizia,Ship,Max Planck Inst,"Landschuetzer, P.",Germany
069920190503,Malizia,Ship,Max Planck Inst,"Landschuetzer, P.",Germany
069920190509,Malizia,Ship,Max Planck Inst,"Landschuetzer, P.",Germany
069920190602,Malizia,Ship,Max Planck Inst,"Landschuetzer, P.",Germany
069920190803,Malizia,Ship,Max Planck Inst,"Landschuetzer, P.",Germany
069920200703,Sea Explorer,Ship,Max Planck Inst,"Landschuetzer, P.",Germany
069920201009,Sea Explorer,Ship,Max Planck Inst,"Landschuetzer, P.",Germany
069920201108,Sea Explorer,Ship,Max Planck Inst,"Landschuetzer, P.",Germany
069920201125,Sea Explorer,Ship,Max Planck Inst,"Landschuetzer, P.",Germany
069920201211,Sea Explorer,Ship,Max Planck Inst,"Landschuetzer, P.",Germany
069920201226,Sea Explorer,Ship,Max Planck Inst,"Landschuetzer, P.",Germany
069920210106,Sea Explorer,Ship,Max Planck Inst,"Landschuetzer, P.",Germany
069920211113,Waveglider GEOMAR 4,Ship,Geomar,Paulsen M. : Fielder B. and Koertzinger A.,Germany
069920220226,GEOMAR surface buoy 1,Mooring,Geomar,Paulsen M. : Fielder B. and Koertzinger A.,Germany
069920230226,Sea Explorer,Ship,Alfred Wegener Inst,"Olivier, L.",Germany
069920230424,Sea Explorer,Ship,Alfred Wegener Inst,"Olivier, L.",Germany
069920230521,Sea Explorer,Ship,Alfred Wegener Inst,"Olivier, L.",Germany
069920240501,Sea Explorer,Ship,Alfred Wegener Inst,"Olivier, L.",Germany
06AQ19860627,Polarstern,Ship,Scripps Inst Ocean,"Weiss, R.",USA
06AQ19860928,Polarstern,Ship,Scripps Inst Ocean,"Weiss, R.",USA
06AQ19911114,Polarstern,Ship,Leibniz IOW,"Schneider, B.",Germany
06AQ19911210,Polarstern,Ship,Leibniz IOW,"Schneider, B.",Germany
06AQ19921005,Polarstern,Ship,NIOZ,"Bakker, D.",Netherlands
06AQ19930128,Polarstern,Ship,NIOZ,"Bakker, D.",Netherlands
06AQ19930228,Polarstern,Ship,Leibniz IOW,"Schneider, B.",Germany
06AQ19931019,Polarstern,Ship,NIOZ,"Bakker, D.",Netherlands
06AQ19940524,Polarstern,Ship,NIOZ,"Bakker, D.",Netherlands
06AQ19951112,Polarstern,Ship,Geomar,"Koertzinger, A.",Germany
06AQ19960320,Polarstern,Ship,Alfred Wegener Inst,"Hoppema, M.",Germany
06AQ19980411,Polarstern,Ship,Bjerknes Centre Clim Res : Alfred Wegener Inst,"Bellerby, R.G.J. : Hoppema, M.",Norway
06AQ19990327,Polarstern,Ship,Bjerknes Centre Clim Res : NIOZ,"Bellerby, R.G.J. : de Baar, H.J.W.",Norway
06AQ20001004,Polarstern,Ship,Univ East Anglia,"Bakker, D.",UK
06AQ20001026,Polarstern,Ship,Univ East Anglia,"Bakker, D.",UK
06AQ20021126,Polarstern,Ship,Univ East Anglia : Alfred Wegener Inst,"Bakker, D. : Hoppema, M.",Germany
06AQ20021214,Polarstern,Ship,Univ East Anglia : Alfred Wegener Inst,"Bakker, D. : Hoppema, M.",Germany
06AQ20071203,Polarstern,Ship,NIOZ : Alfred Wegener Inst,"van Heuven, S. : Hoppema, M.",Germany
06AQ20080209,Polarstern,Ship,NIOZ : Alfred Wegener Inst,"van Heuven, S. : Hoppema, M.",Germany
06AQ20080416,Polarstern,Ship,NIOZ : Alfred Wegener Inst,"van Heuven, S. : Hoppema, M.",Germany
06AQ20080624,Polarstern,Ship,NIOZ : Alfred Wegener Inst,"van Heuven, S. : Hoppema, M.",Germany
06AQ20080705,Polarstern,Ship,NIOZ : Alfred Wegener Inst,"van Heuven, S. : Hoppema, M.",Germany
06AQ20090109,Polarstern,Ship,NIOZ : Alfred Wegener Inst,"van Heuven, S. : Hoppema, M.",Germany
06AQ20090322,Polarstern,Ship,NIOZ : Alfred Wegener Inst,"van Heuven, S. : Hoppema, M.",Germany
06AQ20090413,Polarstern,Ship,NIOZ : Alfred Wegener Inst,"van Heuven, S. : Hoppema, M.",Germany
06AQ20090622,Polarstern,Ship,NIOZ : Alfred Wegener Inst,"van Heuven, S. : Hoppema, M.",Germany
06AQ20090711,Polarstern,Ship,NIOZ : Alfred Wegener Inst,"van Heuven, S. : Hoppema, M.",Germany
06AQ20090806,Polarstern,Ship,NIOZ : Alfred Wegener Inst,"van Heuven, S. : Hoppema, M.",Germany
06AQ20091023,Polarstern,Ship,NIOZ : Alfred Wegener Inst,"van Heuven, S. : Hoppema, M.",Germany
06AQ20091129,Polarstern,Ship,NIOZ : Alfred Wegener Inst,"van Heuven, S. : Hoppema, M.",Germany
06AQ20100131,Polarstern,Ship,NIOZ : Alfred Wegener Inst,"van Heuven, S. : Hoppema, M.",Germany
06AQ20100408,Polarstern,Ship,NIOZ : Alfred Wegener Inst,"van Heuven, S. : Hoppema, M.",Germany
06AQ20101026,Polarstern,Ship,NIOZ : Alfred Wegener Inst,"van Heuven, S. : Hoppema, M.",Germany
06AQ20110617,Polarstern,Ship,NIOZ : Alfred Wegener Inst,"van Heuven, S. : Hoppema, M.",Germany
06AQ20110715,Polarstern,Ship,NIOZ : Alfred Wegener Inst,"van Heuven, S. : Hoppema, M.",Germany
06AQ20110806,Polarstern,Ship,NIOZ : Alfred Wegener Inst,"van Heuven, S. : Hoppema, M.",Germany
06AQ20111214,Polarstern,Ship,NIOZ : Alfred Wegener Inst,"van Heuven, S. : Hoppema, M.",Germany
06AQ20120108,Polarstern,Ship,NIOZ : Alfred Wegener Inst,"van Heuven, S. : Hoppema, M.",Germany
06AQ20120318,Polarstern,Ship,NIOZ : Alfred Wegener Inst,"van Heuven, S. : Hoppema, M.",Germany
06AQ20120411,Polarstern,Ship,NIOZ : Alfred Wegener Inst,"van Heuven, S. : Hoppema, M.",Germany
06AQ20120615,Polarstern,Ship,NIOZ : Alfred Wegener Inst,"van Heuven, S. : Hoppema, M.",Germany
06AQ20120716,Polarstern,Ship,NIOZ : Alfred Wegener Inst,"van Heuven, S. : Hoppema, M.",Germany
06AQ20120803,Polarstern,Ship,NIOZ : Alfred Wegener Inst,"van Heuven, S. : Hoppema, M.",Germany
06AQ20131110,Polarstern,Ship,NIOZ : Alfred Wegener Inst,"van Heuven, S. : Hoppema, M.",Germany
06AQ20131221,Polarstern,Ship,NIOZ : Alfred Wegener Inst,"van Heuven, S. : Hoppema, M. : Jones, E.",Germany
06AQ20140309,Polarstern,Ship,NIOZ : Alfred Wegener Inst,"van Heuven, S. : Hoppema, M.",Germany
06AQ20140608,Polarstern,Ship,NIOZ : Alfred Wegener Inst,"van Heuven, S. : Hoppema, M.",Germany
06AQ20140707,Polarstern,Ship,NIOZ : Alfred Wegener Inst,"van Heuven, S. : Hoppema, M.",Germany
06AQ20140805,Polarstern,Ship,NIOZ : Alfred Wegener Inst,"van Heuven, S. : Hoppema, M.",Germany
06AQ20141026,Polarstern,Ship,NIOZ : Alfred Wegener Inst,"van Heuven, S. : Hoppema, M.",Germany
06AQ20141203,Polarstern,Ship,NIOZ : Alfred Wegener Inst,"van Heuven, S. : Hoppema, M.",Germany
06AQ20150204,Polarstern,Ship,NIOZ : Alfred Wegener Inst,"van Heuven, S. : Hoppema, M.",Germany
06AQ20150519,Polarstern,Ship,NIOZ : Alfred Wegener Inst,"van Heuven, S. : Hoppema, M.",Germany
06AQ20150629,Polarstern,Ship,NIOZ : Alfred Wegener Inst,"van Heuven, S. : Hoppema, M.",Germany
06AQ20150818,Polarstern,Ship,NIOZ : Alfred Wegener Inst,"van Heuven, S. : Hoppema, M.",Germany
06AQ20151030,Polarstern,Ship,NIOZ : Alfred Wegener Inst,"van Heuven, S. : Hoppema, M.",Germany
06AQ20151207,Polarstern,Ship,NIOZ : Alfred Wegener Inst,"van Heuven, S. : Hoppema, M.",Germany
06AQ20160220,Polarstern,Ship,NIOZ : Alfred Wegener Inst,"van Heuven, S. : Hoppema, M.",Germany
06AQ20160412,Polarstern,Ship,NIOZ : Alfred Wegener Inst,"van Heuven, S. : Hoppema, M.",Germany
06AQ20160614,Polarstern,Ship,NIOZ : Alfred Wegener Inst,"van Heuven, S. : Hoppema, M.",Germany
06AQ20160720,Polarstern,Ship,NIOZ : Alfred Wegener Inst,"van Heuven, S. : Hoppema, M.",Germany
06AQ20170205,Polarstern,Ship,NIOZ : Alfred Wegener Inst,"van Heuven, S. : Hoppema, M.",Germany
06AQ20170321,Polarstern,Ship,NIOZ : Alfred Wegener Inst,"van Heuven, S. : Hoppema, M.",Germany
06AQ20170524,Polarstern,Ship,NIOZ : Alfred Wegener Inst,"van Heuven, S. : Hoppema, M.",Germany
06AQ20170723,Polarstern,Ship,NIOZ : Alfred Wegener Inst,"van Heuven, S. : Hoppema, M.",Germany
06AQ20170822,Polarstern,Ship,NIOZ : Alfred Wegener Inst,"van Heuven, S. : Hoppema, M.",Germany
06AQ20170912,Polarstern,Ship,NIOZ : Alfred Wegener Inst,"van Heuven, S. : Hoppema, M.",Germany
06AQ20200101,Polarstern,Ship,Alfred Wegener Inst,"Hoppema, M : van Heuven, S : Roden, N P",Germany
06AQ20200201,Polarstern,Ship,Alfred Wegener Inst,"Hoppema, M : van Heuven, S : Roden, N P",Germany
06AQ20200301,Polarstern,Ship,Alfred Wegener Inst,"Hoppema, M : van Heuven, S : Roden, N P",Germany
06AQ20200401,Polarstern,Ship,Alfred Wegener Inst,"Hoppema, M : van Heuven, S : Roden, N P",Germany
06AQ20200501,Polarstern,Ship,Alfred Wegener Inst,"Hoppema, M : van Heuven, S : Roden, N P",Germany
06AQ20200601,Polarstern,Ship,Alfred Wegener Inst,"Hoppema, M : van Heuven, S : Roden, N P",Germany
06AQ20200701,Polarstern,Ship,Alfred Wegener Inst,"Hoppema, M : van Heuven, S : Roden, N P",Germany
06AQ20200801,Polarstern,Ship,Alfred Wegener Inst,"Hoppema, M : van Heuven, S : Roden, N P",Germany
06AQ20200901,Polarstern,Ship,Alfred Wegener Inst,"Hoppema, M : van Heuven, S : Roden, N P",Germany
06AQ20201001,Polarstern,Ship,Alfred Wegener Inst,"Hoppema, M : van Heuven, S : Roden, N P",Germany
06BE19961010,Sonne,Ship,Geomar,"Koertzinger, A.",Germany
06BE19970515,Sonne,Ship,Hamburg Univ,"Lendt, R.",Germany
06BE19970612,Sonne,Ship,Hamburg Univ,"Lendt, R.",Germany
06BE20140710,Sonne,Ship,Geomar,"Steinhoff, T. : Koertzinger, A.",Germany
06BE20140723,Sonne,Ship,Geomar,"Steinhoff, T. : Koertzinger, A.",Germany
06CK20060523,Cap Victor,Ship,NOAA PMEL,"Feely, R.",USA
06CK20060715,Cap Victor,Ship,NOAA PMEL,"Feely, R.",USA
06CK20060821,Cap Victor,Ship,NOAA PMEL,"Feely, R.",USA
06GA19960613,Gauss,Ship,Leibniz IOW,"Schneider, B.",Germany
06LB19831130,Lilooet,Ship,Inst Ocean Sci Canada,"Wong, C.S.",Canada
06LB19840107,Lilooet,Ship,Inst Ocean Sci Canada,"Wong, C.S.",Canada
06LB19840629,Lilooet,Ship,Inst Ocean Sci Canada,"Wong, C.S.",Canada
06LB19850110,Lilooet,Ship,Inst Ocean Sci Canada,"Wong, C.S.",Canada
06LB19850313,Lilooet,Ship,Inst Ocean Sci Canada,"Wong, C.S.",Canada
06LB19850812,Lilooet,Ship,Inst Ocean Sci Canada,"Wong, C.S.",Canada
06LB19860116,Lilooet,Ship,Inst Ocean Sci Canada,"Wong, C.S.",Canada
06LB19860323,Lilooet,Ship,Inst Ocean Sci Canada,"Wong, C.S.",Canada
06LB19860801,Lilooet,Ship,Inst Ocean Sci Canada,"Wong, C.S.",Canada
06LB19861011,Lilooet,Ship,Inst Ocean Sci Canada,"Wong, C.S.",Canada
06LB19861214,Lilooet,Ship,Inst Ocean Sci Canada,"Wong, C.S.",Canada
06LB19870221,Lilooet,Ship,Inst Ocean Sci Canada,"Wong, C.S.",Canada
06LB19870501,Lilooet,Ship,Inst Ocean Sci Canada,"Wong, C.S.",Canada
06LB19870721,Lilooet,Ship,Inst Ocean Sci Canada,"Wong, C.S.",Canada
06LB19870920,Lilooet,Ship,Inst Ocean Sci Canada,"Wong, C.S.",Canada
06LB19871126,Lilooet,Ship,Inst Ocean Sci Canada,"Wong, C.S.",Canada
06LB19871231,Lilooet,Ship,Inst Ocean Sci Canada,"Wong, C.S.",Canada
06LB19880204,Lilooet,Ship,Inst Ocean Sci Canada,"Wong, C.S.",Canada
06M220110623,Maria S. Merian,Ship,GEOMAR,"Steinhoff, T. : Fiedler, B. : Koertzinger, A.",Germany
06M220180302,Maria S. Merian,Ship,GEOMAR,"Tanhua, T.",Germany
06M220200117,Maria S. Merian,Ship,unassigned,"Ritschel, M.",Germany
06M320120320,Meteor,Ship,Bjerknes Centre Clim Res,"Bellerby, R.G.J.",Norway
06M320120407,Meteor,Ship,Bjerknes Centre Clim Res,"Bellerby, R.G.J.",Norway
06MQ20210627,FRA56,sailing yacht,Fabrice AMEDEO,"Tanhua, T. : Reynaud, T.",Germany
06MT19910903,Meteor,Ship,Univ Kiel,"Wallace, D.",Germany
06MT19920510,Meteor,Ship,Leibniz IOW,"Schneider, B.",Germany
06MT19921229,Meteor,Ship,Univ Kiel,"Wallace, D.",Germany
06MT19941012,Meteor,Ship,GEOMAR,"Koertzinger, A.",Germany
06MT19941119,Meteor,Ship,Leibniz IOW,"Schneider, B.",Germany
06MT19950714,Meteor,Ship,GEOMAR,"Koertzinger, A.",Germany
06MT19960607,Meteor,Ship,GEOMAR,"Koertzinger, A.",Germany
06MT19960622,Meteor,Ship,GEOMAR,"Koertzinger, A.",Germany
06MT19970106,Meteor,Ship,CSIC Spain,"Perez, F.F.",Spain
06MT19970516,Meteor,Ship,GEOMAR,"Koertzinger, A.",Germany
06MT19970707,Meteor,Ship,GEOMAR,"Koertzinger, A.",Germany
06MT19981228,Meteor,Ship,Univ Liege,"Borges, A.",Belgium
06MT20021015,Meteor,Ship,GEOMAR,"Koertzinger, A.",Germany
06MT20060714,Meteor,Ship,GEOMAR,"Steinhoff, T. : Koertzinger, A.",Germany
06P119910616,Poseidon,Ship,Leibniz IOW,"Schneider, B.",Germany
06P119950901,Poseidon,Ship,GEOMAR,"Mintrop, L.",Germany
06PO20050322,Poseidon,Ship,GEOMAR,"Steinhoff, T. : Koertzinger, A.",Germany
06PO20070210,Poseidon,Ship,GEOMAR,"Steinhoff, T. : Wallace, D. : Koertzinger, A.",Germany
06PO20100531,Poseidon,Ship,GEOMAR,"Steinhoff, T. : Koertzinger, A.",Germany
06ZG20091213,Rio Blanco,Ship,LOCEAN,"Lefevre, N.",France
06ZG20100115,Rio Blanco,Ship,LOCEAN,"Lefevre, N.",France
06ZG20100207,Rio Blanco,Ship,LOCEAN,"Lefevre, N.",France
06ZG20100226,Rio Blanco,Ship,LOCEAN,"Lefevre, N.",France
06ZG20100321,Rio Blanco,Ship,LOCEAN,"Lefevre, N.",France
06ZG20100409,Rio Blanco,Ship,LOCEAN,"Lefevre, N.",France
06ZG20100506,Rio Blanco,Ship,LOCEAN,"Lefevre, N.",France
06ZG20100716,Rio Blanco,Ship,LOCEAN,"Lefevre, N.",France
06ZG20100813,Rio Blanco,Ship,LOCEAN,"Lefevre, N.",France
06ZG20100902,Rio Blanco,Ship,LOCEAN,"Lefevre, N.",France
06ZG20100930,Rio Blanco,Ship,LOCEAN,"Lefevre, N.",France
06ZG20101023,Rio Blanco,Ship,LOCEAN,"Lefevre, N.",France
06ZG20101118,Rio Blanco,Ship,LOCEAN,"Lefevre, N.",France
06ZG20101211,Rio Blanco,Ship,LOCEAN,"Lefevre, N.",France
07AL19951011,A.V. Humboldt,Ship,Leibniz IOW,"Schneider, B.",Germany
07AL19960218,A.V. Humboldt,Ship,Leibniz IOW,"Schneider, B.",Germany
07AL19970503,A.V. Humboldt,Ship,Leibniz IOW,"Schneider, B.",Germany
07AL19990718,A.V. Humboldt,Ship,Leibniz IOW,"Schneider, B.",Germany
07AL19991101,A.V. Humboldt,Ship,Leibniz IOW,"Schneider, B.",Germany
07AL19991129,A.V. Humboldt,Ship,Leibniz IOW,"Schneider, B.",Germany
07AL20000113,A.V. Humboldt,Ship,Leibniz IOW,"Schneider, B.",Germany
07AL20000210,A.V. Humboldt,Ship,Leibniz IOW,"Schneider, B.",Germany
07AL20000305,A.V. Humboldt,Ship,Leibniz IOW,"Schneider, B.",Germany
07AL20010513,A.V. Humboldt,Ship,Leibniz IOW,"Schneider, B.",Germany
07AL20010607,A.V. Humboldt,Ship,Leibniz IOW,"Schneider, B.",Germany
07AL20010709,A.V. Humboldt,Ship,Leibniz IOW,"Schneider, B.",Germany
07AL20010802,A.V. Humboldt,Ship,Leibniz IOW,"Schneider, B.",Germany
08AI20000324,Almirante Irizar,Ship,SHN Argentina,"Bianchi, A.",Argentina
08AI20010124,Almirante Irizar,Ship,SHN Argentina,"Bianchi, A.",Argentina
08AI20010808,Almirante Irizar,Ship,SHN Argentina,"Bianchi, A.",Argentina
08AI20020131,Almirante Irizar,Ship,SHN Argentina,"Bianchi, A.",Argentina
08AI20030206,Almirante Irizar,Ship,SHN Argentina,"Bianchi, A.",Argentina
08AI20040227,Almirante Irizar,Ship,SHN Argentina,"Bianchi, A.",Argentina
08AI20041225,Almirante Irizar,Ship,SHN Argentina,"Bianchi, A.",Argentina
08D820170918,Victor Angelescu,Ship,CSIC Spain,"Padin, X.A. : Negri, R.",Argentina
08D820180810,Victor Angelescu,Ship,DiplaMCC-INIDEP,"Berghoff, C. : Negri, R.",Argentina
08D820180818,Victor Angelescu,Ship,DiplaMCC-INIDEP,"Berghoff, C. : Negri, R.",Argentina
08D820190124,Victor Angelescu,Ship,DiplaMCC-INIDEP,"Berghoff, C. : Negri, R.",Argentina
08D820191014,Victor Angelescu,Ship,DiPlaMCC-INIDEP,"Berghoff, C. : Lutz, V.",Argentina
08D820191117,Victor Angelescu,Ship,DiplaMCC-INIDEP,"Berghoff, C. : Negri, R. : Lutz, V.",Argentina
08D820191205,Victor Angelescu,Ship,DiPlaMCC-INIDEP,"Berghoff, C. : Epherra, L. : Lutz, V.",Argentina
08D820221204,Victor Angelescu,Ship,INIDEP,"Berghoff, C. : Arbilla, L.",Argentina
08D820230227,Victor Angelescu,Ship,INIDEP,"Berghoff, C. : Veccia, M.",Argentina
08D820230415,Victor Angelescu,Ship,INIDEP,"Berghoff, C. : Arbilla, L.",Argentina
08D820230521,Victor Angelescu,Ship,INIDEP,"Berghoff, C. : Arbilla, L.",Argentina
08D820240120,Victor Angelescu,Ship,INIDEP,"Berghoff, C. : Veccia, M. : Arbilla, L.",Argentina
08D820240318,Victor Angelescu,Ship,INIDEP,"Berghoff, C. : Arbilla, L.",Argentina
08D820240701,Victor Angelescu,Ship,INIDEP,"Berghoff, C. : Arbilla, L.",Argentina
08D820240815,Victor Angelescu,Ship,INIDEP,"Berghoff, C. : Arbilla, L. : Maenza RA",Argentina
08D820241020,Victor Angelescu,Ship,INIDEP,"Berghoff, C. : Arbilla, L. : Veccia, M.",Argentina
08PD20051019,Puerto Deseado,Ship,SHN Argentina,"Bianchi, A.",Argentina
08PD20060310,Puerto Deseado,Ship,SHN Argentina,"Bianchi, A.",Argentina
08PD20060907,Puerto Deseado,Ship,SHN Argentina,"Bianchi, A.",Argentina
096U20150321,Investigator,Ship,CSIRO,"Tilbrook, B. : Akl, J. : Neill, C.",Australia
096U20160108,Investigator,Ship,CSIRO,"Tilbrook, B. : Akl, J. : Neill, C.",Australia
096U20160314,Investigator,Ship,CSIRO,"Tilbrook, B.",Australia
096U20160426,Investigator,Ship,CSIRO,"Tilbrook, B.",Australia
096U20160630,Investigator,Ship,CSIRO,"Tilbrook, B. : Akl, J. : Neill, C.",Australia
096U20160817,Investigator,Ship,CSIRO,"Tilbrook, B. : Akl, J. : Neill, C.",Australia
096U20160825,Investigator,Ship,CSIRO,"Tilbrook, B. : Akl, J. : Neill, C.",Australia
096U20160831,Investigator,Ship,CSIRO,"Tilbrook, B. : Akl, J. : Neill, C.",Australia
096U20160927,Investigator,Ship,CSIRO,"Tilbrook, B. : Akl, J. : Neill, C.",Australia
096U20161028,Investigator,Ship,CSIRO,"Tilbrook, B. : Akl, J. : Neill, C.",Australia
096U20170114,Investigator,Ship,CSIRO,"Tilbrook, B.",Australia
096U20170319,Investigator,Ship,CSIRO,"Tilbrook, B.",Australia
096U20170411,Investigator,Ship,CSIRO,"Tilbrook, B.",Australia
096U20170504,Investigator,Ship,CSIRO,"Tilbrook, B.",Australia
096U20170515,Investigator,Ship,CSIRO,"Tilbrook, B.",Australia
096U20170831,Investigator,Ship,CSIRO,"Tilbrook, B.",Australia
096U20170924,Investigator,Ship,CSIRO,"Tilbrook, B.",Australia
096U20171011,Investigator,Ship,CSIRO,"Tilbrook, B.",Australia
096U20171125,Investigator,Ship,CSIRO,"Tilbrook, B.",Australia
096U20180111,Investigator,Ship,CSIRO,"Tilbrook, B.",Australia
096U20180302,Investigator,Ship,CSIRO,"Tilbrook, B.",Australia
096U20180405,Investigator,Ship,CSIRO,"Tilbrook, B.",Australia
096U20180418,Investigator,Ship,CSIRO,"Tilbrook, B.",Australia
096U20180514,Investigator,Ship,CSIRO,"Tilbrook, B.",Australia
096U20180528,Investigator,Ship,CSIRO,"Tilbrook, B.",Australia
096U20180820,Investigator,Ship,IMOS/CSIRO,"Tilbrook, B.",Australia
096U20180911,Investigator,Ship,IMOS/CSIRO,"Tilbrook, B.",Australia
096U20181017,Investigator,Ship,IMOS/CSIRO,"Tilbrook, B.",Australia
096U20181122,Investigator,Ship,IMOS/CSIRO,"Tilbrook, B.",Australia
096U20181227,Investigator,Ship,IMOS/CSIRO,"Tilbrook, B.",Australia
096U20190118,Investigator,Ship,IMOS/CSIRO,"Tilbrook, B.",Australia
096U20190314,Investigator,Ship,IMOS/CSIRO,"Tilbrook, B.",Australia
096U20190514,Investigator,Ship,IMOS/CSIRO,"Tilbrook, B.",Australia
096U20190730,Investigator,Ship,IMOS/CSIRO,"Tilbrook, B.",Australia
096U20190807,Investigator,Ship,IMOS/CSIRO,"Tilbrook, B.",Australia
096U20190909,Investigator,Ship,IMOS/CSIRO,"Tilbrook, B.",Australia
096U20191003,Investigator,Ship,IMOS/CSIRO,"Tilbrook, B.",Australia
096U20191019,Investigator,Ship,IMOS/CSIRO,"Tilbrook, B.",Australia
096U20191223,Investigator,Ship,IMOS/CSIRO,"Tilbrook, B.",Australia
096U20200110,Investigator,Ship,IMOS/CSIRO,"Tilbrook, B. : Akl, J. : Neill, C.",Australia
096U20200730,Investigator,Ship,IMOS/CSIRO,"Tilbrook, B. : Akl, J. : Neill, C.",Australia
096U20200827,Investigator,Ship,IMOS/CSIRO,"Tilbrook, B. : Akl, J. : Neill, C.",Australia
096U20201008,Investigator,Ship,IMOS/CSIRO,"Tilbrook, B. : Akl, J. : Neill, C.",Australia
096U20201113,Investigator,Ship,IMOS/CSIRO,"Tilbrook, B. : Akl, J. : Neill, C.",Australia
096U20201204,Investigator,Ship,IMOS/CSIRO,"Tilbrook, B. : Akl, J. : Neill, C.",Australia
096U20210129,Investigator,Ship,IMOS/CSIRO,"Tilbrook, B. : Akl, J. : Neill, C.",Australia
096U20210414,Investigator,Ship,IMOS/CSIRO,"Tilbrook, B. : Akl, J. : Neill, C.",Australia
096U20210508,Investigator,Ship,IMOS/CSIRO,"Tilbrook, B. : Akl, J. : Neill, C.",Australia
096U20210611,Investigator,Ship,IMOS/CSIRO,"Tilbrook, B. : Akl, J. : Neill, C.",Australia
096U20210630,Investigator,Ship,IMOS/CSIRO,"Tilbrook, B. : Akl, J. : Neill, C.",Australia
096U20211110,Investigator,Ship,IMOS/CSIRO,"Tilbrook, B. : Akl, J. : Neill, C.",Australia
096U20211119,Investigator,Ship,IMOS/CSIRO,"Tilbrook, B. : Akl, J. : Neill, C.",Australia
096U20211130,Investigator,Ship,IMOS/CSIRO,"Tilbrook, B. : Akl, J. : Neill, C.",Australia
096U20211214,Investigator,Ship,IMOS/CSIRO,"Tilbrook, B. : Akl, J. : Neill, C.",Australia
096U20220319,Investigator,Ship,IMOS/CSIRO,"Tilbrook, B. : Akl, J. : Neill, C.",Australia
096U20220504,Investigator,Ship,IMOS/CSIRO,"Tilbrook, B. : Akl, J. : Neill, C.",Australia
096U20220528,Investigator,Ship,IMOS/CSIRO,"Tilbrook, B. : Akl, J. : Neill, C.",Australia
096U20220714,Investigator,Ship,IMOS/CSIRO,"Tilbrook, B. : Akl, J. : Neill, C.",Australia
096U20220815,Investigator,Ship,IMOS/CSIRO,"Tilbrook, B. : Akl, J. : Neill, C.",Australia
096U20220910,Investigator,Ship,IMOS/CSIRO,"Tilbrook, B. : Akl, J. : Neill, C.",Australia
096U20220930,Investigator,Ship,IMOS/CSIRO,"Tilbrook, B. : Akl, J. : Neill, C.",Australia
096U20230125,Investigator,Ship,IMOS/CSIRO,"Tilbrook, B. : Akl, J. : Neill, C.",Australia
096U20230323,Investigator,Ship,IMOS/CSIRO,"Tilbrook, B. : Akl, J. : Neill, C.",Australia
096U20230511,Investigator,Ship,IMOS/CSIRO,"Tilbrook, B. : Akl, J. : Neill, C.",Australia
096U20230605,Investigator,Ship,IMOS/CSIRO,"Tilbrook, B. : Akl, J. : Neill, C.",Australia
096U20230629,Investigator,Ship,IMOS/CSIRO,"Tilbrook, B. : Akl, J. : Neill, C.",Australia
096U20230913,Investigator,Ship,IMOS/CSIRO,"Tilbrook, B. : Akl, J. : Neill, C.",Australia
096U20231009,Investigator,Ship,IMOS/CSIRO,"Tilbrook, B. : Akl, J. : Neill, C.",Australia
096U20231103,Investigator,Ship,IMOS/CSIRO,"Tilbrook, B. : Akl, J. : Neill, C.",Australia
096U20231115,Investigator,Ship,IMOS/CSIRO,"Tilbrook, B. : Akl, J. : Neill, C.",Australia
096U20240105,Investigator,Ship,IMOS/CSIRO,"Tilbrook, B. : Akl, J. : Neill, C.",Australia
096U20240309,Investigator,Ship,IMOS/CSIRO,"Tilbrook, B. : Akl, J. : Neill, C.",Australia
096U20240330,Investigator,Ship,IMOS/CSIRO,"Tilbrook, B. : Akl, J. : Neill, C.",Australia
09AR19910926,Aurora Australis,Ship,CSIRO,"Tilbrook, B.",Australia
09AR19921019,Aurora Australis,Ship,CSIRO,"Tilbrook, B.",Australia
09AR19930105,Aurora Australis,Ship,CSIRO,"Tilbrook, B.",Australia
09AR19930311,Aurora Australis,Ship,CSIRO,"Tilbrook, B.",Australia
09AR19930807,Aurora Australis,Ship,CSIRO,"Tilbrook, B.",Australia
09AR19931119,Aurora Australis,Ship,CSIRO,"Tilbrook, B.",Australia
09AR19940101,Aurora Australis,Ship,CSIRO,"Tilbrook, B.",Australia
09AR19940831,Aurora Australis,Ship,CSIRO,"Tilbrook, B.",Australia
09AR19941213,Aurora Australis,Ship,CSIRO,"Tilbrook, B.",Australia
09AR19950717,Aurora Australis,Ship,CSIRO,"Tilbrook, B.",Australia
09AR19950916,Aurora Australis,Ship,CSIRO,"Tilbrook, B.",Australia
09AR19960119,Aurora Australis,Ship,CSIRO,"Tilbrook, B.",Australia
09AR19960822,Aurora Australis,Ship,CSIRO,"Tilbrook, B.",Australia
09AR19970910,Aurora Australis,Ship,CSIRO,"Tilbrook, B.",Australia
09AR19971114,Aurora Australis,Ship,CSIRO,"Tilbrook, B.",Australia
09AR19980228,Aurora Australis,Ship,CSIRO,"Tilbrook, B.",Australia
09AR19980404,Aurora Australis,Ship,CSIRO,"Tilbrook, B.",Australia
09AR19980715,Aurora Australis,Ship,CSIRO,"Tilbrook, B.",Australia
09AR19990716,Aurora Australis,Ship,CSIRO,"Tilbrook, B.",Australia
09AR20011031,Aurora Australis,Ship,CSIRO,"Tilbrook, B.",Australia
09AR20060102,Aurora Australis,Ship,CSIRO,"Tilbrook, B.",Australia
09AR20110104,Aurora Australis,Ship,CSIRO,"Tilbrook, B.",Australia
09AR20110222,Aurora Australis,Ship,CSIRO,"Tilbrook, B.",Australia
09AR20120105,Aurora Australis,Ship,CSIRO,"Tilbrook, B.",Australia
09AR20120215,Aurora Australis,Ship,CSIRO,"Tilbrook, B.",Australia
09AR20120416,Aurora Australis,Ship,CSIRO,"Tilbrook, B.",Australia
09AR20120914,Aurora Australis,Ship,CSIRO,"Tilbrook, B.",Australia
09AR20121116,Aurora Australis,Ship,CSIRO,"Tilbrook, B.",Australia
09AR20121217,Aurora Australis,Ship,CSIRO,"Tilbrook, B.",Australia
09AR20130113,Aurora Australis,Ship,CSIRO,"Tilbrook, B.",Australia
09AR20130228,Aurora Australis,Ship,CSIRO,"Tilbrook, B.",Australia
09AR20131015,Aurora Australis,Ship,CSIRO,"Tilbrook, B.",Australia
09AR20140129,Aurora Australis,Ship,CSIRO,"Tilbrook, B.",Australia
09AR20140309,Aurora Australis,Ship,CSIRO,"Tilbrook, B.",Australia
09AR20141022,Aurora Australis,Ship,CSIRO,"Tilbrook, B.",Australia
09AR20141205,Aurora Australis,Ship,CSIRO,"Tilbrook, B.",Australia
09AR20150128,Aurora Australis,Ship,CSIRO,"Tilbrook, B.",Australia
09AR20151022,Aurora Australis,Ship,CSIRO,"Tilbrook, B.",Australia
09AR20151028,Aurora Australis,Ship,CSIRO,"Tilbrook, B.",Australia
09AR20151201,Aurora Australis,Ship,CSIRO,"Tilbrook, B.",Australia
09AR20151209,Aurora Australis,Ship,CSIRO,"Tilbrook, B.",Australia
09AR20160111,Aurora Australis,Ship,CSIRO,"Tilbrook, B.",Australia
09AR20161021,Aurora Australis,Ship,CSIRO,"Tilbrook, B.",Australia
09AR20161026,Aurora Australis,Ship,CSIRO,"Tilbrook, B.",Australia
09AR20161208,Aurora Australis,Ship,CSIRO,"Tilbrook, B.",Australia
09AR20170125,Aurora Australis,Ship,CSIRO,"Tilbrook, B.",Australia
09AR20170314,Aurora Australis,Ship,CSIRO,"Tilbrook, B.",Australia
09AR20171029,Aurora Australis,Ship,CSIRO,"Tilbrook, B.",Australia
09AR20171213,Aurora Australis,Ship,CSIRO,"Tilbrook, B.",Australia
09AR20180115,Aurora Australis,Ship,CSIRO,"Tilbrook, B.",Australia
09AR20180308,Aurora Australis,Ship,CSIRO,"Tilbrook, B.",Australia
09AR20181025,Aurora Australis,Ship,IMOS/CSIRO,"Tilbrook, B.",Australia
09AR20181206,Aurora Australis,Ship,IMOS/CSIRO,"Tilbrook, B.",Australia
09AR20190305,Aurora Australis,Ship,IMOS/CSIRO,"Tilbrook, B.",Australia
09AR20191025,Aurora Australis,Ship,IMOS/CSIRO,"Tilbrook, B.",Australia
09AR20191201,Aurora Australis,Ship,IMOS/CSIRO,"Tilbrook, B.",Australia
09AR20191222,Aurora Australis,Ship,IMOS/CSIRO,"Tilbrook, B.",Australia
09AR20200121,Aurora Australis,Ship,IMOS/CSIRO,"Tilbrook, B. : Akl, J. : Neill, C.",Australia
09AR20200310,Aurora Australis,Ship,IMOS/CSIRO,"Tilbrook, B. : Akl, J. : Neill, C.",Australia
09DB20180327,Saildrone SD1007,Drifting Buoy,CSIRO,"Tilbrook, B. : Passmore, A. : vanOoijen, E. : Ross, A.",Australia
09DB20180328,Saildrone SD1008,Drifting Buoy,CSIRO,"Tilbrook, B. : Passmore, A. : vanOoijen, E. : Ross, A.",Australia
09DB20190814,Saildrone SD1008,Drifting Buoy,CSIRO,"Tilbrook, B. : Passmore, A. : vanOoijen, E. : Ross, A.",Australia
09F920180926,Maria Island,Ship,CSIRO,"Tilbrook, B. : vanOoijen, E. : Passmore, A.",Australia
09F920190419,Maria Island,Ship,CSIRO,"Tilbrook, B. : vanOoijen, E. : Passmore, A.",Australia
09F920191002,Maria Island,Ship,CSIRO,"Tilbrook, B. : vanOoijen, E. : Passmore, A.",Australia
09F920191214,Maria Island,Ship,CSIRO,"Tilbrook, B. : vanOoijen, E. : Passmore, A.",Australia
09F920200522,Maria Island,Ship,CSIRO,"Tilbrook, B. : vanOoijen, E. : Passmore, A.",Australia
09F920201118,Maria Island,Ship,CSIRO,"Tilbrook, B.",Australia
09F920210523,Maria Island,Ship,CSIRO,"Tilbrook, B.",Australia
09F920211101,Maria Island,Ship,CSIRO,"Tilbrook, B.",Australia
09F920220524,Maria Island,Ship,CSIRO,"Tilbrook, B.",Australia
09F920221201,Maria Island,Ship,CSIRO,"Tilbrook, B. : van Ooijen E.",Australia
09F920230518,Maria Island,Mooring,IMOS/CSIRO,"Tilbrook, B.",Australia
09F920231105,Maria Island,Mooring,IMOS/CSIRO,"Tilbrook, B.",Australia
09FA19920618,Franklin,Ship,CSIRO,"Tilbrook, B.",Australia
09FA19920625,Franklin,Ship,CSIRO,"Tilbrook, B.",Australia
09FA20000927,Franklin,Ship,CSIRO,"Tilbrook, B.",Australia
09FS20091009,Heron Island,Mooring,CSIRO : NOAA PMEL,"Tilbrook, B. : van Ooijen, E. : Neill, C. : Sutton, A. : Sabine, C.",Australia
09FS20100421,Heron Island,Mooring,CSIRO : NOAA PMEL,"Tilbrook, B. : Neill, C. : van Ooijen, E. : Sutton, A. : Sabine, C.",Australia
09FS20100908,Heron Island,Mooring,CSIRO : NOAA PMEL,"Tilbrook, B. : van Ooijen, E. : Neill, C. : Sutton, A. : Sabine, C.",Australia
09FS20110311,Heron Island,Mooring,CSIRO : NOAA PMEL,"Tilbrook, B. : van Ooijen, E. : Neill, C. : Sutton, A. : Sabine, C.",Australia
09FS20110420,Maria Island,Mooring,CSIRO,"Tilbrook, B. : van Ooijen, E. : Neill, C.",Australia
09FS20110826,Heron Island,Mooring,CSIRO : NOAA PMEL,"Tilbrook, B. : van Ooijen, E. : Neill, C. : Sutton, A. : Sabine, C.",Australia
09FS20111018,Maria Island,Mooring,CSIRO,"Tilbrook, B. : van Ooijen, E. : Neill, C.",Australia
09FS20120208,Kangaroo Island,Mooring,CSIRO,"Tilbrook, B. : van Ooijen, E. : Neill, C.",Australia
09FS20120417,Maria Island,Mooring,CSIRO,"Tilbrook, B. : van Ooijen, E. : Neill, C.",Australia
09FS20160805,Maria Island,Mooring,CSIRO,"Tilbrook, B.",Australia
09FS20160817,Kangaroo Island,Mooring,CSIRO,"Tilbrook, B.",Australia
09FS20160912,Heron Island,Mooring,CSIRO,"Tilbrook, B.",Australia
09FS20161129,Kangaroo Island,Mooring,CSIRO,"Tilbrook, B.",Australia
09FS20170207,Maria Island,Mooring,CSIRO,"Tilbrook, B.",Australia
09FS20170306,Heron Island,Mooring,CSIRO,"Tilbrook, B.",Australia
09FS20170520,Kangaroo Island,Mooring,CSIRO,"Tilbrook, B.",Australia
09FS20170907,Heron Island,Mooring,CSIRO,"Tilbrook, B.",Australia
09FS20170912,Maria Island,Mooring,CSIRO,"Tilbrook, B.",Australia
09FS20171206,Kangaroo Island,Mooring,CSIRO,"Tilbrook, B.",Australia
09FS20180215,Heron Island,Mooring,CSIRO,"Tilbrook, B.",Australia
09FS20180419,Maria Island,Mooring,CSIRO,"Tilbrook, B.",Australia
09FS20180524,Kangaroo Island,Mooring,CSIRO,"Tilbrook, B.",Australia
09FS20181119,Kangaroo Island,Mooring,CSIRO,"Tilbrook, B. : vanOoijen, E. : Passmore, A.",Australia
09FS20190506,Kangaroo Island,Mooring,CSIRO,"Tilbrook, B. : vanOoijen, E. : Passmore, A.",Australia
09FS20191118,Kangaroo Island,Mooring,CSIRO,"Tilbrook, B. : vanOoijen, E. : Passmore, A.",Australia
09FS20201114,Mooring,Mooring,CSIRO,"Tilbrook, B.",Australia
09FS20210601,Mooring,Mooring,CSIRO,"Tilbrook, B.",Australia
09FS20211117,Mooring,Mooring,CSIRO,"Tilbrook, B.",Australia
09FS20220509,Kangaroo Island,Mooring,CSIRO,"Tilbrook, B.",Australia
09FS20230219,Kangaroo Island,Mooring,IMOS/CSIRO,"Tilbrook, B.",Australia
09FS20231018,Kangaroo Island,Mooring,IMOS/CSIRO,"Tilbrook, B.",Australia
09R920180907,Heron Island,Mooring,CSIRO,"Tilbrook, B.",Australia
09R920190314,Heron Island,Mooring,CSIRO,"Tilbrook, B.",Australia
09R920190904,Heron Island,Mooring,CSIRO,"Tilbrook, B.",Australia
09R920200306,Heron Island,Ship,CSIRO,"Tilbrook, B. : vanOoijen, E. : Passmore, A.",Australia
09R920201031,Heron Island,Ship,CSIRO,"Tilbrook, B. : vanOoijen, E. : Passmore, A.",Australia
09R920210327,Heron Island,Ship,CSIRO,"Tilbrook, B.",Australia
09R920210921,Heron Island,Ship,CSIRO,"Tilbrook, B.",Australia
09R920220516,Heron Island,Ship,CSIRO,"Tilbrook, B.",Australia
09R920221102,Heron Island,Ship,CSIRO,"Tilbrook, B.",Australia
09R920230501,Heron Island,Mooring,IMOS/CSIRO,"Tilbrook, B.",Australia
09R920231011,Heron Island,Mooring,IMOS/CSIRO,"Tilbrook, B.",Australia
09SS19951116,Southern Surveyor,Ship,CSIRO,"Tilbrook, B.",Australia
09SS19990205,Southern Surveyor,Ship,CSIRO,"Tilbrook, B.",Australia
09SS20080111,Southern Surveyor,Ship,CSIRO,"Tilbrook, B.",Australia
09SS20080204,Southern Surveyor,Ship,CSIRO,"Tilbrook, B.",Australia
09SS20080228,Southern Surveyor,Ship,CSIRO,"Tilbrook, B.",Australia
09SS20080321,Southern Surveyor,Ship,CSIRO,"Tilbrook, B.",Australia
09SS20080405,Southern Surveyor,Ship,CSIRO,"Tilbrook, B.",Australia
09SS20080410,Southern Surveyor,Ship,CSIRO,"Tilbrook, B.",Australia
09SS20080416,Southern Surveyor,Ship,CSIRO,"Tilbrook, B.",Australia
09SS20080430,Southern Surveyor,Ship,CSIRO,"Tilbrook, B.",Australia
09SS20080608,Southern Surveyor,Ship,CSIRO,"Tilbrook, B.",Australia
09SS20080724,Southern Surveyor,Ship,CSIRO,"Tilbrook, B.",Australia
09SS20080812,Southern Surveyor,Ship,CSIRO,"Tilbrook, B.",Australia
09SS20081010,Southern Surveyor,Ship,CSIRO,"Tilbrook, B.",Australia
09SS20090128,Southern Surveyor,Ship,CSIRO,"Tilbrook, B.",Australia
09SS20090203,Southern Surveyor,Ship,CSIRO,"Tilbrook, B.",Australia
09SS20090422,Southern Surveyor,Ship,CSIRO,"Tilbrook, B.",Australia
09SS20090604,Southern Surveyor,Ship,CSIRO,"Tilbrook, B.",Australia
09SS20090703,Southern Surveyor,Ship,CSIRO,"Tilbrook, B.",Australia
09SS20090729,Southern Surveyor,Ship,CSIRO,"Tilbrook, B.",Australia
09SS20090922,Southern Surveyor,Ship,CSIRO,"Tilbrook, B.",Australia
09SS20091010,Southern Surveyor,Ship,CSIRO,"Tilbrook, B.",Australia
09SS20091016,Southern Surveyor,Ship,CSIRO,"Tilbrook, B.",Australia
09SS20100128,Southern Surveyor,Ship,CSIRO,"Tilbrook, B.",Australia
09SS20100315,Southern Surveyor,Ship,CSIRO,"Tilbrook, B.",Australia
09SS20100329,Southern Surveyor,Ship,CSIRO,"Tilbrook, B.",Australia
09SS20100414,Southern Surveyor,Ship,CSIRO,"Tilbrook, B.",Australia
09SS20100508,Southern Surveyor,Ship,CSIRO,"Tilbrook, B.",Australia
09SS20100706,Southern Surveyor,Ship,CSIRO,"Tilbrook, B.",Australia
09SS20100729,Southern Surveyor,Ship,CSIRO,"Tilbrook, B.",Australia
09SS20100810,Southern Surveyor,Ship,CSIRO,"Tilbrook, B.",Australia
09SS20100906,Southern Surveyor,Ship,CSIRO,"Tilbrook, B.",Australia
09SS20100922,Southern Surveyor,Ship,CSIRO,"Tilbrook, B.",Australia
09SS20101015,Southern Surveyor,Ship,CSIRO,"Tilbrook, B.",Australia
09SS20110405,Southern Surveyor,Ship,CSIRO,"Tilbrook, B.",Australia
09SS20110416,Southern Surveyor,Ship,CSIRO,"Tilbrook, B.",Australia
09SS20110505,Southern Surveyor,Ship,CSIRO,"Tilbrook, B.",Australia
09SS20110513,Southern Surveyor,Ship,CSIRO,"Tilbrook, B.",Australia
09SS20110606,Southern Surveyor,Ship,CSIRO,"Tilbrook, B.",Australia
09SS20110801,Southern Surveyor,Ship,CSIRO,"Tilbrook, B.",Australia
09SS20110812,Southern Surveyor,Ship,CSIRO,"Tilbrook, B.",Australia
09SS20110825,Southern Surveyor,Ship,CSIRO,"Tilbrook, B.",Australia
09SS20111110,Southern Surveyor,Ship,CSIRO,"Tilbrook, B.",Australia
09SS20111122,Southern Surveyor,Ship,CSIRO,"Tilbrook, B.",Australia
09SS20120411,Southern Surveyor,Ship,CSIRO,"Tilbrook, B.",Australia
09SS20120420,Southern Surveyor,Ship,CSIRO,"Tilbrook, B.",Australia
09SS20120502,Southern Surveyor,Ship,CSIRO,"Tilbrook, B.",Australia
09SS20120512,Southern Surveyor,Ship,CSIRO,"Tilbrook, B.",Australia
09SS20120607,Southern Surveyor,Ship,CSIRO,"Tilbrook, B.",Australia
09SS20120711,Southern Surveyor,Ship,CSIRO,"Tilbrook, B.",Australia
119920180214,Thornton Buoy,Mooring,Flanders Marine Inst,"Gkritzalis, T. : Theetart, H. : Cattrijsse, A.",Belgium
119920220401,Thornton Buoy,Mooring,Flanders Marine Inst,"Gkritzalis, T : Theetaert, H : T Jampens, M",Belgium
119920220701,Thornton Buoy,Mooring,Flanders Marine Inst,"Gkritzalis, T : Theetaert, H : T Jampens, M",Belgium
119920221001,Thornton Buoy,Mooring,Flanders Marine Inst,"Gkritzalis, T : Theetaert, H : T Jampens, M",Belgium
119920230501,Thornton Buoy,Mooring,Flanders Marine Inst,"Gkritzalis, T : Theetaert, H : T Jampens, M",Belgium
119920230701,Thornton Buoy,Mooring,Flanders Marine Inst,"Gkritzalis, T : Theetaert, H : T Jampens, M",Belgium
119920230901,Thornton Buoy,Mooring,Flanders Marine Inst,"Gkritzalis, T : Theetaert, H : T Jampens, M",Belgium
119920240601,Thornton Buoy,Mooring,Flanders Marine Inst,"Gkritzalis, T : Theetaert, H : T Jampens, M",Belgium
119920240902,Thornton Buoy,Mooring,Flanders Marine Inst,"Gkritzalis, T : Theetaert, H : T Jampens, M",Belgium
119920241202,Thornton Buoy,Mooring,Flanders Marine Inst,"Gkritzalis, T : Theetaert, H : T Jampens, M",Belgium
11BE19930419,Belgica,Ship,OMEX,"Frankignoulle, M.",Belgium
11BE19930921,Belgica,Ship,OMEX,"Frankignoulle, M.",Belgium
11BE19931003,Belgica,Ship,OMEX,"Frankignoulle, M.",Belgium
11BE19940411,Belgica,Ship,OMEX,"Frankignoulle, M.",Belgium
11BE19940413,Belgica,Ship,Univ Liege,"Borges, A.",Belgium
11BE19950303,Belgica,Ship,Univ Liege,"Borges, A.",Belgium
11BE19950912,Belgica,Ship,Univ Liege,"Borges, A.",Belgium
11BE19970513,Belgica,Ship,Univ Liege,"Borges, A.",Belgium
11BE19970527,Belgica,Ship,Univ Liege,"Borges, A.",Belgium
11BE19970609,Belgica,Ship,Univ Liege,"Borges, A.",Belgium
11BE19970618,Belgica,Ship,Univ Liege,"Borges, A.",Belgium
11BE19970621,Belgica,Ship,Univ Liege,"Borges, A.",Belgium
11BE19970702,Belgica,Ship,Univ Liege,"Borges, A.",Belgium
11BE19980614,Belgica,Ship,Univ Liege,"Borges, A.",Belgium
11BE19980625,Belgica,Ship,Univ Liege,"Borges, A.",Belgium
11BE19980627,Belgica,Ship,Univ Liege,"Borges, A.",Belgium
11BE19980710,Belgica,Ship,Univ Liege,"Borges, A.",Belgium
11BE19990830,Belgica,Ship,Univ Liege,"Borges, A.",Belgium
11BE19990904,Belgica,Ship,Univ Liege,"Borges, A.",Belgium
11BE19990914,Belgica,Ship,Univ Liege,"Borges, A.",Belgium
11BE19990918,Belgica,Ship,Univ Liege,"Borges, A.",Belgium
11BE20010502,Belgica,Ship,Univ Liege,"Borges, A.",Belgium
11BE20010514,Belgica,Ship,Univ Liege,"Borges, A.",Belgium
11BE20010522,Belgica,Ship,Univ Liege,"Borges, A.",Belgium
11BE20020422,Belgica,Ship,Univ Liege,"Borges, A.",Belgium
11BE20020511,Belgica,Ship,Univ Liege,"Borges, A.",Belgium
11BE20020528,Belgica,Ship,Univ Liege,"Borges, A.",Belgium
11BE20021104,Belgica,Ship,OMEX,"Frankignoulle, M.",Belgium
11BE20030331,Belgica,Ship,OMEX,"Frankignoulle, M.",Belgium
11BE20030901,Belgica,Ship,Univ Liege,"Borges, A.",Belgium
11BE20031027,Belgica,Ship,Univ Liege,"Borges, A.",Belgium
11BE20031208,Belgica,Ship,Univ Liege,"Borges, A.",Belgium
11BE20040223,Belgica,Ship,Univ Liege,"Borges, A.",Belgium
11BE20040329,Belgica,Ship,Univ Liege,"Borges, A.",Belgium
11BE20040524,Belgica,Ship,Univ Liege,"Borges, A.",Belgium
11BE20040601,Belgica,Ship,Univ Liege,"Borges, A.",Belgium
11BE20041004,Belgica,Ship,Univ Liege,"Borges, A.",Belgium
11BE20060425,Belgica,Ship,Univ Liege,"Borges, A.",Belgium
11BE20060529,Belgica,Ship,Univ Liege,"Borges, A.",Belgium
11BE20070507,Belgica,Ship,Univ Liege,"Borges, A.",Belgium
11BG20230606,RV Belgica,Ship,Flanders Marine Inst,"Theetaert, H.",Belgium
11BU20231005,RV Belgica,Ship,Flanders Marine Inst,"Gkritzalis, T.",Belgium
11BU20231120,RV Belgica,Ship,Flanders Marine Inst,"Leseurre, C.",Belgium
11SS20130918,Simon Stevin,Ship,Flanders Marine Inst,"Gkritzalis, T.",Belgium
11SS20130919,Simon Stevin,Ship,Flanders Marine Inst,"Gkritzalis, T.",Belgium
11SS20130923,Simon Stevin,Ship,Flanders Marine Inst,"Gkritzalis, T.",Belgium
11SS20130926,Simon Stevin,Ship,Flanders Marine Inst,"Gkritzalis, T.",Belgium
11SS20131014,Simon Stevin,Ship,Flanders Marine Inst,"Gkritzalis, T.",Belgium
11SS20131015,Simon Stevin,Ship,Flanders Marine Inst,"Gkritzalis, T.",Belgium
11SS20131030,Simon Stevin,Ship,Flanders Marine Inst,"Gkritzalis, T.",Belgium
11SS20131105,Simon Stevin,Ship,Flanders Marine Inst,"Gkritzalis, T.",Belgium
11SS20131108,Simon Stevin,Ship,Flanders Marine Inst,"Gkritzalis, T.",Belgium
11SS20131125,Simon Stevin,Ship,Flanders Marine Inst,"Gkritzalis, T.",Belgium
11SS20140122,Simon Stevin,Ship,Flanders Marine Inst,"Gkritzalis, T.",Belgium
11SS20140225,Simon Stevin,Ship,Flanders Marine Inst,"Gkritzalis, T.",Belgium
11SS20140226,Simon Stevin,Ship,Flanders Marine Inst,"Gkritzalis, T.",Belgium
11SS20140303,Simon Stevin,Ship,Flanders Marine Inst,"Gkritzalis, T.",Belgium
11SS20140305,Simon Stevin,Ship,Flanders Marine Inst,"Gkritzalis, T.",Belgium
11SS20140306,Simon Stevin,Ship,Flanders Marine Inst,"Gkritzalis, T.",Belgium
11SS20140320,Simon Stevin,Ship,Flanders Marine Inst,"Gkritzalis, T.",Belgium
11SS20140321,Simon Stevin,Ship,Flanders Marine Inst,"Gkritzalis, T.",Belgium
11SS20140324,Simon Stevin,Ship,Flanders Marine Inst,"Gkritzalis, T.",Belgium
11SS20140325,Simon Stevin,Ship,Flanders Marine Inst,"Gkritzalis, T.",Belgium
11SS20140327,Simon Stevin,Ship,Flanders Marine Inst,"Gkritzalis, T.",Belgium
11SS20140331,Simon Stevin,Ship,Flanders Marine Inst,"Gkritzalis, T.",Belgium
11SS20140401,Simon Stevin,Ship,Flanders Marine Inst,"Gkritzalis, T.",Belgium
11SS20140402,Simon Stevin,Ship,Flanders Marine Inst,"Gkritzalis, T.",Belgium
11SS20140820,Simon Stevin,Ship,Flanders Marine Inst,"Gkritzalis, T.",Belgium
11SS20140821,Simon Stevin,Ship,Flanders Marine Inst,"Gkritzalis, T.",Belgium
11SS20140822,Simon Stevin,Ship,Flanders Marine Inst,"Gkritzalis, T.",Belgium
11SS20140825,Simon Stevin,Ship,Flanders Marine Inst,"Gkritzalis, T.",Belgium
11SS20140826,Simon Stevin,Ship,Flanders Marine Inst,"Gkritzalis, T.",Belgium
11SS20140827,Simon Stevin,Ship,Flanders Marine Inst,"Gkritzalis, T.",Belgium
11SS20140828,Simon Stevin,Ship,Flanders Marine Inst,"Gkritzalis, T.",Belgium
11SS20140829,Simon Stevin,Ship,Flanders Marine Inst,"Gkritzalis, T.",Belgium
11SS20140901,Simon Stevin,Ship,Flanders Marine Inst,"Gkritzalis, T.",Belgium
11SS20140903,Simon Stevin,Ship,Flanders Marine Inst,"Gkritzalis, T.",Belgium
11SS20140904,Simon Stevin,Ship,Flanders Marine Inst,"Gkritzalis, T.",Belgium
11SS20140905,Simon Stevin,Ship,Flanders Marine Inst,"Gkritzalis, T.",Belgium
11SS20140908,Simon Stevin,Ship,Flanders Marine Inst,"Gkritzalis, T.",Belgium
11SS20140909,Simon Stevin,Ship,Flanders Marine Inst,"Gkritzalis, T.",Belgium
11SS20140911,Simon Stevin,Ship,Flanders Marine Inst,"Gkritzalis, T.",Belgium
11SS20140915,Simon Stevin,Ship,Flanders Marine Inst,"Gkritzalis, T.",Belgium
11SS20140916,Simon Stevin,Ship,Flanders Marine Inst,"Gkritzalis, T.",Belgium
11SS20140917,Simon Stevin,Ship,Flanders Marine Inst,"Gkritzalis, T.",Belgium
11SS20140918,Simon Stevin,Ship,Flanders Marine Inst,"Gkritzalis, T.",Belgium
11SS20140919,Simon Stevin,Ship,Flanders Marine Inst,"Gkritzalis, T.",Belgium
11SS20140922,Simon Stevin,Ship,Flanders Marine Inst,"Gkritzalis, T.",Belgium
11SS20140923,Simon Stevin,Ship,Flanders Marine Inst,"Gkritzalis, T.",Belgium
11SS20140923-2,Simon Stevin,Ship,Flanders Marine Inst,"Gkritzalis, T.",Belgium
11SS20140924,Simon Stevin,Ship,Flanders Marine Inst,"Gkritzalis, T.",Belgium
11SS20140926,Simon Stevin,Ship,Flanders Marine Inst,"Gkritzalis, T.",Belgium
11SS20141001,Simon Stevin,Ship,Flanders Marine Inst,"Gkritzalis, T.",Belgium
11SS20141017,Simon Stevin,Ship,Flanders Marine Inst,"Gkritzalis, T.",Belgium
11SS20141020,Simon Stevin,Ship,Flanders Marine Inst,"Gkritzalis, T.",Belgium
11SS20141022,Simon Stevin,Ship,Flanders Marine Inst,"Gkritzalis, T.",Belgium
11SS20141024,Simon Stevin,Ship,Flanders Marine Inst,"Gkritzalis, T.",Belgium
11SS20141027,Simon Stevin,Ship,Flanders Marine Inst,"Gkritzalis, T.",Belgium
11SS20141028,Simon Stevin,Ship,Flanders Marine Inst,"Gkritzalis, T.",Belgium
11SS20141029,Simon Stevin,Ship,Flanders Marine Inst,"Gkritzalis, T.",Belgium
11SS20141030,Simon Stevin,Ship,Flanders Marine Inst,"Gkritzalis, T.",Belgium
11SS20141031,Simon Stevin,Ship,Flanders Marine Inst,"Gkritzalis, T.",Belgium
11SS20141104,Simon Stevin,Ship,Flanders Marine Inst,"Gkritzalis, T.",Belgium
11SS20141105,Simon Stevin,Ship,Flanders Marine Inst,"Gkritzalis, T.",Belgium
11SS20141107,Simon Stevin,Ship,Flanders Marine Inst,"Gkritzalis, T.",Belgium
11SS20141112,Simon Stevin,Ship,Flanders Marine Inst,"Gkritzalis, T.",Belgium
11SS20141113,Simon Stevin,Ship,Flanders Marine Inst,"Gkritzalis, T.",Belgium
11SS20141114,Simon Stevin,Ship,Flanders Marine Inst,"Gkritzalis, T.",Belgium
11SS20141117,Simon Stevin,Ship,Flanders Marine Inst,"Gkritzalis, T.",Belgium
11SS20141118,Simon Stevin,Ship,Flanders Marine Inst,"Gkritzalis, T.",Belgium
11SS20141119,Simon Stevin,Ship,Flanders Marine Inst,"Gkritzalis, T.",Belgium
11SS20141121,Simon Stevin,Ship,Flanders Marine Inst,"Gkritzalis, T.",Belgium
11SS20141124,Simon Stevin,Ship,Flanders Marine Inst,"Gkritzalis, T.",Belgium
11SS20141125,Simon Stevin,Ship,Flanders Marine Inst,"Gkritzalis, T.",Belgium
11SS20141126,Simon Stevin,Ship,Flanders Marine Inst,"Gkritzalis, T.",Belgium
11SS20141127,Simon Stevin,Ship,Flanders Marine Inst,"Gkritzalis, T.",Belgium
11SS20141128,Simon Stevin,Ship,Flanders Marine Inst,"Gkritzalis, T.",Belgium
11SS20141202,Simon Stevin,Ship,Flanders Marine Inst,"Gkritzalis, T.",Belgium
11SS20141204,Simon Stevin,Ship,Flanders Marine Inst,"Gkritzalis, T.",Belgium
11SS20150601,Simon Stevin,Ship,Flanders Marine Inst,"Gkritzalis, T.",Belgium
11SS20150604,Simon Stevin,Ship,Flanders Marine Inst,"Gkritzalis, T.",Belgium
11SS20150608,Simon Stevin,Ship,Flanders Marine Inst,"Gkritzalis, T.",Belgium
11SS20150623,Simon Stevin,Ship,Flanders Marine Inst,"Gkritzalis, T.",Belgium
11SS20150624,Simon Stevin,Ship,Flanders Marine Inst,"Gkritzalis, T.",Belgium
11SS20150625,Simon Stevin,Ship,Flanders Marine Inst,"Gkritzalis, T.",Belgium
11SS20150630,Simon Stevin,Ship,Flanders Marine Inst,"Gkritzalis, T.",Belgium
11SS20150702,Simon Stevin,Ship,Flanders Marine Inst,"Gkritzalis, T.",Belgium
11SS20150706,Simon Stevin,Ship,Flanders Marine Inst,"Gkritzalis, T.",Belgium
11SS20150710,Simon Stevin,Ship,Flanders Marine Inst,"Gkritzalis, T.",Belgium
11SS20150713,Simon Stevin,Ship,Flanders Marine Inst,"Gkritzalis, T.",Belgium
11SS20150714,Simon Stevin,Ship,Flanders Marine Inst,"Gkritzalis, T.",Belgium
11SS20150715,Simon Stevin,Ship,Flanders Marine Inst,"Gkritzalis, T.",Belgium
11SS20150716,Simon Stevin,Ship,Flanders Marine Inst,"Gkritzalis, T.",Belgium
11SS20150722,Simon Stevin,Ship,Flanders Marine Inst,"Gkritzalis, T.",Belgium
11SS20150723,Simon Stevin,Ship,Flanders Marine Inst,"Gkritzalis, T.",Belgium
11SS20150724,Simon Stevin,Ship,Flanders Marine Inst,"Gkritzalis, T.",Belgium
11SS20150731,Simon Stevin,Ship,Flanders Marine Inst,"Gkritzalis, T.",Belgium
11SS20150803,Simon Stevin,Ship,Flanders Marine Inst,"Gkritzalis, T.",Belgium
11SS20150804,Simon Stevin,Ship,Flanders Marine Inst,"Gkritzalis, T.",Belgium
11SS20150807,Simon Stevin,Ship,Flanders Marine Inst,"Gkritzalis, T.",Belgium
11SS20150810,Simon Stevin,Ship,Flanders Marine Inst,"Gkritzalis, T.",Belgium
11SS20150812,Simon Stevin,Ship,Flanders Marine Inst,"Gkritzalis, T.",Belgium
11SS20150817,Simon Stevin,Ship,Flanders Marine Inst,"Gkritzalis, T.",Belgium
11SS20150818,Simon Stevin,Ship,Flanders Marine Inst,"Gkritzalis, T.",Belgium
11SS20150819,Simon Stevin,Ship,Flanders Marine Inst,"Gkritzalis, T.",Belgium
11SS20150821,Simon Stevin,Ship,Flanders Marine Inst,"Gkritzalis, T.",Belgium
11SS20150824,Simon Stevin,Ship,Flanders Marine Inst,"Gkritzalis, T.",Belgium
11SS20150827,Simon Stevin,Ship,Flanders Marine Inst,"Gkritzalis, T.",Belgium
11SS20150828,Simon Stevin,Ship,Flanders Marine Inst,"Gkritzalis, T.",Belgium
11SS20150902,Simon Stevin,Ship,Flanders Marine Inst,"Gkritzalis, T.",Belgium
11SS20150903,Simon Stevin,Ship,Flanders Marine Inst,"Gkritzalis, T.",Belgium
11SS20150904,Simon Stevin,Ship,Flanders Marine Inst,"Gkritzalis, T.",Belgium
11SS20150908,Simon Stevin,Ship,Flanders Marine Inst,"Gkritzalis, T.",Belgium
11SS20150909,Simon Stevin,Ship,Flanders Marine Inst,"Gkritzalis, T.",Belgium
11SS20150910,Simon Stevin,Ship,Flanders Marine Inst,"Gkritzalis, T.",Belgium
11SS20150911,Simon Stevin,Ship,Flanders Marine Inst,"Gkritzalis, T.",Belgium
11SS20150915,Simon Stevin,Ship,Flanders Marine Inst,"Gkritzalis, T.",Belgium
11SS20150916,Simon Stevin,Ship,Flanders Marine Inst,"Gkritzalis, T.",Belgium
11SS20150921,Simon Stevin,Ship,Flanders Marine Inst,"Gkritzalis, T.",Belgium
11SS20150925,Simon Stevin,Ship,Flanders Marine Inst,"Gkritzalis, T.",Belgium
11SS20150928,Simon Stevin,Ship,Flanders Marine Inst,"Gkritzalis, T.",Belgium
11SS20150929,Simon Stevin,Ship,Flanders Marine Inst,"Gkritzalis, T.",Belgium
11SS20150930,Simon Stevin,Ship,Flanders Marine Inst,"Gkritzalis, T.",Belgium
11SS20151005,Simon Stevin,Ship,Flanders Marine Inst,"Gkritzalis, T.",Belgium
11SS20151006,Simon Stevin,Ship,Flanders Marine Inst,"Gkritzalis, T.",Belgium
11SS20151007,Simon Stevin,Ship,Flanders Marine Inst,"Gkritzalis, T.",Belgium
11SS20151008,Simon Stevin,Ship,Flanders Marine Inst,"Gkritzalis, T.",Belgium
11SS20151010,Simon Stevin,Ship,Flanders Marine Inst,"Gkritzalis, T.",Belgium
11SS20151011,Simon Stevin,Ship,Flanders Marine Inst,"Gkritzalis, T.",Belgium
11SS20151020,Simon Stevin,Ship,Flanders Marine Inst,"Gkritzalis, T.",Belgium
11SS20151021,Simon Stevin,Ship,Flanders Marine Inst,"Gkritzalis, T.",Belgium
11SS20151101,Simon Stevin,Ship,Flanders Marine Inst,"Gkritzalis, T.",Belgium
11SS20151104,Simon Stevin,Ship,Flanders Marine Inst,"Gkritzalis, T.",Belgium
11SS20151105,Simon Stevin,Ship,Flanders Marine Inst,"Gkritzalis, T.",Belgium
11SS20151106,Simon Stevin,Ship,Flanders Marine Inst,"Gkritzalis, T.",Belgium
11SS20151112,Simon Stevin,Ship,Flanders Marine Inst,"Gkritzalis, T.",Belgium
11SS20151207,Simon Stevin,Ship,Flanders Marine Inst,"Gkritzalis, T.",Belgium
11SS20151208,Simon Stevin,Ship,Flanders Marine Inst,"Gkritzalis, T.",Belgium
11SS20151209,Simon Stevin,Ship,Flanders Marine Inst,"Gkritzalis, T.",Belgium
11SS20170403,Simon Stevin,Ship,Flanders Marine Inst,"Gkritzalis, T.",Belgium
11SS20170502,Simon Stevin,Ship,Flanders Marine Inst,"Gkritzalis, T.",Belgium
11SS20170601,Simon Stevin,Ship,Flanders Marine Inst,"Gkritzalis, T.",Belgium
11SS20180406,Simon Stevin,Ship,Flanders Marine Inst,"Gkritzalis, T.",Belgium
11SS20180502,Simon Stevin,Ship,Flanders Marine Inst,"Gkritzalis, T.",Belgium
11SS20180702,Simon Stevin,Ship,Flanders Marine Inst,"Gkritzalis, T.",Belgium
11SS20180801,Simon Stevin,Ship,Flanders Marine Inst,"Gkritzalis, T.",Belgium
11SS20180903,Simon Stevin,Ship,Flanders Marine Inst,"Gkritzalis, T.",Belgium
11SS20181003,Simon Stevin,Ship,Flanders Marine Inst,"Gkritzalis, T.",Belgium
11SS20181121,Simon Stevin,Ship,Flanders Marine Inst,"Gkritzalis, T.",Belgium
11SS20181204,Simon Stevin,Ship,Flanders Marine Inst,"Gkritzalis, T.",Belgium
11SS20190110,Simon Stevin,Ship,Flanders Marine Inst,"Gkritzalis, T.",Belgium
11SS20190201,Simon Stevin,Ship,Flanders Marine Inst,"Gkritzalis, T.",Belgium
11SS20190318,Simon Stevin,Ship,Flanders Marine Inst,"Gkritzalis, T.",Belgium
11SS20190401,Simon Stevin,Ship,Flanders Marine Inst,"Gkritzalis, T.",Belgium
11SS20190502,Simon Stevin,Ship,Flanders Marine Inst,"Gkritzalis, T.",Belgium
11SS20190703,Simon Stevin,Ship,Flanders Marine Inst,"Gkritzalis, T.",Belgium
11SS20200701,Simon Stevin,Ship,Flanders Marine Inst,"Gkritzalis, T.",Belgium
11SS20201001,Simon Stevin,Ship,Flanders Marine Inst,"Gkritzalis, T.",Belgium
11SS20201101,Simon Stevin,Ship,Flanders Marine Inst,"Gkritzalis, T.",Belgium
11SS20201201,Simon Stevin,Ship,Flanders Marine Inst,"Gkritzalis, T.",Belgium
11SS20210104,Simon Stevin,Ship,Flanders Marine Inst,"Gkritzalis, T.",Belgium
11SS20210201,Simon Stevin,Ship,Flanders Marine Inst,"Gkritzalis, T.",Belgium
11SS20210301,Simon Stevin,Ship,Flanders Marine Inst,"Gkritzalis, T.",Belgium
11SS20210401,Simon Stevin,Ship,Flanders Marine Inst,"Gkritzalis, T.",Belgium
11SS20210501,Simon Stevin,Ship,Flanders Marine Inst,"Gkritzalis, T.",Belgium
11SS20210601,Simon Stevin,Ship,Flanders Marine Inst,"Gkritzalis, T.",Belgium
11SS20210701,Simon Stevin,Ship,Flanders Marine Inst,"Gkritzalis, T.",Belgium
11SS20210801,Simon Stevin,Ship,Flanders Marine Inst,"Gkritzalis, T.",Belgium
11SS20210901,Simon Stevin,Ship,Flanders Marine Inst,"Gkritzalis, T.",Belgium
11SS20211001,Simon Stevin,Ship,Flanders Marine Inst,"Gkritzalis, T.",Belgium
11SS20220301,Simon Stevin,Ship,Flanders Marine Inst,"Gkritzalis, T. : Theetaert, H : T Jampens, M.",Belgium
11SS20220401,Simon Stevin,Ship,Flanders Marine Inst,"Gkritzalis, T. : Theetaert, H : T Jampens, M.",Belgium
11SS20220501,Simon Stevin,Ship,Flanders Marine Inst,"Gkritzalis, T. : Theetaert, H : T Jampens, M.",Belgium
11SS20220601,Simon Stevin,Ship,Flanders Marine Inst,"Gkritzalis, T. : Theetaert, H : T Jampens, M.",Belgium
11SS20220701,Simon Stevin,Ship,Flanders Marine Inst,"Gkritzalis, T. : Theetaert, H : T Jampens, M.",Belgium
11SS20220801,Simon Stevin,Ship,Flanders Marine Inst,"Gkritzalis, T. : Theetaert, H : T Jampens, M.",Belgium
11SS20220901,Simon Stevin,Ship,Flanders Marine Inst,"Gkritzalis, T. : Theetaert, H : T Jampens, M.",Belgium
11SS20221001,Simon Stevin,Ship,Flanders Marine Inst,"Gkritzalis, T. : Theetaert, H : T Jampens, M.",Belgium
11SS20221101,Simon Stevin,Ship,Flanders Marine Inst,"Gkritzalis, T. : Theetaert, H : T Jampens, M.",Belgium
11SS20221121,Simon Stevin,Ship,Flanders Marine Inst,"Gkritzalis, T. : Theetaert, H : T Jampens, M.",Belgium
11SS20221201,Simon Stevin,Ship,Flanders Marine Inst,"Gkritzalis, T. : Theetaert, H : T Jampens, M.",Belgium
11SS20230101,Simon Stevin,Ship,Flanders Marine Inst,"Gkritzalis, T : Theetaert, H : T Jampens, M",Belgium
11SS20230201,Simon Stevin,Ship,Flanders Marine Inst,"Gkritzalis, T : Theetaert, H : T Jampens, M",Belgium
11SS20230301,Simon Stevin,Ship,Flanders Marine Inst,"Gkritzalis, T : Theetaert, H : T Jampens, M",Belgium
11SS20230401,Simon Stevin,Ship,Flanders Marine Inst,"Gkritzalis, T : Theetaert, H : T Jampens, M",Belgium
11SS20230501,Simon Stevin,Ship,Flanders Marine Inst,"Gkritzalis, T : Theetaert, H : T Jampens, M",Belgium
11SS20230601,Simon Stevin,Ship,Flanders Marine Inst,"Gkritzalis, T : Theetaert, H : T Jampens, M",Belgium
11SS20230701,Simon Stevin,Ship,Flanders Marine Inst,"Gkritzalis, T : Theetaert, H : T Jampens, M",Belgium
11SS20230801,Simon Stevin,Ship,Flanders Marine Inst,"Gkritzalis, T : Theetaert, H : T Jampens, M",Belgium
11SS20230901,Simon Stevin,Ship,Flanders Marine Inst,"Gkritzalis, T : Theetaert, H : T Jampens, M",Belgium
11SS20231001,Simon Stevin,Ship,Flanders Marine Inst,"Gkritzalis, T : Theetaert, H : T Jampens, M",Belgium
11SS20231101,Simon Stevin,Ship,Flanders Marine Inst,"Gkritzalis, T : Theetaert, H : T Jampens, M",Belgium
11SS20240501,Simon Stevin,Ship,Flanders Marine Inst,"Gkritzalis, T : Theetaert, H : T Jampens, M",Belgium
11SS20240601,Simon Stevin,Ship,Flanders Marine Inst,"Gkritzalis, T : Theetaert, H : T Jampens, M",Belgium
11SS20240701,Simon Stevin,Ship,Flanders Marine Inst,"Gkritzalis, T : Theetaert, H : T Jampens, M",Belgium
11SS20240801,Simon Stevin,Ship,Flanders Marine Inst,"Gkritzalis, T : Theetaert, H : T Jampens, M",Belgium
11SS20240901,Simon Stevin,Ship,Flanders Marine Inst,"Gkritzalis, T : Theetaert, H : T Jampens, M",Belgium
11SS20241001,Simon Stevin,Ship,Flanders Marine Inst,"Gkritzalis, T : Theetaert, H : T Jampens, M",Belgium
11SS20241101,Simon Stevin,Ship,Flanders Marine Inst,"Gkritzalis, T : Theetaert, H : T Jampens, M",Belgium
14AT20090320,Antares,Ship,LOCEAN,"Lefevre, N.",France
14AT20100725,Antares,Ship,LOCEAN,"Lefevre, N.",France
187F20180501,KC_BUOY,Mooring,Hakai Institute,"Evans, W.",Canada
187F20201027,KC_BUOY,Mooring,Hakai Institute,"Evans, W.",Canada
187F20211007,KC_BUOY,Mooring,Hakai Institute,"Evans, W.",Canada
187F20221129,KC_BUOY,Mooring,Hakai Institute,"Evans, W.",Canada
189920141219,Quadra Island Field Station,Mooring,Hakai Institute,"Evans, W.",Canada
189920160407,Quadra Island Field Station,Mooring,Hakai Institute,"Evans, W.",Canada
189920160829,OceansAlaska Shellfish Hatchery,Mooring,Hakai Institute,"Evans, W.",Canada
189920170601,Sitka Tribe of Alaska Environmental Research Laboratory,Mooring,Sitka Tribe of Alaska,"Whitehead, C.",Canada
189920180101,Quadra Island Field Station,Mooring,Hakai Institute,"Evans, W.",Canada
189920200101,Quadra Island Field Station,Mooring,Hakai Institute,"Evans, W.",Canada
189920210101,Quadra Island Field Station,Mooring,Hakai Institute,"Evans, W.",Canada
189920220101,Quadra Island Field Station,Mooring,Hakai Institute,"Evans, W.",Canada
189920220701,Seaspan Royal,tug boat,Hakai Institute,"Evans, W.",Canada
189920221101,Seaspan Royal,tug boat,Hakai Institute,"Evans, W.",Canada
189920221201,Seaspan Royal,tug boat,Hakai Institute,"Evans, W.",Canada
189920230101,Quadra Island Field Station,Mooring,Hakai Institute,"Evans, W.",Canada
189920230104,Seaspan Royal,tug boat,Hakai Institute,"Evans, W.",Canada
189920230201,Seaspan Royal,tug boat,Hakai Institute,"Evans, W.",Canada
189920230305,Seaspan Royal,tug boat,Hakai Institute,"Evans, W.",Canada
189920230327,Seaspan Royal,tug boat,Hakai Institute,"Evans, W.",Canada
189920230502,Seaspan Royal,tug boat,Hakai Institute,"Evans, W.",Canada
189920231030,Seaspan Royal,tug boat,Hakai Institute,"Evans, W.",Canada
189920240101,Quadra Island Field Station,Mooring,Hakai Institute,"Evans, W.",Canada
18DD19851030,John P. Tully,Ship,Inst Ocean Sci Canada,"Wong, C.S.",Canada
18DD19860416,John P. Tully,Ship,Inst Ocean Sci Canada,"Wong, C.S.",Canada
18DD19890214,John P. Tully,Ship,Inst Ocean Sci Canada,"Wong, C.S.",Canada
18DD19890713,John P. Tully,Ship,Inst Ocean Sci Canada,"Wong, C.S.",Canada
18DD19890911,John P. Tully,Ship,Inst Ocean Sci Canada,"Wong, C.S.",Canada
18DD19940511,John P. Tully,Ship,Inst Ocean Sci Canada,"Wong, C.S.",Canada
18DD19940907,John P. Tully,Ship,Inst Ocean Sci Canada,"Wong, C.S.",Canada
18DD19950509,John P. Tully,Ship,Inst Ocean Sci Canada,"Wong, C.S.",Canada
18DD19950823,John P. Tully,Ship,Inst Ocean Sci Canada,"Wong, C.S.",Canada
18DD19960220,John P. Tully,Ship,Inst Ocean Sci Canada,"Wong, C.S.",Canada
18DD19960507,John P. Tully,Ship,Inst Ocean Sci Canada,"Wong, C.S.",Canada
18DD19960814,John P. Tully,Ship,Inst Ocean Sci Canada,"Wong, C.S.",Canada
18DD19970213,John P. Tully,Ship,Inst Ocean Sci Canada,"Wong, C.S.",Canada
18DD19970603,John P. Tully,Ship,Inst Ocean Sci Canada,"Wong, C.S.",Canada
18DD19970828,John P. Tully,Ship,Inst Ocean Sci Canada,"Wong, C.S.",Canada
18DD19980219,John P. Tully,Ship,Inst Ocean Sci Canada,"Wong, C.S.",Canada
18DD19980603,John P. Tully,Ship,Inst Ocean Sci Canada,"Wong, C.S.",Canada
18DD19990209,John P. Tully,Ship,Inst Ocean Sci Canada,"Wong, C.S.",Canada
18DD20010821,John P. Tully,Ship,Inst Ocean Sci Canada,"Wong, C.S.",Canada
18DD20020224,John P. Tully,Ship,Inst Ocean Sci Canada,"Wong, C.S.",Canada
18DD20020630,John P. Tully,Ship,Inst Ocean Sci Canada,"Wong, C.S.",Canada
18DD20020825,John P. Tully,Ship,Inst Ocean Sci Canada,"Wong, C.S.",Canada
18DD20030528,John P. Tully,Ship,Inst Ocean Sci Canada,"Wong, C.S.",Canada
18DD20030830,John P. Tully,Ship,Inst Ocean Sci Canada,"Wong, C.S.",Canada
18DL20160603,CCGS Amundsen,Ship,Univ Manitoba,"Papakyriakou, T. : Else, B.",Canada
18DL20180525,CCGS Amundsen,Ship,Univ Manitoba,"Papakyriakou, T.",Canada
18HU20160428,CCGS Hudson,Research Ship,Dalhousie Univ,"Azetsu-Scott, K. : Arruda, R.",Canada
18HU20180912,CCGS Hudson,Research Ship,Dalhousie Univ,"Azetsu-Scott, K. : Arruda, R.",Canada
18PZ19800820,Parizeau,Ship,Inst Ocean Sci Canada,"Wong, C.S.",Canada
18PZ19801016,Parizeau,Ship,Inst Ocean Sci Canada,"Wong, C.S.",Canada
18PZ19801111,Parizeau,Ship,Inst Ocean Sci Canada,"Wong, C.S.",Canada
18PZ19820506,Parizeau,Ship,Inst Ocean Sci Canada,"Wong, C.S.",Canada
18PZ19820713,Parizeau,Ship,Inst Ocean Sci Canada,"Wong, C.S.",Canada
18PZ19820917,Parizeau,Ship,Inst Ocean Sci Canada,"Wong, C.S.",Canada
18PZ19830817,Parizeau,Ship,Inst Ocean Sci Canada,"Wong, C.S.",Canada
18PZ19880502,Parizeau,Ship,Inst Ocean Sci Canada,"Wong, C.S.",Canada
18PZ19880627,Parizeau,Ship,Inst Ocean Sci Canada,"Wong, C.S.",Canada
18PZ19890501,Parizeau,Ship,Inst Ocean Sci Canada,"Wong, C.S.",Canada
18PZ19891003,Parizeau,Ship,Inst Ocean Sci Canada,"Wong, C.S.",Canada
18PZ19900510,Parizeau,Ship,Inst Ocean Sci Canada,"Wong, C.S.",Canada
18QA19730812,Quadra,Ship,Inst Ocean Sci Canada,"Wong, C.S.",Canada
18QA19731028,Quadra,Ship,Inst Ocean Sci Canada,"Wong, C.S.",Canada
18QA19760111,Quadra,Ship,Inst Ocean Sci Canada,"Wong, C.S.",Canada
18QA19760619,Quadra,Ship,Inst Ocean Sci Canada,"Wong, C.S.",Canada
18QA19760911,Quadra,Ship,Inst Ocean Sci Canada,"Wong, C.S.",Canada
18QA19761204,Quadra,Ship,Inst Ocean Sci Canada,"Wong, C.S.",Canada
18QA19770212,Quadra,Ship,Inst Ocean Sci Canada,"Wong, C.S.",Canada
18QA19770507,Quadra,Ship,Inst Ocean Sci Canada,"Wong, C.S.",Canada
18QA19770730,Quadra,Ship,Inst Ocean Sci Canada,"Wong, C.S.",Canada
18QA19771022,Quadra,Ship,Inst Ocean Sci Canada,"Wong, C.S.",Canada
18QA19780107,Quadra,Ship,Inst Ocean Sci Canada,"Wong, C.S.",Canada
18QA19780325,Quadra,Ship,Inst Ocean Sci Canada,"Wong, C.S.",Canada
18QA19780617,Quadra,Ship,Inst Ocean Sci Canada,"Wong, C.S.",Canada
18QA19791020,Quadra,Ship,Inst Ocean Sci Canada,"Wong, C.S.",Canada
18QA19800111,Quadra,Ship,Inst Ocean Sci Canada,"Wong, C.S.",Canada
18QA19800405,Quadra,Ship,Inst Ocean Sci Canada,"Wong, C.S.",Canada
18QA19800629,Quadra,Ship,Inst Ocean Sci Canada,"Wong, C.S.",Canada
18SN20120806,Louis S. St-Laurent,Ship,Univ Montana,"DeGrandpre, M.",Canada
18SN20130803,Louis S. St-Laurent,Ship,Univ Montana,"DeGrandpre, M.",Canada
18SN20140925,Louis S. St-Laurent,Ship,Univ Montana,"DeGrandpre, M.",Canada
18SN20160925,Louis S. St-Laurent,Ship,Univ Montana,"DeGrandpre, M.",Canada
18SN20170907,Louis S. St-Laurent,Ship,Univ Montana,"DeGrandpre, M.",Canada
18SN20180908,CCGS Louis S. St.-Laurent,Ship,Univ Montana,"DeGrandpre, M.",Canada
18SN20190912,Louis S. St-Laurent,Ship,Univ Montana,"DeGrandpre, M.",Canada
18SN20200907,Louis S. St-Laurent,Ship,Univ Montana,"DeGrandpre, M.",Canada
18VC19740105,Vancouver,Ship,Inst Ocean Sci Canada,"Wong, C.S.",Canada
18VC19740216,Vancouver,Ship,Inst Ocean Sci Canada,"Wong, C.S.",Canada
18VC19741113,Vancouver,Ship,Inst Ocean Sci Canada,"Wong, C.S.",Canada
18VC19750111,Vancouver,Ship,Inst Ocean Sci Canada,"Wong, C.S.",Canada
18VC19750622,Vancouver,Ship,Inst Ocean Sci Canada,"Wong, C.S.",Canada
18VC19750913,Vancouver,Ship,Inst Ocean Sci Canada,"Wong, C.S.",Canada
18VJ20180202,Atlantic Condor,Ship,Dalhousie Univ,"Wallace, D. : Atamanchuk, D.",Canada
18VJ20180223,Atlantic Condor,Ship,Dalhousie Univ,"Wallace, D. : Atamanchuk, D.",Canada
18VJ20180314,Atlantic Condor,Ship,Dalhousie Univ,"Wallace, D. : Atamanchuk, D.",Canada
18VJ20180407,Atlantic Condor,Ship,Dalhousie Univ,"Wallace, D. : Atamanchuk, D.",Canada
18VJ20180411,Atlantic Condor,Ship,Dalhousie Univ,"Wallace, D. : Atamanchuk, D.",Canada
18VJ20180430,Atlantic Condor,Ship,Dalhousie Univ,"Wallace, D. : Atamanchuk, D.",Canada
18VJ20180509,Atlantic Condor,Ship,Dalhousie Univ,"Wallace, D. : Atamanchuk, D.",Canada
18VJ20180607,Atlantic Condor,Ship,Dalhousie Univ,"Wallace, D. : Atamanchuk, D.",Canada
18VJ20180615,Atlantic Condor,Ship,Dalhousie Univ,"Wallace, D. : Atamanchuk, D.",Canada
18VJ20180623,Atlantic Condor,Ship,Dalhousie Univ,"Wallace, D. : Atamanchuk, D.",Canada
18VJ20180705,Atlantic Condor,Ship,Dalhousie Univ,"Wallace, D. : Atamanchuk, D.",Canada
18VJ20180713,Atlantic Condor,Ship,Dalhousie Univ,"Wallace, D. : Atamanchuk, D.",Canada
18VJ20180907,Atlantic Condor,Ship,Dalhousie Univ,"Wallace, D. : Atamanchuk, D.",Canada
18VJ20180929,Atlantic Condor,Ship,Dalhousie Univ,"Wallace, D. : Atamanchuk, D.",Canada
18VJ20181006,Atlantic Condor,Ship,Dalhousie Univ,"Wallace, D. : Atamanchuk, D.",Canada
18VJ20181026,Atlantic Condor,Ship,Dalhousie Univ,"Wallace, D. : Atamanchuk, D.",Canada
18VJ20181124,Atlantic Condor,Ship,Dalhousie Univ,"Wallace, D. : Atamanchuk, D.",Canada
18VJ20190114,Atlantic Condor,Ship,Dalhousie Univ,"Wallace, D. : Atamanchuk, D.",Canada
18VJ20190208,Atlantic Condor,Ship,Dalhousie Univ,"Wallace, D. : Atamanchuk, D.",Canada
18VJ20190608,Atlantic Condor,Ship,Dalhousie Univ,"Wallace, D. : Atamanchuk, D.",Canada
18VJ20190714,Atlantic Condor,Ship,Dalhousie Univ,"Wallace, D. : Atamanchuk, D.",Canada
18VJ20191003,Atlantic Condor,Ship,Dalhousie Univ,"Wallace, D. : Atamanchuk, D.",Canada
18VJ20191024,Atlantic Condor,Ship,Dalhousie Univ,"Wallace, D. : Atamanchuk, D.",Canada
18VJ20191102,Atlantic Condor,Ship,Dalhousie Univ,"Wallace, D. : Atamanchuk, D.",Canada
18VJ20191114,Atlantic Condor,Ship,Dalhousie Univ,"Wallace, D. : Atamanchuk, D.",Canada
209920160606,POSAR,Mooring,Univ Chile : Univ Concepcion,"Garreaud, R. : Farias, L.",Chile
209920161103,POSAR,Mooring,Univ Chile : Univ Concepcion,"Garreaud, R. : Farias, L.",Chile
209920170601,POSAR,Mooring,Univ Chile : Univ Concepcion,"Garreaud, R. : Farias, L.",Chile
24KX20180126,Isabu,Ship,KIOST,"Park, G.-H.",South-Korea
26GC20010421,Genetica/Garlicos,Ship,OMEX,"Frankignoulle, M.",Belgium
26GC20010831,Genetica/Garlicos,Ship,OMEX,"Frankignoulle, M.",Belgium
26LC20110216,Lars Maersk,Ship,Univ Las Palmas,"Gonzalez-Davila, M. : Santana-Casiano, J.M.",Spain
26LC20110525,Lars Maersk,Ship,Univ Las Palmas,"Gonzalez-Davila, M. : Santana-Casiano, J.M.",Spain
26LC20110629,Lars Maersk,Ship,Univ Las Palmas,"Gonzalez-Davila, M. : Santana-Casiano, J.M.",Spain
26LC20110713,Lars Maersk,Ship,Univ Las Palmas,"Gonzalez-Davila, M. : Santana-Casiano, J.M.",Spain
26LC20110816,Lars Maersk,Ship,Univ Las Palmas,"Gonzalez-Davila, M. : Santana-Casiano, J.M.",Spain
26LC20110831,Lars Maersk,Ship,Univ Las Palmas,"Gonzalez-Davila, M. : Santana-Casiano, J.M.",Spain
26LC20111019,Lars Maersk,Ship,Univ Las Palmas,"Gonzalez-Davila, M. : Santana-Casiano, J.M.",Spain
26LC20111122,Lars Maersk,Ship,Univ Las Palmas,"Gonzalez-Davila, M. : Santana-Casiano, J.M.",Spain
26LC20111207,Lars Maersk,Ship,Univ Las Palmas,"Gonzalez-Davila, M. : Santana-Casiano, J.M.",Spain
26LC20120126,Lars Maersk,Ship,Univ Las Palmas,"Gonzalez-Davila, M. : Santana-Casiano, J.M.",Spain
26LC20120302,Lars Maersk,Ship,Univ Las Palmas,"Gonzalez-Davila, M. : Santana-Casiano, J.M.",Spain
26LC20120315,Lars Maersk,Ship,Univ Las Palmas,"Gonzalez-Davila, M. : Santana-Casiano, J.M.",Spain
26LC20120503,Lars Maersk,Ship,Univ Las Palmas,"Gonzalez-Davila, M. : Santana-Casiano, J.M.",Spain
26LC20120625,Lars Maersk,Ship,Univ Las Palmas,"Gonzalez-Davila, M. : Santana-Casiano, J.M.",Spain
26LC20120820,Lars Maersk,Ship,Univ Las Palmas,"Gonzalez-Davila, M. : Santana-Casiano, J.M.",Spain
26LC20121015,Lars Maersk,Ship,Univ Las Palmas,"Gonzalez-Davila, M. : Santana-Casiano, J.M.",Spain
26LC20121210,Lars Maersk,Ship,Univ Las Palmas,"Gonzalez-Davila, M. : Santana-Casiano, J.M.",Spain
26NA20050107,Nuka Arctica,Ship,Univ Bergen,"Olsen, A.",Norway
26NA20050115,Nuka Arctica,Ship,Univ Bergen,"Olsen, A.",Norway
26NA20050130,Nuka Arctica,Ship,Univ Bergen,"Olsen, A.",Norway
26NA20050207,Nuka Arctica,Ship,Univ Bergen,"Olsen, A.",Norway
26NA20050317,Nuka Arctica,Ship,Univ Bergen,"Olsen, A.",Norway
26NA20050321,Nuka Arctica,Ship,Univ Bergen,"Olsen, A.",Norway
26NA20050402,Nuka Arctica,Ship,Univ Bergen,"Olsen, A.",Norway
26NA20050420,Nuka Arctica,Ship,Univ Bergen,"Olsen, A.",Norway
26NA20050502,Nuka Arctica,Ship,Univ Bergen,"Olsen, A.",Norway
26NA20050511,Nuka Arctica,Ship,Univ Bergen,"Olsen, A.",Norway
26NA20050523,Nuka Arctica,Ship,Univ Bergen,"Olsen, A.",Norway
26NA20050531,Nuka Arctica,Ship,Univ Bergen,"Olsen, A.",Norway
26NA20050614,Nuka Arctica,Ship,Univ Bergen,"Olsen, A.",Norway
26NA20050624,Nuka Arctica,Ship,Univ Bergen,"Olsen, A.",Norway
26NA20050714,Nuka Arctica,Ship,Univ Bergen,"Olsen, A.",Norway
26NA20050720,Nuka Arctica,Ship,Univ Bergen,"Olsen, A.",Norway
26NA20050730,Nuka Arctica,Ship,Univ Bergen,"Olsen, A.",Norway
26NA20050805,Nuka Arctica,Ship,Univ Bergen,"Olsen, A.",Norway
26NA20050815,Nuka Arctica,Ship,Univ Bergen,"Olsen, A.",Norway
26NA20050824,Nuka Arctica,Ship,Univ Bergen,"Olsen, A.",Norway
26NA20050914,Nuka Arctica,Ship,Univ Bergen,"Olsen, A.",Norway
26NA20050927,Nuka Arctica,Ship,Univ Bergen,"Olsen, A.",Norway
26NA20051005,Nuka Arctica,Ship,Univ Bergen,"Olsen, A.",Norway
26NA20051018,Nuka Arctica,Ship,Univ Bergen,"Olsen, A.",Norway
26NA20051026,Nuka Arctica,Ship,Univ Bergen,"Olsen, A.",Norway
26NA20051110,Nuka Arctica,Ship,Univ Bergen,"Olsen, A.",Norway
26NA20051117,Nuka Arctica,Ship,Univ Bergen,"Olsen, A.",Norway
26NA20051130,Nuka Arctica,Ship,Univ Bergen,"Olsen, A.",Norway
26NA20060518,Nuka Arctica,Ship,Univ Bergen,"Olsen, A.",Norway
26NA20060527,Nuka Arctica,Ship,Univ Bergen,"Olsen, A.",Norway
26NA20060607,Nuka Arctica,Ship,Univ Bergen,"Olsen, A.",Norway
26NA20060617,Nuka Arctica,Ship,Univ Bergen,"Olsen, A.",Norway
26NA20060628,Nuka Arctica,Ship,Univ Bergen,"Olsen, A.",Norway
26NA20060708,Nuka Arctica,Ship,Univ Bergen,"Olsen, A.",Norway
26NA20060719,Nuka Arctica,Ship,Univ Bergen,"Olsen, A.",Norway
26NA20060728,Nuka Arctica,Ship,Univ Bergen,"Olsen, A.",Norway
26NA20060809,Nuka Arctica,Ship,Univ Bergen,"Olsen, A.",Norway
26NA20060818,Nuka Arctica,Ship,Univ Bergen,"Olsen, A.",Norway
26NA20060830,Nuka Arctica,Ship,Univ Bergen,"Olsen, A.",Norway
26NA20060908,Nuka Arctica,Ship,Univ Bergen,"Olsen, A.",Norway
26NA20060920,Nuka Arctica,Ship,Univ Bergen,"Olsen, A.",Norway
26NA20061011,Nuka Arctica,Ship,Univ Bergen,"Olsen, A.",Norway
26NA20061021,Nuka Arctica,Ship,Univ Bergen,"Olsen, A.",Norway
26NA20061128,Nuka Arctica,Ship,Univ Bergen,"Olsen, A.",Norway
26NA20061202,Nuka Arctica,Ship,Univ Bergen,"Olsen, A.",Norway
26NA20061214,Nuka Arctica,Ship,Univ Bergen,"Olsen, A.",Norway
26NA20061225,Nuka Arctica,Ship,Univ Bergen,"Olsen, A.",Norway
26NA20070103,Nuka Arctica,Ship,Univ Bergen,"Olsen, A.",Norway
26NA20070112,Nuka Arctica,Ship,Univ Bergen,"Olsen, A.",Norway
26NA20070125,Nuka Arctica,Ship,Univ Bergen,"Olsen, A.",Norway
26NA20070205,Nuka Arctica,Ship,Univ Bergen,"Olsen, A.",Norway
26NA20070216,Nuka Arctica,Ship,Univ Bergen,"Olsen, A.",Norway
26NA20070323,Nuka Arctica,Ship,Univ Bergen,"Olsen, A.",Norway
26NA20070329,Nuka Arctica,Ship,Univ Bergen,"Olsen, A.",Norway
26NA20070410,Nuka Arctica,Ship,Univ Bergen,"Olsen, A.",Norway
26NA20070418,Nuka Arctica,Ship,Univ Bergen,"Olsen, A.",Norway
26NA20070427,Nuka Arctica,Ship,Univ Bergen,"Olsen, A.",Norway
26NA20070509,Nuka Arctica,Ship,Univ Bergen,"Olsen, A.",Norway
26NA20070518,Nuka Arctica,Ship,Univ Bergen,"Olsen, A.",Norway
26NA20070530,Nuka Arctica,Ship,Univ Bergen,"Olsen, A.",Norway
26NA20070610,Nuka Arctica,Ship,Univ Bergen,"Olsen, A.",Norway
26NA20070622,Nuka Arctica,Ship,Univ Bergen,"Olsen, A.",Norway
26NA20070701,Nuka Arctica,Ship,Univ Bergen,"Olsen, A.",Norway
26NA20070712,Nuka Arctica,Ship,Univ Bergen,"Olsen, A.",Norway
26NA20070721,Nuka Arctica,Ship,Univ Bergen,"Olsen, A.",Norway
26NA20070802,Nuka Arctica,Ship,Univ Bergen,"Olsen, A.",Norway
26NA20070811,Nuka Arctica,Ship,Univ Bergen,"Olsen, A.",Norway
26NA20070901,Nuka Arctica,Ship,Univ Bergen,"Olsen, A.",Norway
26NA20070912,Nuka Arctica,Ship,Univ Bergen,"Olsen, A.",Norway
26NA20070923,Nuka Arctica,Ship,Univ Bergen,"Olsen, A.",Norway
26NA20071003,Nuka Arctica,Ship,Univ Bergen,"Olsen, A.",Norway
26NA20071014,Nuka Arctica,Ship,Univ Bergen,"Olsen, A.",Norway
26NA20071024,Nuka Arctica,Ship,Univ Bergen,"Olsen, A.",Norway
26NA20071103,Nuka Arctica,Ship,Univ Bergen,"Olsen, A.",Norway
26NA20071114,Nuka Arctica,Ship,Univ Bergen,"Olsen, A.",Norway
26NA20071124,Nuka Arctica,Ship,Univ Bergen,"Olsen, A.",Norway
26NA20071230,Nuka Arctica,Ship,Univ Bergen,"Olsen, A. : Johannessen, T.",Norway
26NA20080108,Nuka Arctica,Ship,Univ Bergen,"Olsen, A. : Johannessen, T.",Norway
26NA20080117,Nuka Arctica,Ship,Univ Bergen,"Olsen, A. : Johannessen, T.",Norway
26NA20080128,Nuka Arctica,Ship,Univ Bergen,"Olsen, A. : Johannessen, T.",Norway
26NA20080207,Nuka Arctica,Ship,Univ Bergen,"Olsen, A. : Johannessen, T.",Norway
26NA20080218,Nuka Arctica,Ship,Univ Bergen,"Olsen, A. : Johannessen, T.",Norway
26NA20080229,Nuka Arctica,Ship,Univ Bergen,"Olsen, A. : Johannessen, T.",Norway
26NA20080310,Nuka Arctica,Ship,Univ Bergen,"Olsen, A. : Johannessen, T.",Norway
26NA20080501,Nuka Arctica,Ship,Univ Bergen,"Olsen, A. : Johannessen, T.",Norway
26NA20080513,Nuka Arctica,Ship,Univ Bergen,"Olsen, A. : Johannessen, T.",Norway
26NA20080522,Nuka Arctica,Ship,Univ Bergen,"Olsen, A. : Johannessen, T.",Norway
26NA20080531,Nuka Arctica,Ship,Univ Bergen,"Olsen, A. : Johannessen, T.",Norway
26NA20080612,Nuka Arctica,Ship,Univ Bergen,"Olsen, A. : Johannessen, T.",Norway
26NA20080621,Nuka Arctica,Ship,Univ Bergen,"Olsen, A. : Johannessen, T.",Norway
26NA20080702,Nuka Arctica,Ship,Univ Bergen,"Olsen, A. : Johannessen, T.",Norway
26NA20080711,Nuka Arctica,Ship,Univ Bergen,"Olsen, A. : Johannessen, T.",Norway
26NA20080724,Nuka Arctica,Ship,Univ Bergen,"Olsen, A. : Johannessen, T.",Norway
26NA20080801,Nuka Arctica,Ship,Univ Bergen,"Olsen, A. : Johannessen, T.",Norway
26NA20080813,Nuka Arctica,Ship,Univ Bergen,"Olsen, A. : Johannessen, T.",Norway
26NA20080823,Nuka Arctica,Ship,Univ Bergen,"Olsen, A. : Johannessen, T.",Norway
26NA20080903,Nuka Arctica,Ship,Univ Bergen,"Olsen, A. : Johannessen, T.",Norway
26NA20080913,Nuka Arctica,Ship,Univ Bergen,"Olsen, A. : Johannessen, T.",Norway
26NA20080925,Nuka Arctica,Ship,Univ Bergen,"Olsen, A. : Johannessen, T.",Norway
26NA20081007,Nuka Arctica,Ship,Univ Bergen,"Olsen, A. : Johannessen, T.",Norway
26NA20081016,Nuka Arctica,Ship,Univ Bergen,"Olsen, A. : Johannessen, T.",Norway
26NA20081026,Nuka Arctica,Ship,Univ Bergen,"Olsen, A. : Johannessen, T.",Norway
26NA20081106,Nuka Arctica,Ship,Univ Bergen,"Olsen, A. : Johannessen, T.",Norway
26NA20081115,Nuka Arctica,Ship,Univ Bergen,"Olsen, A. : Johannessen, T.",Norway
26NA20081219,Nuka Arctica,Ship,Univ Bergen,"Olsen, A. : Johannessen, T.",Norway
26NA20081230,Nuka Arctica,Ship,Univ Bergen,"Olsen, A. : Jutterstroem, S. : Johannessen, T.",Norway
26NA20090114,Nuka Arctica,Ship,Univ Bergen,"Olsen, A. : Jutterstroem, S. : Johannessen, T.",Norway
26NA20090127,Nuka Arctica,Ship,Univ Bergen,"Olsen, A. : Jutterstroem, S. : Johannessen, T.",Norway
26NA20090204,Nuka Arctica,Ship,Univ Bergen,"Olsen, A. : Jutterstroem, S. : Johannessen, T.",Norway
26NA20090213,Nuka Arctica,Ship,Univ Bergen,"Olsen, A. : Jutterstroem, S. : Johannessen, T.",Norway
26NA20090225,Nuka Arctica,Ship,Univ Bergen,"Olsen, A. : Jutterstroem, S. : Johannessen, T.",Norway
26NA20090308,Nuka Arctica,Ship,Univ Bergen,"Olsen, A. : Jutterstroem, S. : Johannessen, T.",Norway
26NA20090318,Nuka Arctica,Ship,Univ Bergen,"Olsen, A. : Jutterstroem, S. : Johannessen, T.",Norway
26NA20090327,Nuka Arctica,Ship,Univ Bergen,"Olsen, A. : Jutterstroem, S. : Johannessen, T.",Norway
26NA20090429,Nuka Arctica,Ship,Univ Bergen,"Olsen, A. : Jutterstroem, S. : Johannessen, T.",Norway
26NA20090507,Nuka Arctica,Ship,Univ Bergen,"Olsen, A. : Jutterstroem, S. : Johannessen, T.",Norway
26NA20090520,Nuka Arctica,Ship,Univ Bergen,"Olsen, A. : Jutterstroem, S. : Johannessen, T.",Norway
26NA20090603,Nuka Arctica,Ship,Univ Bergen,"Olsen, A. : Jutterstroem, S. : Johannessen, T.",Norway
26NA20090704,Nuka Arctica,Ship,Univ Bergen,"Olsen, A. : Jutterstroem, S. : Johannessen, T.",Norway
26NA20090713,Nuka Arctica,Ship,Univ Bergen,"Olsen, A. : Jutterstroem, S. : Johannessen, T.",Norway
26NA20090722,Nuka Arctica,Ship,Univ Bergen,"Olsen, A. : Jutterstroem, S. : Johannessen, T.",Norway
26NA20090731,Nuka Arctica,Ship,Univ Bergen,"Olsen, A. : Jutterstroem, S. : Johannessen, T.",Norway
26NA20090812,Nuka Arctica,Ship,Univ Bergen,"Olsen, A. : Jutterstroem, S. : Johannessen, T.",Norway
26NA20090822,Nuka Arctica,Ship,Univ Bergen,"Olsen, A. : Jutterstroem, S. : Johannessen, T.",Norway
26NA20090902,Nuka Arctica,Ship,Univ Bergen,"Olsen, A. : Jutterstroem, S. : Johannessen, T.",Norway
26NA20090912,Nuka Arctica,Ship,Univ Bergen,"Olsen, A. : Jutterstroem, S. : Johannessen, T.",Norway
26NA20091211,Nuka Arctica,Ship,Univ Bergen,"Olsen, A. : Jutterstroem, S. : Johannessen, T.",Norway
26NA20091215,Nuka Arctica,Ship,Univ Bergen,"Olsen, A. : Jutterstroem, S. : Johannessen, T.",Norway
26NA20091222,Nuka Arctica,Ship,Univ Bergen,"Olsen, A. : Jutterstroem, S. : Johannessen, T.",Norway
26NA20100108,Nuka Arctica,Ship,Univ Bergen,"Olsen, A. : Jutterstroem, S. : Johannessen, T.",Norway
26NA20100116,Nuka Arctica,Ship,Univ Bergen,"Olsen, A. : Jutterstroem, S. : Johannessen, T.",Norway
26NA20100131,Nuka Arctica,Ship,Univ Bergen,"Olsen, A. : Jutterstroem, S. : Johannessen, T.",Norway
26NA20100206,Nuka Arctica,Ship,Univ Bergen,"Olsen, A. : Jutterstroem, S. : Johannessen, T.",Norway
26NA20100219,Nuka Arctica,Ship,Univ Bergen,"Olsen, A. : Jutterstroem, S. : Johannessen, T.",Norway
26NA20100227,Nuka Arctica,Ship,Univ Bergen,"Olsen, A. : Jutterstroem, S. : Johannessen, T.",Norway
26NA20100421,Nuka Arctica,Ship,Univ Bergen,"Olsen, A. : Jutterstroem, S. : Johannessen, T.",Norway
26NA20100430,Nuka Arctica,Ship,Univ Bergen,"Olsen, A. : Jutterstroem, S. : Johannessen, T.",Norway
26NA20100512,Nuka Arctica,Ship,Univ Bergen,"Olsen, A. : Jutterstroem, S. : Johannessen, T.",Norway
26NA20100521,Nuka Arctica,Ship,Univ Bergen,"Olsen, A. : Jutterstroem, S. : Johannessen, T.",Norway
26NA20100606,Nuka Arctica,Ship,Univ Bergen,"Olsen, A. : Jutterstroem, S. : Johannessen, T.",Norway
26NA20100610,Nuka Arctica,Ship,Univ Bergen,"Olsen, A. : Jutterstroem, S. : Johannessen, T.",Norway
26NA20101104,Nuka Arctica,Ship,Univ Bergen,"Olsen, A. : Jutterstroem, S. : Johannessen, T.",Norway
26NA20101208,Nuka Arctica,Ship,Univ Bergen,"Olsen, A. : Jutterstroem, S. : Johannessen, T.",Norway
26NA20110209,Nuka Arctica,Ship,Univ Bergen,"Johannessen, T. : Omar, A. : Skjelvan, I.",Norway
26NA20110218,Nuka Arctica,Ship,Univ Bergen,"Johannessen, T. : Omar, A. : Skjelvan, I.",Norway
26NA20110302,Nuka Arctica,Ship,Univ Bergen,"Johannessen, T. : Omar, A. : Skjelvan, I.",Norway
26NA20110412,Nuka Arctica,Ship,Univ Bergen,"Johannessen, T. : Omar, A. : Skjelvan, I.",Norway
26NA20110422,Nuka Arctica,Ship,Univ Bergen,"Johannessen, T. : Omar, A. : Skjelvan, I.",Norway
26NA20110513,Nuka Arctica,Ship,Univ Bergen,"Johannessen, T. : Omar, A. : Skjelvan, I.",Norway
26NA20110524,Nuka Arctica,Ship,Univ Bergen,"Johannessen, T. : Omar, A. : Skjelvan, I.",Norway
26NA20110601,Nuka Arctica,Ship,Univ Bergen,"Johannessen, T. : Omar, A. : Skjelvan, I.",Norway
26NA20110614,Nuka Arctica,Ship,Univ Bergen,"Johannessen, T. : Omar, A. : Skjelvan, I.",Norway
26NA20110705,Nuka Arctica,Ship,Univ Bergen,"Johannessen, T. : Omar, A. : Skjelvan, I.",Norway
26NA20110714,Nuka Arctica,Ship,Univ Bergen,"Johannessen, T. : Omar, A. : Skjelvan, I.",Norway
26NA20110818,Nuka Arctica,Ship,Univ Bergen,"Johannessen, T. : Omar, A. : Skjelvan, I.",Norway
26NA20110830,Nuka Arctica,Ship,Univ Bergen,"Johannessen, T. : Omar, A. : Skjelvan, I.",Norway
26NA20110909,Nuka Arctica,Ship,Univ Bergen,"Johannessen, T. : Omar, A. : Skjelvan, I.",Norway
26NA20110917,Nuka Arctica,Ship,Univ Bergen,"Johannessen, T. : Omar, A. : Skjelvan, I.",Norway
26NA20110928,Nuka Arctica,Ship,Univ Bergen,"Johannessen, T. : Omar, A. : Skjelvan, I.",Norway
26NA20111008,Nuka Arctica,Ship,Univ Bergen,"Johannessen, T. : Omar, A. : Skjelvan, I.",Norway
26NA20111019,Nuka Arctica,Ship,Univ Bergen,"Johannessen, T. : Omar, A. : Skjelvan, I.",Norway
26NA20111029,Nuka Arctica,Ship,Univ Bergen,"Johannessen, T. : Omar, A. : Skjelvan, I.",Norway
26NA20111109,Nuka Arctica,Ship,Univ Bergen,"Johannessen, T. : Omar, A. : Skjelvan, I.",Norway
26NA20111118,Nuka Arctica,Ship,Univ Bergen,"Johannessen, T. : Omar, A. : Skjelvan, I.",Norway
26NA20111130,Nuka Arctica,Ship,Univ Bergen,"Johannessen, T. : Omar, A. : Skjelvan, I.",Norway
26NA20111210,Nuka Arctica,Ship,Univ Bergen,"Johannessen, T. : Omar, A. : Skjelvan, I.",Norway
26NA20111220,Nuka Arctica,Ship,Univ Bergen,"Johannessen, T. : Omar, A. : Skjelvan, I.",Norway
26NA20120110,Nuka Arctica,Ship,Univ Bergen,"Johannessen, T.",Norway
26NA20120207,Nuka Arctica,Ship,Univ Bergen,"Johannessen, T.",Norway
26NA20120218,Nuka Arctica,Ship,Univ Bergen,"Johannessen, T.",Norway
26NA20120313,Nuka Arctica,Ship,Univ Bergen,"Johannessen, T.",Norway
26NA20120321,Nuka Arctica,Ship,Univ Bergen,"Johannessen, T.",Norway
26NA20120413,Nuka Arctica,Ship,Univ Bergen,"Johannessen, T.",Norway
26NA20120422,Nuka Arctica,Ship,Univ Bergen,"Johannessen, T.",Norway
26NA20120502,Nuka Arctica,Ship,Univ Bergen,"Johannessen, T.",Norway
26NA20120724,Nuka Arctica,Ship,Univ Bergen,"Johannessen, T.",Norway
26NA20120815,Nuka Arctica,Ship,Univ Bergen,"Johannessen, T.",Norway
26NA20120825,Nuka Arctica,Ship,Univ Bergen,"Johannessen, T.",Norway
26NA20120905,Nuka Arctica,Ship,Univ Bergen,"Johannessen, T.",Norway
26NA20120917,Nuka Arctica,Ship,Univ Bergen,"Johannessen, T.",Norway
26NA20120926,Nuka Arctica,Ship,Univ Bergen,"Johannessen, T.",Norway
26NA20121007,Nuka Arctica,Ship,Univ Bergen,"Johannessen, T.",Norway
26NA20121107,Nuka Arctica,Ship,Univ Bergen,"Johannessen, T.",Norway
26NA20121117,Nuka Arctica,Ship,Univ Bergen,"Johannessen, T.",Norway
26NA20121128,Nuka Arctica,Ship,Univ Bergen,"Johannessen, T.",Norway
26NA20121208,Nuka Arctica,Ship,Univ Bergen,"Johannessen, T.",Norway
26NA20121229,Nuka Arctica,Ship,Univ Bergen,"Johannessen, T.",Norway
26NA20130201,Nuka Arctica,Ship,Univ Bergen,"Omar, A.",Norway
26NA20130212,Nuka Arctica,Ship,Univ Bergen,"Omar, A.",Norway
26NA20130221,Nuka Arctica,Ship,Univ Bergen,"Omar, A.",Norway
26NA20130305,Nuka Arctica,Ship,Univ Bergen,"Omar, A.",Norway
26NA20130416,Nuka Arctica,Ship,Univ Bergen,"Omar, A.",Norway
26NA20130529,Nuka Arctica,Ship,Univ Bergen,"Omar, A.",Norway
26NA20130606,Nuka Arctica,Ship,Univ Bergen,"Omar, A.",Norway
26NA20130618,Nuka Arctica,Ship,Univ Bergen,"Omar, A.",Norway
26NA20130710,Nuka Arctica,Ship,Univ Bergen,"Omar, A.",Norway
26NA20130719,Nuka Arctica,Ship,Univ Bergen,"Omar, A.",Norway
26NA20130820,Nuka Arctica,Ship,Univ Bergen,"Omar, A.",Norway
26NA20130901,Nuka Arctica,Ship,Univ Bergen,"Omar, A.",Norway
26NA20130911,Nuka Arctica,Ship,Univ Bergen,"Omar, A.",Norway
26NA20131022,Nuka Arctica,Ship,Univ Bergen,"Omar, A.",Norway
26NA20131101,Nuka Arctica,Ship,Univ Bergen,"Omar, A.",Norway
26NA20131113,Nuka Arctica,Ship,Univ Bergen,"Omar, A.",Norway
26NA20131124,Nuka Arctica,Ship,Univ Bergen,"Omar, A.",Norway
26NA20131205,Nuka Arctica,Ship,Univ Bergen,"Omar, A.",Norway
26NA20131228,Nuka Arctica,Ship,Univ Bergen,"Omar, A.",Norway
26NA20140106,Nuka Arctica,Ship,Univ Bergen,"Omar, A.",Norway
26NA20140114,Nuka Arctica,Ship,Univ Bergen,"Omar, A.",Norway
26NA20140124,Nuka Arctica,Ship,Univ Bergen,"Omar, A.",Norway
26NA20140204,Nuka Arctica,Ship,Univ Bergen,"Omar, A.",Norway
26NA20140214,Nuka Arctica,Ship,Univ Bergen,"Omar, A.",Norway
26NA20140226,Nuka Arctica,Ship,Univ Bergen,"Omar, A.",Norway
26NA20140307,Nuka Arctica,Ship,Univ Bergen,"Omar, A.",Norway
26NA20140318,Nuka Arctica,Ship,Univ Bergen,"Omar, A.",Norway
26NA20140329,Nuka Arctica,Ship,Univ Bergen,"Omar, A.",Norway
26NA20140408,Nuka Arctica,Ship,Univ Bergen,"Omar, A.",Norway
26NA20140418,Nuka Arctica,Ship,Univ Bergen,"Omar, A.",Norway
26NA20140513,Nuka Arctica,Ship,Univ Bergen,"Omar, A.",Norway
26NA20140523,Nuka Arctica,Ship,Univ Bergen,"Omar, A.",Norway
26NA20140604,Nuka Arctica,Ship,Univ Bergen,"Omar, A.",Norway
26NA20140612,Nuka Arctica,Ship,Univ Bergen,"Omar, A.",Norway
26NA20140707,Nuka Arctica,Ship,Univ Bergen,"Omar, A.",Norway
26NA20140726,Nuka Arctica,Ship,Univ Bergen,"Omar, A.",Norway
26NA20140807,Nuka Arctica,Ship,Univ Bergen,"Omar, A.",Norway
26NA20140815,Nuka Arctica,Ship,Univ Bergen,"Omar, A.",Norway
26NA20140827,Nuka Arctica,Ship,Univ Bergen,"Omar, A.",Norway
26NA20140908,Nuka Arctica,Ship,Univ Bergen,"Omar, A.",Norway
26NA20140920,Nuka Arctica,Ship,Univ Bergen,"Omar, A.",Norway
26NA20140928,Nuka Arctica,Ship,Univ Bergen,"Omar, A.",Norway
26NA20141008,Nuka Arctica,Ship,Univ Bergen,"Omar, A.",Norway
26NA20141016,Nuka Arctica,Ship,Univ Bergen,"Omar, A.",Norway
26NA20141028,Nuka Arctica,Ship,Univ Bergen,"Omar, A.",Norway
26NA20141118,Nuka Arctica,Ship,Univ Bergen,"Omar, A.",Norway
26NA20151021,Nuka Arctica,Ship,Univ Bergen,"Omar, A. : Becker, M. : Olsen, A. : Johannessen, T.",Norway
26NA20151031,Nuka Arctica,Ship,Univ Bergen,"Omar, A. : Becker, M. : Olsen, A. : Johannessen, T.",Norway
26NA20151201,Nuka Arctica,Ship,Univ Bergen,"Omar, A. : Becker, M. : Olsen, A. : Johannessen, T.",Norway
26NA20151212,Nuka Arctica,Ship,Univ Bergen,"Omar, A. : Becker, M. : Olsen, A. : Johannessen, T.",Norway
26NA20160206,Nuka Arctica,Ship,Univ Bergen,"Becker, M. : Olsen, A. : Omar, A.",Norway
26NA20160215,Nuka Arctica,Ship,Univ Bergen,"Becker, M. : Olsen, A. : Johannessen, T.",Norway
26NA20160409,Nuka Arctica,Ship,Univ Bergen,"Becker, M. : Olsen, A. : Omar, A.",Norway
26NA20160418,Nuka Arctica,Ship,Univ Bergen,"Becker, M. : Olsen, A. : Omar, A.",Norway
26NA20160530,Nuka Arctica,Ship,Univ Bergen,"Becker, M. : Olsen, A. : Omar, A.",Norway
26NA20160612,Nuka Arctica,Ship,Univ Bergen,"Becker, M. : Olsen, A. : Omar, A.",Norway
26NA20160804,Nuka Arctica,Ship,Univ Bergen,"Becker, M. : Olsen, A. : Omar, A.",Norway
26NA20160916,Nuka Arctica,Ship,Univ Bergen,"Becker, M. : Olsen, A. : Johannessen, T.",Norway
26NA20160926,Nuka Arctica,Ship,Univ Bergen,"Becker, M. : Olsen, A. : Johannessen, T.",Norway
26NA20161027,Nuka Arctica,Ship,Univ Bergen,"Becker, M. : Olsen, A. : Johannessen, T.",Norway
26NA20161207,Nuka Arctica,Ship,Univ Bergen,"Becker, M. : Olsen, A. : Johannessen, T.",Norway
26NA20161217,Nuka Arctica,Ship,Univ Bergen,"Becker, M. : Olsen, A. : Johannessen, T.",Norway
26NA20161229,Nuka Arctica,Ship,Univ Bergen,"Becker, M. : Olsen, A.",Norway
26NA20170106,Nuka Arctica,Ship,Univ Bergen,"Becker, M. : Olsen, A.",Norway
26NA20170117,Nuka Arctica,Ship,Univ Bergen,"Becker, M. : Olsen, A.",Norway
26NA20170204,Nuka Arctica,Ship,Univ Bergen,"Becker, M. : Olsen, A.",Norway
26NA20170217,Nuka Arctica,Ship,Univ Bergen,"Becker, M. : Olsen, A.",Norway
26NA20170308,Nuka Arctica,Ship,Univ Bergen,"Becker, M. : Olsen, A.",Norway
26NA20170318,Nuka Arctica,Ship,Univ Bergen,"Becker, M. : Olsen, A.",Norway
26NA20170330,Nuka Arctica,Ship,Univ Bergen,"Becker, M. : Olsen, A.",Norway
26NA20170409,Nuka Arctica,Ship,Univ Bergen,"Becker, M. : Olsen, A.",Norway
26NA20170421,Nuka Arctica,Ship,Univ Bergen,"Becker, M. : Olsen, A.",Norway
26NA20170430,Nuka Arctica,Ship,Univ Bergen,"Becker, M. : Olsen, A.",Norway
26NA20170511,Nuka Arctica,Ship,Univ Bergen,"Becker, M. : Olsen, A.",Norway
26NA20170522,Nuka Arctica,Ship,Univ Bergen,"Becker, M. : Olsen, A.",Norway
26NA20170601,Nuka Arctica,Ship,Univ Bergen,"Becker, M. : Olsen, A.",Norway
26NA20170630,Nuka Arctica,Ship,Univ Bergen,"Becker, M. : Olsen, A.",Norway
26NA20170715,Nuka Arctica,Ship,Univ Bergen,"Becker, M. : Olsen, A.",Norway
26NA20170725,Nuka Arctica,Ship,Univ Bergen,"Becker, M. : Olsen, A.",Norway
26NA20170803,Nuka Arctica,Ship,Univ Bergen,"Becker, M. : Olsen, A.",Norway
26NA20170812,Nuka Arctica,Ship,Univ Bergen,"Becker, M. : Olsen, A.",Norway
26NA20170824,Nuka Arctica,Ship,Univ Bergen,"Becker, M. : Olsen, A.",Norway
26NA20170901,Nuka Arctica,Ship,Univ Bergen,"Becker, M. : Olsen, A.",Norway
26NA20170916,Nuka Arctica,Ship,Univ Bergen,"Becker, M. : Olsen, A.",Norway
26NA20170925,Nuka Arctica,Ship,Univ Bergen,"Becker, M. : Olsen, A.",Norway
26NA20171004,Nuka Arctica,Ship,Univ Bergen,"Becker, M. : Olsen, A.",Norway
26NA20171015,Nuka Arctica,Ship,Univ Bergen,"Becker, M. : Olsen, A.",Norway
26NA20171026,Nuka Arctica,Ship,Univ Bergen,"Becker, M. : Olsen, A.",Norway
26NA20171105,Nuka Arctica,Ship,Univ Bergen,"Becker, M. : Olsen, A.",Norway
26NA20171206,Nuka Arctica,Ship,Univ Bergen,"Becker, M. : Olsen, A.",Norway
26NA20171217,Nuka Arctica,Ship,Univ Bergen,"Becker, M. : Olsen, A.",Norway
26NA20180118,Nuka Arctica,Ship,Univ Bergen,"Becker, M. : Olsen, A.",Norway
26NA20180126,Nuka Arctica,Ship,Univ Bergen,"Becker, M. : Olsen, A.",Norway
26NA20180208,Nuka Arctica,Ship,Univ Bergen,"Becker, M. : Olsen, A.",Norway
26NA20180218,Nuka Arctica,Ship,Univ Bergen,"Becker, M. : Olsen, A.",Norway
26NA20180330,Nuka Arctica,Ship,Univ Bergen,"Becker, M. : Olsen, A.",Norway
26NA20180407,Nuka Arctica,Ship,Univ Bergen,"Becker, M. : Olsen, A.",Norway
26NA20180424,Nuka Arctica,Ship,Univ Bergen,"Becker, M. : Olsen, A.",Norway
26NA20180505,Nuka Arctica,Ship,Univ Bergen,"Becker, M. : Olsen, A.",Norway
26NA20180516,Nuka Arctica,Ship,Univ Bergen,"Becker, M. : Olsen, A.",Norway
26NA20180526,Nuka Arctica,Ship,Univ Bergen,"Becker, M. : Olsen, A.",Norway
26NA20180604,Nuka Arctica,Ship,Univ Bergen,"Becker, M. : Olsen, A.",Norway
26NA20180616,Nuka Arctica,Ship,Univ Bergen,"Becker, M. : Olsen, A.",Norway
26NA20180628,Nuka Arctica,Ship,Univ Bergen,"Becker, M. : Olsen, A.",Norway
26NA20180708,Nuka Arctica,Ship,Univ Bergen,"Becker, M. : Olsen, A.",Norway
26NA20180719,Nuka Arctica,Ship,Univ Bergen,"Becker, M. : Olsen, A.",Norway
26NA20180729,Nuka Arctica,Ship,Univ Bergen,"Becker, M. : Olsen, A.",Norway
26NA20180809,Nuka Arctica,Ship,Univ Bergen,"Becker, M. : Olsen, A.",Norway
26NA20180828,Nuka Arctica,Ship,Univ Bergen,"Becker, M. : Olsen, A.",Norway
26NA20180908,Nuka Arctica,Ship,Univ Bergen,"Becker, M. : Olsen, A.",Norway
26NA20181011,Nuka Arctica,Ship,Univ Bergen,"Becker, M. : Olsen, A.",Norway
26NA20181021,Nuka Arctica,Ship,Univ Bergen,"Becker, M. : Olsen, A.",Norway
26NA20181031,Nuka Arctica,Ship,Univ Bergen,"Becker, M. : Olsen, A.",Norway
26NA20181121,Nuka Arctica,Ship,Univ Bergen,"Becker, M. : Olsen, A.",Norway
26NA20190116,Nuka Arctica,Ship,Univ Bergen,"Becker, M. : Olsen, A.",Norway
26NA20190126,Nuka Arctica,Ship,Univ Bergen,"Becker, M. : Olsen, A.",Norway
26NA20190207,Nuka Arctica,Ship,Univ Bergen,"Becker, M. : Olsen, A.",Norway
26NA20190216,Nuka Arctica,Ship,Univ Bergen,"Becker, M. : Olsen, A.",Norway
26NA20190308,Nuka Arctica,Ship,Univ Bergen,"Becker, M. : Olsen, A.",Norway
26NA20190317,Nuka Arctica,Ship,Univ Bergen,"Becker, M. : Olsen, A.",Norway
26NA20190330,Nuka Arctica,Ship,Univ Bergen,"Becker, M. : Olsen, A.",Norway
26NA20190408,Nuka Arctica,Ship,Univ Bergen,"Becker, M. : Olsen, A.",Norway
26NA20190424,Nuka Arctica,Ship,Univ Bergen,"Becker, M. : Olsen, A.",Norway
26NA20190502,Nuka Arctica,Ship,Univ Bergen,"Becker, M. : Olsen, A.",Norway
26NA20190516,Nuka Arctica,Ship,Univ Bergen,"Becker, M. : Olsen, A.",Norway
26NA20190524,Nuka Arctica,Ship,Univ Bergen,"Becker, M. : Olsen, A.",Norway
26NA20190918,Nuka Arctica,Ship,Univ Bergen,"Becker, M. : Olsen, A.",Norway
26NA20191009,Nuka Arctica,Ship,Univ Bergen,"Becker, M. : Olsen, A.",Norway
26NA20191020,Nuka Arctica,Ship,Univ Bergen,"Becker, M. : Olsen, A.",Norway
26NA20191030,Nuka Arctica,Ship,Univ Bergen,"Becker, M. : Olsen, A.",Norway
26NA20191108,Nuka Arctica,Ship,Univ Bergen,"Becker, M. : Olsen, A.",Norway
26NA20191122,Nuka Arctica,Ship,Univ Bergen,"Becker, M. : Olsen, A.",Norway
26NA20191201,Nuka Arctica,Ship,Univ Bergen,"Becker, M. : Olsen, A.",Norway
26NA20191211,Nuka Arctica,Ship,Univ Bergen,"Becker, M. : Olsen, A.",Norway
26NA20200101,Nuka Arctica,Ship,Univ Bergen,"Becker, M. : Olsen, A.",Norway
26NA20200116,Nuka Arctica,Ship,Univ Bergen,"Becker, M. : Olsen, A.",Norway
26NA20200122,Nuka Arctica,Ship,Univ Bergen,"Becker, M. : Olsen, A.",Norway
26NA20200203,Nuka Arctica,Ship,Univ Bergen,"Becker, M. : Olsen, A.",Norway
26NA20200325,Nuka Arctica,Ship,Univ Bergen,"Becker, M. : Olsen, A.",Norway
26NA20200407,Nuka Arctica,Ship,Univ Bergen,"Becker, M. : Olsen, A.",Norway
26RA20210114,Tukuma Arctica,Ship,Univ Bergen,"Becker, M.",Norway
26RA20210123,Tukuma Arctica,Ship,Univ Bergen,"Becker, M.",Norway
26RA20210213,Tukuma Arctica,Ship,Univ Bergen,"Becker, M.",Norway
26RA20210224,Tukuma Arctica,Ship,Univ Bergen,"Becker, M.",Norway
26RA20210307,Tukuma Arctica,Ship,Univ Bergen,"Becker, M.",Norway
26RA20210317,Tukuma Arctica,Ship,Univ Bergen,"Becker, M.",Norway
26RA20210328,Tukuma Arctica,Ship,Univ Bergen,"Becker, M.",Norway
26RA20210421,Tukuma Arctica,Ship,Univ Bergen,"Becker, M.",Norway
26RA20210429,Tukuma Arctica,Ship,Univ Bergen,"Becker, M.",Norway
26RA20210512,Tukuma Arctica,Ship,Univ Bergen,"Becker, M.",Norway
26RA20210522,Tukuma Arctica,Ship,Univ Bergen,"Becker, M.",Norway
26RA20210602,Tukuma Arctica,Ship,Univ Bergen,"Becker, M.",Norway
26RA20210612,Tukuma Arctica,Ship,Univ Bergen,"Becker, M.",Norway
26RA20210623,Tukuma Arctica,Ship,Univ Bergen,"Becker, M.",Norway
26RA20210703,Tukuma Arctica,Ship,Univ Bergen,"Becker, M.",Norway
26RA20210715,Tukuma Arctica,Ship,Univ Bergen,"Becker, M.",Norway
26RA20210724,Tukuma Arctica,Ship,Univ Bergen,"Becker, M.",Norway
26RA20210805,Tukuma Arctica,Ship,Univ Bergen,"Becker, M.",Norway
26RA20210815,Tukuma Arctica,Ship,Univ Bergen,"Becker, M.",Norway
26RA20210825,Tukuma Arctica,Ship,Univ Bergen,"Becker, M.",Norway
26RA20210904,Tukuma Arctica,Ship,Univ Bergen,"Becker, M.",Norway
26RA20210915,Tukuma Arctica,Ship,Univ Bergen,"Becker, M.",Norway
26RA20210925,Tukuma Arctica,Ship,Univ Bergen,"Becker, M.",Norway
26RA20220126,Tukuma Arctica,Ship,Univ Bergen,"Becker, M. : Olsen, A.",Norway
26RA20220330,Tukuma Arctica,Ship,Univ Bergen,"Becker, M. : Olsen, A.",Norway
26RA20220409,Tukuma Arctica,Ship,Univ Bergen,"Becker, M. : Olsen, A.",Norway
26RA20220420,Tukuma Arctica,Ship,Univ Bergen,"Becker, M. : Olsen, A.",Norway
26RA20220430,Tukuma Arctica,Ship,Univ Bergen,"Becker, M. : Olsen, A.",Norway
26RA20220511,Tukuma Arctica,Ship,Univ Bergen,"Becker, M. : Olsen, A.",Norway
26RA20220521,Tukuma Arctica,Ship,Univ Bergen,"Becker, M. : Olsen, A.",Norway
26RA20220601,Tukuma Arctica,Ship,Univ Bergen,"Becker, M. : Olsen, A.",Norway
26RA20220713,Tukuma Arctica,Ship,Univ Bergen,"Becker, M. : Olsen, A.",Norway
26RA20220723,Tukuma Arctica,Ship,Univ Bergen,"Becker, M. : Olsen, A.",Norway
26RA20220803,Tukuma Arctica,Ship,Univ Bergen,"Becker, M. : Olsen, A.",Norway
26RA20220813,Tukuma Arctica,Ship,Univ Bergen,"Becker, M. : Olsen, A.",Norway
26RA20220824,Tukuma Arctica,Ship,Univ Bergen,"Becker, M. : Olsen, A.",Norway
26RA20220903,Tukuma Arctica,Ship,Univ Bergen,"Becker, M. : Olsen, A.",Norway
26RA20220914,Tukuma Arctica,Ship,Univ Bergen,"Becker, M. : Olsen, A.",Norway
26RA20220925,Tukuma Arctica,Ship,Univ Bergen,"Becker, M. : Olsen, A.",Norway
26RA20221005,Tukuma Arctica,Ship,Univ Bergen,"Becker, M. : Olsen, A.",Norway
26RA20221016,Tukuma Arctica,Ship,Univ Bergen,"Becker, M. : Olsen, A.",Norway
26RA20221026,Tukuma Arctica,Ship,Univ Bergen,"Becker, M. : Olsen, A.",Norway
26RA20221105,Tukuma Arctica,Ship,Univ Bergen,"Becker, M. : Olsen, A.",Norway
26RA20221116,Tukuma Arctica,Ship,Univ Bergen,"Becker, M. : Olsen, A.",Norway
26RA20221126,Tukuma Arctica,Ship,Univ Bergen,"Becker, M. : Olsen, A.",Norway
26RA20221205,Tukuma Arctica,Ship,Univ Bergen,"Becker, M. : Olsen, A.",Norway
26RA20221217,Tukuma Arctica,Ship,Univ Bergen,"Becker, M. : Olsen, A.",Norway
26RA20230106,Tukuma Arctica,Ship,Univ Bergen,"Becker, M. : Olsen, A.",Norway
26RA20230114,Tukuma Arctica,Ship,Univ Bergen,"Becker, M. : Olsen, A.",Norway
26RA20230125,Tukuma Arctica,Ship,Univ Bergen,"Becker, M. : Olsen, A.",Norway
26RA20230213,Tukuma Arctica,Ship,Univ Bergen,"Becker, M. : Olsen, A.",Norway
26RA20230227,Tukuma Arctica,Ship,Univ Bergen,"Becker, M. : Olsen, A.",Norway
26RA20230307,Tukuma Arctica,Ship,Univ Bergen,"Becker, M. : Olsen, A.",Norway
26RA20230319,Tukuma Arctica,Ship,Univ Bergen,"Becker, M. : Olsen, A.",Norway
26RA20230330,Tukuma Arctica,Ship,Univ Bergen,"Becker, M. : Olsen, A.",Norway
26RA20230409,Tukuma Arctica,Ship,Univ Bergen,"Becker, M. : Olsen, A.",Norway
26RA20230419,Tukuma Arctica,Ship,Univ Bergen,"Becker, M. : Olsen, A.",Norway
26RA20230429,Tukuma Arctica,Ship,Univ Bergen,"Becker, M. : Olsen, A.",Norway
26RA20230510,Tukuma Arctica,Ship,Univ Bergen,"Becker, M. : Olsen, A.",Norway
26RA20230520,Tukuma Arctica,Ship,Univ Bergen,"Becker, M. : Olsen, A.",Norway
26RA20230531,Tukuma Arctica,Ship,Univ Bergen,"Becker, M. : Olsen, A.",Norway
26RA20230610,Tukuma Arctica,Ship,Univ Bergen,"Becker, M. : Olsen, A.",Norway
26RA20230827,Tukuma Arctica,Ship,Univ Bergen,"Becker, M. : Olsen, A.",Norway
26RA20230909,Tukuma Arctica,Ship,Univ Bergen,"Becker, M. : Olsen, A.",Norway
26RA20240221,Tukuma Arctica,Ship,Univ Bergen,"Becker, M. : Olsen, A.",Norway
26RA20240303,Tukuma Arctica,Ship,Univ Bergen,"Becker, M. : Olsen, A.",Norway
26RA20240314,Tukuma Arctica,Ship,Univ Bergen,"Becker, M. : Olsen, A.",Norway
26RA20240322,Tukuma Arctica,Ship,Univ Bergen,"Becker, M. : Olsen, A.",Norway
26RA20240406,Tukuma Arctica,Ship,Univ Bergen,"Becker, M. : Olsen, A.",Norway
26RA20240412,Tukuma Arctica,Ship,Univ Bergen,"Becker, M. : Olsen, A.",Norway
26RA20240425,Tukuma Arctica,Ship,Univ Bergen,"Becker, M. : Olsen, A.",Norway
26RA20240503,Tukuma Arctica,Ship,Univ Bergen,"Becker, M. : Olsen, A.",Norway
26RA20240516,Tukuma Arctica,Ship,Univ Bergen,"Becker, M. : Olsen, A.",Norway
26RA20240525,Tukuma Arctica,Ship,Univ Bergen,"Becker, M. : Olsen, A.",Norway
26RA20240719,Tukuma Arctica,Ship,Univ Bergen,"Becker, M. : Olsen, A.",Norway
26RA20240816,Tukuma Arctica,Ship,Univ Bergen,"Becker, M. : Olsen, A.",Norway
26RA20240830,Tukuma Arctica,Ship,Univ Bergen,"Becker, M. : Olsen, A.",Norway
26RA20240907,Tukuma Arctica,Ship,Univ Bergen,"Becker, M. : Olsen, A.",Norway
26T320231020,San Lorenzo Maersk,Ship,LOCEAN,"Lefevre, N.",France
26YH20240220,Magnolia Seaways,Ship-of-Opportunity,Hereon,"Macovei, V. : Voynova, Y. : Gehrung, M. : Petersen, W.",Germany
26YH20240605,Magnolia Seaways,Ship-of-Opportunity,Hereon,"Macovei, V. : Voynova, Y. : Gehrung, M. : Petersen, W.",Germany
26YH20240820,Magnolia Seaways,Ship-of-Opportunity,Hereon,"Macovei, V. : Voynova, Y. : Gehrung, M. : Petersen, W.",Germany
26YH20241018,Magnolia Seaways,Ship-of-Opportunity,Hereon,"Macovei, V. : Voynova, Y. : Gehrung, M. : Petersen, W.",Germany
28AQ20190515,Flora,Ship,NOAA AOML,"Wanninkhof, R. : Pierrot, D.",USA
28AQ20190615,Flora,Ship,NOAA AOML,"Wanninkhof, R. : Pierrot, D.",USA
28AQ20190630,Flora,Ship,NOAA AOML,"Wanninkhof, R. : Pierrot, D.",USA
28AQ20190707,Flora,Ship,NOAA AOML,"Wanninkhof, R. : Pierrot, D.",USA
28AQ20190714,Flora,Ship,NOAA AOML,"Wanninkhof, R. : Pierrot, D.",USA
28AQ20190721,Flora,Ship,NOAA AOML,"Wanninkhof, R. : Pierrot, D.",USA
28AQ20190728,Flora,Ship,NOAA AOML,"Wanninkhof, R. : Pierrot, D.",USA
28AQ20190804,Flora,Ship,NOAA AOML,"Wanninkhof, R. : Pierrot, D.",USA
28AQ20190811,Flora,Ship,NOAA AOML,"Wanninkhof, R. : Pierrot, D.",USA
28AQ20190818,Flora,Ship,NOAA AOML,"Wanninkhof, R. : Pierrot, D.",USA
28AQ20190825,Flora,Ship,NOAA AOML,"Wanninkhof, R. : Pierrot, D.",USA
28AQ20190915,Flora,Ship,NOAA AOML,"Wanninkhof, R. : Pierrot, D.",USA
28AQ20190922,Flora,Ship,NOAA AOML,"Wanninkhof, R. : Pierrot, D.",USA
28AQ20190929,Flora,Ship,NOAA AOML,"Wanninkhof, R. : Pierrot, D.",USA
28AQ20191013,Flora,Ship,NOAA AOML,"Wanninkhof, R. : Pierrot, D.",USA
28AQ20191020,Flora,Ship,NOAA AOML,"Wanninkhof, R. : Pierrot, D.",USA
28AQ20191027,Flora,Ship,NOAA AOML,"Wanninkhof, R. : Pierrot, D.",USA
28AQ20191103,Flora,Ship,NOAA AOML,"Wanninkhof, R. : Pierrot, D.",USA
28AQ20191110,Flora,Ship,NOAA AOML,"Wanninkhof, R. : Pierrot, D.",USA
28AQ20191117,Flora,Ship,NOAA AOML,"Wanninkhof, R. : Pierrot, D.",USA
28AQ20191124,Flora,Ship,NOAA AOML,"Wanninkhof, R. : Pierrot, D.",USA
28AQ20200112,Flora,Ship,NOAA AOML,"Wanninkhof, R. : Pierrot, D.",USA
28AQ20200119,Flora,Ship,NOAA AOML,"Wanninkhof, R. : Pierrot, D.",USA
28WT20240524,NG Islander 2,Ship,NOAA AOML,"Wanninkhof, R : Pierrot, D.",USA
28WT20240529,NG Islander 2,Ship,NOAA AOML,"Wanninkhof, R : Pierrot, D.",USA
28WT20240602,NG Islander 2,Ship,NOAA AOML,"Wanninkhof, R : Pierrot, D.",USA
28WT20240607,NG Islander 2,Ship,NOAA AOML,"Wanninkhof, R : Pierrot, D.",USA
28WT20240612,NG Islander 2,Ship,NOAA AOML,"Wanninkhof, R : Pierrot, D.",USA
28WT20240616,NG Islander 2,Ship,NOAA AOML,"Wanninkhof, R : Pierrot, D.",USA
28WT20240621,NG Islander 2,Ship,NOAA AOML,"Wanninkhof, R : Pierrot, D.",USA
28WT20240626,NG Islander 2,Ship,NOAA AOML,"Wanninkhof, R : Pierrot, D.",USA
28WT20240630,NG Islander 2,Ship,NOAA AOML,"Wanninkhof, R : Pierrot, D.",USA
28WT20240708,NG Islander 2,Ship,NOAA AOML,"Wanninkhof, R : Pierrot, D.",USA
28WT20240726,NG Islander 2,Ship,NOAA AOML,"Wanninkhof, R : Pierrot, D.",USA
28WT20240802,NG Islander 2,Ship,NOAA AOML,"Wanninkhof, R : Pierrot, D.",USA
28WT20240809,NG Islander 2,Ship,NOAA AOML,"Wanninkhof, R : Pierrot, D.",USA
28WT20240908,NG Islander 2,Ship,NOAA AOML,"Wanninkhof, R : Pierrot, D.",USA
28WT20241104,NG Islander 2,Ship,NOAA AOML,"Wanninkhof, R : Pierrot, D.",USA
29AH20090309,Sarmiento de Gamboa,Ship,CSIC Spain,"Padin, X.A.",Spain
29AH20090429,Sarmiento de Gamboa,Ship,CSIC Spain,"Padin, X.A.",Spain
29AH20090914,Sarmiento de Gamboa,Ship,CSIC Spain,"Padin, X.A.",Spain
29AH20160618,Sarmiento de Gamboa,Ship,CSIC Spain,"Padin, X.A.",Spain
29AH20161105,Sarmiento de Gamboa,Ship,CSIC Spain,"Padin, X.A.",Spain
29HE20001028,Hesperides,Ship,CSIC Spain,"Rios, A.F.",Spain
29HE20010306,Hesperides,Ship,CSIC Spain,"Rios, A.F. : Perez, F.F.",Spain
29HE20011027,Hesperides,Ship,CSIC Spain,"Rios, A.F.",Spain
29HE20020305,Hesperides,Ship,CSIC Spain,"Rios, A.F. : Perez, F.F.",Spain
29HE20021028,Hesperides,Ship,CSIC Spain,"Rios, A.F.",Spain
29HE20030409,Hesperides,Ship,CSIC Spain,"Rios, A.F.",Spain
29HE20041021,Hesperides,Ship,CSIC Spain,"Rios, A.F. : Perez, F.F.",Spain
29HE20051019,Hesperides,Ship,CSIC Spain,"Rios, A.F.",Spain
29HE20060319,Hesperides,Ship,CSIC Spain,"Rios, A.F.",Spain
29HE20060925,Hesperides,Ship,CSIC Spain,"Rios, A.F.",Spain
29HE20070321,Hesperides,Ship,CSIC Spain,"Rios, A.F.",Spain
29HE20071008,Hesperides,Ship,CSIC Spain,"Rios, A.F.",Spain
29HE20081008,Hesperides,Ship,CSIC Spain,"Rios, A.F.",Spain
316420000224,Mooring,Mooring,Univ Montana,"DeGrandpre, M.",USA
316420000727,Mooring,Mooring,Univ Montana,"DeGrandpre, M.",USA
316420000925,Mooring,Mooring,Univ Montana,"DeGrandpre, M.",USA
316420010618,Mooring,Mooring,Univ Montana,"DeGrandpre, M.",USA
316420040508,Mooring,Mooring,NOAA PMEL,"Sutton, A. : Sabine, C. : Dietrich, C. : Maenner, S. : Musielewicz, S. : Bott, R. : Osborne, J.",USA
316420040523,Mooring,Mooring,NOAA PMEL,"Sutton, A. : Sabine, C. : Dietrich, C. : Maenner, S. : Musielewicz, S. : Bott, R. : Osborne, J.",USA
316420040612,Drifting Buoy,Drifting Buoy,Univ Montana,"DeGrandpre, M. : Drennan, W.M.",USA
316420040913,Mooring,Mooring,NOAA PMEL,"Sutton, A. : Sabine, C. : Dietrich, C. : Maenner, S. : Musielewicz, S. : Bott, R. : Osborne, J.",USA
316420041219,Mooring,Mooring,NOAA PMEL,"Sabine, C. : Maenner, S. : Bott, R. : Sutton, A.",USA
316420050302,Mooring,Mooring,NOAA PMEL,"Sutton, A. : Sabine, C. : Dietrich, C. : Maenner, S. : Musielewicz, S. : Bott, R. : Osborne, J.",USA
316420050316,Mooring,Mooring,NOAA PMEL,"Sutton, A. : Sabine, C. : Dietrich, C. : Maenner, S. : Musielewicz, S. : Bott, R. : Osborne, J.",USA
316420050529,Mooring,Mooring,NOAA PMEL,"Sabine, C. : Maenner, S. : Bott, R. : Sutton, A.",USA
316420050616,Mooring,Mooring,NOAA PMEL,"Sutton, A. : Sabine, C. : Dietrich, C. : Maenner, S. : Musielewicz, S. : Bott, R. : Osborne, J.",USA
316420050704,Mooring,Mooring,NOAA PMEL,"Sutton, A. : Sabine, C. : Dietrich, C. : Maenner, S. : Musielewicz, S. : Bott, R. : Osborne, J.",USA
316420051002,Mooring,Mooring,NOAA PMEL : Bermuda Inst Ocean Sci,"Sabine, C. : Bates, N.R. : Maenner, S. : Bott, R. : Sutton, A.",USA
316420051201,Crimp1_158W_21N,Mooring,NOAA PMEL : Univ Hawaii,"Sutton, A. : DeCarlo, E.",USA
316420060117,Mooring,Mooring,NOAA PMEL,"Sutton, A. : Sabine, C. : Dietrich, C. : Maenner, S. : Musielewicz, S. : Bott, R. : Osborne, J.",USA
316420060131,Mooring,Mooring,NOAA PMEL,"Sutton, A. : Sabine, C. : Dietrich, C. : Maenner, S. : Musielewicz, S. : Bott, R. : Osborne, J.",USA
316420060219,Mooring,Mooring,NOAA PMEL,"Sabine, C. : Maenner, S. : Bott, R. : Sutton, A.",USA
316420060618,Mooring,Mooring,NOAA PMEL,"Sabine, C. : Maenner, S. : Bott, R. : Sutton, A.",USA
316420060623,Mooring,Mooring,NOAA PMEL,"Sutton, A. : Sabine, C. : Musielewicz, S. : Maenner, S. : Dietrich, C. : Bott, R. : Osborne, J.",USA
316420060713,Mooring,Mooring,NOAA PMEL : Univ New Hampshire,"Sutton, A. : Sabine, C. : Salisbury, J. : Vandemark, D. : Musielewicz, S. : Maenner, S. : Dietrich, C. : Bott, R. : Osborne, J.",USA
316420060714,Mooring,Mooring,NOAA PMEL : Bermuda Inst Ocean Sci,"Sabine, C. : Bates, N.R. : Maenner, S. : Bott, R. : Sutton, A.",USA
316420060718,GraysReef_81W_31N,Mooring,NOAA PMEL : Univ Delaware,"Sutton, A. : Cai, W.-J. : Noakes, S.",USA
316420060914,Mooring,Mooring,NOAA PMEL,"Sutton, A. : Sabine, C. : Dietrich, C. : Maenner, S. : Musielewicz, S. : Bott, R. : Osborne, J.",USA
316420061016,Mooring,Mooring,NOAA PMEL,"Sutton, A. : Sabine, C. : Dietrich, C. : Maenner, S. : Musielewicz, S. : Bott, R. : Osborne, J.",USA
316420070128,Mooring,Mooring,NOAA PMEL,"Sabine, C. : Maenner, S. : Bott, R. : Sutton, A.",USA
316420070219,Mooring,Mooring,NOAA PMEL,"Sabine, C. : Dickey, T. : Maenner, S. : Bott, R. : Sutton, A.",USA
316420070313,Mooring,Mooring,NOAA PMEL : Bermuda Inst Ocean Sci,"Sabine, C. : Bates, N.R. : Maenner, S. : Bott, R. : Sutton, A.",USA
316420070413,Mooring,Mooring,NOAA PMEL,"Sutton, A. : Sabine, C. : Dietrich, C. : Maenner, S. : Musielewicz, S. : Bott, R. : Osborne, J.",USA
316420070519,Mooring,Mooring,NOAA PMEL,"Sutton, A. : Sabine, C. : Musielewicz, S. : Maenner, S. : Dietrich, C. : Bott, R. : Osborne, J.",USA
316420070531,Mooring,Mooring,NOAA PMEL,"Sutton, A. : Sabine, C. : Dietrich, C. : Maenner, S. : Musielewicz, S. : Bott, R. : Osborne, J.",USA
316420070608,Papa_145W_50N,Mooring,NOAA PMEL,"Sabine, C. : Sutton, A.",USA
316420070619,Mooring,Mooring,Univ Montana,"DeGrandpre, M.",USA
316420070622,Drifting Buoy,Drifting Buoy,Univ Montana,"DeGrandpre, M.",USA
316420070626,Mooring,Mooring,NOAA PMEL,"Sutton, A. : Sabine, C. : Dietrich, C. : Maenner, S. : Musielewicz, S. : Bott, R. : Osborne, J.",USA
316420070626-2,GraysReef_81W_31N,Mooring,NOAA PMEL : Univ Delaware,"Sutton, A. : Cai, W.-J. : Noakes, S.",USA
316420070731,Mooring,Mooring,NOAA PMEL,"Sutton, A. : Sabine, C. : Dietrich, C. : Maenner, S. : Musielewicz, S. : Bott, R. : Osborne, J.",USA
316420070829,Mooring,Mooring,NOAA PMEL : Univ New Hampshire,"Sutton, A. : Sabine, C. : Salisbury, J. : Vandemark, D. : Musielewicz, S. : Maenner, S. : Dietrich, C. : Bott, R. : Osborne, J.",USA
316420070926,Mooring,Mooring,NOAA PMEL,"Sutton, A. : Sabine, C. : Dietrich, C. : Maenner, S. : Musielewicz, S. : Bott, R. : Osborne, J.",USA
316420071016,Mooring,Mooring,NOAA PMEL,"Sutton, A. : Sabine, C. : Dietrich, C. : Maenner, S. : Musielewicz, S. : Bott, R. : Osborne, J.",USA
316420071017,Mooring,Mooring,NOAA PMEL,"Sutton, A. : Sabine, C. : Musielewicz, S. : Maenner, S. : Dietrich, C. : Bott, R. : Osborne, J.",USA
316420071027,Mooring,Mooring,NOAA PMEL,"Sutton, A. : Sabine, C. : Dietrich, C. : Maenner, S. : Musielewicz, S. : Bott, R. : Osborne, J.",USA
316420080107,Mooring,Mooring,Univ Montana,"DeGrandpre, M.",USA
316420080418,Crimp1_158W_21N,Mooring,NOAA PMEL : Univ Hawaii,"Sutton, A. : DeCarlo, E.",USA
316420080510,Mooring,Mooring,NOAA PMEL,"Sutton, A. : Sabine, C. : Dietrich, C. : Maenner, S. : Musielewicz, S. : Bott, R. : Osborne, J.",USA
316420080605,Mooring,Mooring,NOAA PMEL,"Sutton, A. : Sabine, C. : Dietrich, C. : Maenner, S. : Musielewicz, S. : Bott, R. : Osborne, J.",USA
316420080606,Alawai_158W_21N,Mooring,NOAA PMEL : Univ Hawaii,"Sutton, A. : DeCarlo, E. : Tomlinson, M.",USA
316420080607,Mooring,Mooring,NOAA PMEL,"Sutton, A. : Sabine, C. : De Carlo, E. : Musielewicz, S. : Maenner, S. : Dietrich, C. : Bott, R. : Osborne, J.",USA
316420080611,Papa_145W_50N,Mooring,NOAA PMEL : Univ Wash,"Sabine, C. : Emerson, S. : Cronin, M.",USA
316420080611-2,Crimp2_158W_21N,Mooring,NOAA PMEL,"Sutton, A. : De Carlo, E. : Tomlinson, M.",USA
316420080616,GraysReef_81W_31N,Mooring,NOAA PMEL : Univ Delaware,"Sutton, A. : Cai, W.-J. : Noakes, S.",USA
316420080826,Mooring,Mooring,NOAA PMEL,"Sutton, A. : Sabine, C. : Dietrich, C. : Maenner, S. : Musielewicz, S. : Bott, R. : Osborne, J.",USA
316420080913,Mooring,Mooring,NOAA PMEL,"Sutton, A. : Sabine, C. : Dietrich, C. : Maenner, S. : Musielewicz, S. : Bott, R. : Osborne, J.",USA
316420080916,Mooring,Mooring,Univ Montana,"DeGrandpre, M.",USA
316420080916-2,Mooring,Mooring,Univ Montana,"DeGrandpre, M.",USA
316420081014,Mooring,Mooring,NOAA PMEL : Univ New Hampshire,"Sutton, A. : Sabine, C. : Salisbury, J. : Vandemark, D. : Musielewicz, S. : Maenner, S. : Dietrich, C. : Bott, R. : Osborne, J.",USA
316420081026,Mooring,Mooring,NOAA PMEL,"Sutton, A. : Sabine, C. : Dietrich, C. : Maenner, S. : Musielewicz, S. : Bott, R. : Osborne, J.",USA
316420081111,CCE1_122W_33N,Mooring,NOAA PMEL : Scripps Inst Ocean,"Sutton, A. : Send, U.",USA
316420081113,Mooring,Mooring,NOAA PMEL,"Sutton, A. : Sabine, C. : Dietrich, C. : Maenner, S. : Musielewicz, S. : Bott, R. : Osborne, J.",USA
316420081209,Mooring,Mooring,NOAA PMEL : Univ New Hampshire,"Sutton, A. : Sabine, C. : Salisbury, J. : Vandemark, D. : Musielewicz, S. : Maenner, S. : Dietrich, C. : Bott, R. : Osborne, J.",USA
316420090105,Mooring,Mooring,NOAA PMEL,"Sutton, A. : Sabine, C. : De Carlo, E. : Musielewicz, S. : Maenner, S. : Dietrich, C. : Bott, R. : Osborne, J.",USA
316420090116,Mooring,Mooring,NOAA PMEL : Univ Puerto Rico,"Sutton, A. : Sabine, C. : Morell, J. : Musielewicz, S. : Maenner, S. : Dietrich, C. : Bott, R. : Osborne, J.",USA
316420090206,Crimp2_158W_21N,Mooring,NOAA PMEL,"Sutton, A. : De Carlo, E. : Tomlinson, M.",USA
316420090512,CoastalMS_89W_30N,Mooring,NOAA PMEL : Univ Southern Mississippi,"Sutton, A. : Howden, S.",USA
316420090519,CCE1_122W_33N,Mooring,NOAA PMEL : Scripps Inst Ocean,"Sutton, A. : Send, U.",USA
316420090529,Mooring,Mooring,NOAA PMEL,"Sutton, A. : Sabine, C. : Musielewicz, S. : Maenner, S. : Dietrich, C. : Bott, R. : Osborne, J.",USA
316420090602,Mooring,Mooring,NOAA PMEL,"Sutton, A. : Sabine, C. : Dietrich, C. : Maenner, S. : Musielewicz, S. : Bott, R. : Osborne, J.",USA
316420090613,Papa_145W_50N,Mooring,NOAA PMEL,"Sutton, A. : Emerson, S.",USA
316420090618,Mooring,Mooring,NOAA PMEL,"Sutton, A. : Sabine, C. : De Carlo, E. : Musielewicz, S. : Maenner, S. : Dietrich, C. : Bott, R. : Osborne, J.",USA
316420090622,Mooring,Mooring,NOAA PMEL,"Sutton, A. : Sabine, C. : Dietrich, C. : Maenner, S. : Musielewicz, S. : Bott, R. : Osborne, J.",USA
316420090711,Mooring,Mooring,NOAA PMEL,"Sutton, A. : Sabine, C. : Dietrich, C. : Maenner, S. : Musielewicz, S. : Bott, R. : Osborne, J.",USA
316420090720,GraysReef_81W_31N,Mooring,NOAA PMEL : Univ Delaware,"Sutton, A. : Cai, W.-J. : Noakes, S.",USA
316420090805,Mooring,Mooring,NOAA PMEL,"Sutton, A. : Sabine, C. : De Carlo, E. : Musielewicz, S. : Maenner, S. : Dietrich, C. : Bott, R. : Osborne, J.",USA
316420090822,Twanoh_123W_47N,Mooring,NOAA PMEL,"Sutton, A.",USA
316420090902,Mooring,Mooring,NOAA PMEL : Univ New Hampshire,"Sutton, A. : Sabine, C. : Salisbury, J. : Vandemark, D. : Musielewicz, S. : Maenner, S. : Dietrich, C. : Bott, R. : Osborne, J.",USA
316420090904,Mooring,Mooring,NOAA PMEL,"Sutton, A. : Sabine, C. : Dietrich, C. : Maenner, S. : Musielewicz, S. : Bott, R. : Osborne, J.",USA
316420090905,Mooring,Mooring,NOAA PMEL,"Sutton, A. : Sabine, C. : Dietrich, C. : Maenner, S. : Musielewicz, S. : Bott, R. : Osborne, J.",USA
316420090919,Mooring,Mooring,NOAA PMEL,"Sutton, A. : Sabine, C. : Dietrich, C. : Maenner, S. : Musielewicz, S. : Bott, R. : Osborne, J.",USA
316420091008,Twanoh_123W_47N,Mooring,NOAA PMEL,"Sutton, A. : Newton, J.",USA
316420091024,Mooring,Mooring,Univ Montana,"DeGrandpre, M.",USA
316420091109,Mooring,Mooring,NOAA PMEL,"Sutton, A. : Sabine, C. : De Carlo, E. : Musielewicz, S. : Maenner, S. : Dietrich, C. : Bott, R. : Osborne, J.",USA
316420091125,Mooring,Mooring,NOAA PMEL,"Sutton, A. : Sabine, C. : De Carlo, E. : Musielewicz, S. : Maenner, S. : Dietrich, C. : Bott, R. : Osborne, J.",USA
316420091215,CCE1_122W_33N,Mooring,NOAA PMEL : Scripps Inst Ocean,"Sutton, A. : Send, U.",USA
316420100113,Mooring,Mooring,NOAA PMEL,"Sutton, A. : Sabine, C. : Dietrich, C. : Maenner, S. : Musielewicz, S. : Bott, R. : Osborne, J.",USA
316420100117,CCE2_121W_34N,Mooring,NOAA PMEL : Scripps Inst Ocean,"Sutton, A. : Send, U.",USA
316420100119,Mooring,Mooring,NOAA PMEL,"Sutton, A. : Sabine, C. : Dietrich, C. : Maenner, S. : Musielewicz, S. : Bott, R. : Osborne, J.",USA
316420100121,Mooring,Mooring,NOAA PMEL : Univ Puerto Rico,"Sutton, A. : Sabine, C. : Morell, J. : Musielewicz, S. : Maenner, S. : Dietrich, C. : Bott, R. : Osborne, J.",USA
316420100124,Mooring,Mooring,NOAA PMEL,"Sutton, A. : Sabine, C. : De Carlo, E. : Musielewicz, S. : Maenner, S. : Dietrich, C. : Bott, R. : Osborne, J.",USA
316420100203,Mooring,Mooring,NOAA PMEL,"Sutton, A. : Sabine, C. : Dietrich, C. : Maenner, S. : Musielewicz, S. : Bott, R. : Osborne, J.",USA
316420100223,Mooring,Mooring,NOAA PMEL,"Sutton, A. : Sabine, C. : Dietrich, C. : Maenner, S. : Musielewicz, S. : Bott, R. : Osborne, J.",USA
316420100315,Mooring,Mooring,NOAA PMEL,"Sutton, A. : Sabine, C. : Dietrich, C. : Maenner, S. : Musielewicz, S. : Bott, R. : Osborne, J.",USA
316420100422,Mooring,Mooring,NOAA PMEL,"Sutton, A. : Sabine, C. : Dietrich, C. : Maenner, S. : Musielewicz, S. : Bott, R. : Osborne, J.",USA
316420100519,Mooring,Mooring,NOAA PMEL : Univ Delaware,"Sutton, A. : Sabine, C. : Cai, W.-J. : Noakes, S. : Musielewicz, S. : Maenner, S. : Dietrich, C. : Bott, R. : Osborne, J.",USA
316420100603,Mooring,Mooring,NOAA PMEL,"Sutton, A. : Sabine, C. : De Carlo, E. : Musielewicz, S. : Maenner, S. : Dietrich, C. : Bott, R. : Osborne, J.",USA
316420100616,Papa_145W_50N,Mooring,NOAA PMEL,"Sutton, A. : Emerson, S.",USA
316420100622,Mooring,Mooring,NOAA PMEL,"Sutton, A. : Sabine, C. : De Carlo, E. : Musielewicz, S. : Maenner, S. : Dietrich, C. : Bott, R. : Osborne, J.",USA
316420100624,Mooring,Mooring,NOAA PMEL,"Sutton, A. : Sabine, C. : Musielewicz, S. : Maenner, S. : Dietrich, C. : Bott, R. : Osborne, J.",USA
316420100716,Mooring,Mooring,NOAA PMEL,"Sutton, A. : Sabine, C. : Newton, J. : Mickett, J. : Musielewicz, S. : Maenner, S. : Dietrich, C. : Bott, R. : Osborne, J.",USA
316420100722,Mooring,Mooring,NOAA PMEL,"Sutton, A. : Sabine, C. : Dietrich, C. : Maenner, S. : Musielewicz, S. : Bott, R. : Osborne, J.",USA
316420100801,Mooring,Mooring,NOAA PMEL,"Sutton, A. : Sabine, C. : Dietrich, C. : Maenner, S. : Musielewicz, S. : Bott, R. : Osborne, J.",USA
316420100827,Mooring,Mooring,NOAA PMEL,"Sutton, A. : Sabine, C. : De Carlo, E. : Musielewicz, S. : Maenner, S. : Dietrich, C. : Bott, R. : Osborne, J.",USA
316420100902,Mooring,Mooring,NOAA PMEL : Scripps Inst Ocean,"Sutton, A. : Sabine, C. : Send, U. : Ohman, M. : Dietrich, C. : Maenner, S. : Musielewicz, S. : Bott, R. : Osborne, J.",USA
316420100903,Mooring,Mooring,NOAA PMEL,"Sutton, A. : Sabine, C. : De Carlo, E. : Musielewicz, S. : Maenner, S. : Dietrich, C. : Bott, R. : Osborne, J.",USA
316420100908,NH_70W_43N,Mooring,NOAA PMEL : Univ New Hampshire,"Sutton, A. : Vandemark, D.",USA
316420100916,Mooring,Mooring,NOAA PMEL : Univ Delaware,"Sutton, A. : Sabine, C. : Cai, W.-J. : Noakes, S. : Musielewicz, S. : Maenner, S. : Dietrich, C. : Bott, R. : Osborne, J.",USA
316420100930,Mooring,Mooring,NOAA PMEL,"Sutton, A. : Sabine, C. : Dietrich, C. : Maenner, S. : Musielewicz, S. : Bott, R. : Osborne, J.",USA
316420101018,Mooring,Mooring,NOAA PMEL,"Sutton, A. : Sabine, C. : Dietrich, C. : Maenner, S. : Musielewicz, S. : Bott, R. : Osborne, J.",USA
316420101126,Mooring,Mooring,NOAA PMEL,"Sutton, A. : Sabine, C. : Dietrich, C. : Maenner, S. : Musielewicz, S. : Bott, R. : Osborne, J.",USA
316420101127,Mooring,Mooring,NOAA PMEL : Bermuda Inst Ocean Sci,"Sutton, A. : Sabine, C. : Andersson, A. : Bates, N.R. : Musielewicz, S. : Maenner, S. : Dietrich, C. : Bott, R. : Osborne, J.",USA
316420101205,HogReef_64W_32N,Mooring,NOAA PMEL : Scripps Inst Ocean,"Sutton, A. : Andersson, A.",USA
316420101207,Mooring,Mooring,NOAA PMEL,"Sutton, A. : Sabine, C. : Dietrich, C. : Maenner, S. : Musielewicz, S. : Bott, R. : Osborne, J.",USA
316420101208,Mooring,Mooring,NOAA PMEL,"Sutton, A. : Sabine, C. : De Carlo, E. : Musielewicz, S. : Maenner, S. : Dietrich, C. : Bott, R. : Osborne, J.",USA
316420110116,Mooring,Mooring,NOAA PMEL : Univ Puerto Rico,"Sutton, A. : Sabine, C. : Morell, J. : Musielewicz, S. : Maenner, S. : Dietrich, C. : Bott, R. : Osborne, J.",USA
316420110126,Mooring,Mooring,NOAA PMEL,"Sutton, A. : Sabine, C. : Dietrich, C. : Maenner, S. : Musielewicz, S. : Bott, R. : Osborne, J.",USA
316420110205,TAO170W_0N,Mooring,NOAA PMEL,"Sutton, A.",USA
316420110301,TAO165E_0N,Mooring,NOAA PMEL,"Sutton, A. : Sabine, C. : Dietrich, C. : Maenner, S. : Musielewicz, S. : Bott, R. : Osborne, J.",USA
316420110306,CCE2_121W_34N,Mooring,NOAA PMEL : Scripps Inst Ocean,"Sutton, A. : Sabine, C. : Send, U. : Ohman, M. : Musielewicz, S. : Maenner, S. : Dietrich, C. : Bott, R. : Osborne, J.",USA
316420110307,CCE1_122W_33N,Mooring,NOAA PMEL : Scripps Inst Ocean,"Sutton, A. : Send, U.",USA
316420110319,Mooring,Mooring,NOAA PMEL : Univ Southern Mississippi,"Sutton, A. : Sabine, C. : Howden, S. : Musielewicz, S. : Maenner, S. : Dietrich, C. : Bott, R. : Osborne, J.",USA
316420110406,Mooring,Mooring,NOAA PMEL,"Sutton, A. : Sabine, C. : Dietrich, C. : Maenner, S. : Musielewicz, S. : Bott, R. : Osborne, J.",USA
316420110502,TAO125W_0N,Mooring,NOAA PMEL,"Sutton, A. : Sabine, C. : Dietrich, C. : Maenner, S. : Musielewicz, S. : Bott, R. : Osborne, J.",USA
316420110519,Mooring,Mooring,NOAA PMEL : Univ Alaska,"Cross, J. : Mathis, J. : Monacci, N. : Musielewicz, S. : Maenner, S. : Osborne, J.",USA
316420110524,LaPush_125W_48N,Mooring,NOAA PMEL,"Sutton, A.",USA
316420110610,Dabob_122W_48N,Mooring,NOAA PMEL,"Sutton, A. : Newton, J. : Mickett, J.",USA
316420110612,Mooring,Mooring,NOAA PMEL,"Sutton, A. : Sabine, C. : Dietrich, C. : Maenner, S. : Musielewicz, S. : Bott, R. : Osborne, J.",USA
316420110706,Mooring,Mooring,NOAA PMEL : Univ New Hampshire,"Sutton, A. : Sabine, C. : Salisbury, J. : Vandemark, D. : Musielewicz, S. : Maenner, S. : Dietrich, C. : Bott, R. : Osborne, J.",USA
316420110802,TAO110W_0N,Mooring,NOAA PMEL,"Sutton, A. : Sabine, C. : Dietrich, C. : Maenner, S. : Musielewicz, S. : Bott, R. : Osborne, J.",USA
316420110809,Twanoh_123W_47N,Mooring,NOAA PMEL,"Sutton, A. : Newton, J. : Mickett, J.",USA
316420110817,Mooring,Mooring,NOAA PMEL : Univ Southern Mississippi,"Sutton, A. : Sabine, C. : Howden, S. : Musielewicz, S. : Maenner, S. : Dietrich, C. : Bott, R. : Osborne, J.",USA
316420110903,TAO140W_0N,Mooring,NOAA PMEL,"Sutton, A. : Sabine, C. : Dietrich, C. : Maenner, S. : Musielewicz, S. : Bott, R. : Osborne, J.",USA
316420110915,Mooring,Mooring,NOAA PMEL : Univ Alaska,"Cross, J. : Mathis, J. : Monacci, N. : Musielewicz, S. : Maenner, S. : Osborne, J.",USA
316420110926,Mooring,Mooring,NOAA PMEL,"Sutton, A. : Sabine, C. : De Carlo, E. : Musielewicz, S. : Maenner, S. : Dietrich, C. : Bott, R. : Osborne, J.",USA
316420110930,Kaneohe_158W_21N,Mooring,NOAA PMEL : Univ Hawaii,"Sutton, A. : DeCarlo, E. : Tomlinson, M.",USA
316420111021,Mooring,Mooring,NOAA PMEL,"Sutton, A. : Sabine, C. : De Carlo, E. : Musielewicz, S. : Maenner, S. : Dietrich, C. : Bott, R. : Osborne, J.",USA
316420111114,KEO_145E_32N,Mooring,NOAA PMEL,"Sutton, A. : Sabine, C. : Dietrich, C. : Maenner, S. : Musielewicz, S. : Bott, R. : Osborne, J.",USA
316420111118,ChuukK1_152E_7N,Mooring,NOAA PMEL : KIOST,"Sutton, A. : Sabine, C. : Noh, J.-H. : Lee, C. : Musielewicz, S. : Maenner, S. : Dietrich, C. : Bott, R. : Osborne, J.",USA
316420111124,Mooring,Mooring,NOAA PMEL,"Sutton, A. : Sabine, C. : Trull, T. : Dietrich, C. : Maenner, S. : Musielewicz, S. : Bott, R. : Osborne, J.",USA
316420111203,LaParguera_67W_18N,Mooring,NOAA PMEL : Univ Puerto Rico,"Sutton, A. : Morell, J.",USA
316420111208,Cheeca_80W_25N,Mooring,NOAA PMEL,"Sutton, A. : Sabine, C. : Manzello, D. : Musielewicz, S. : Maenner, S. : Dietrich, C. : Bott, R. : Osborne, J.",USA
316420120103,Crimp2_158W_21N,Mooring,NOAA PMEL,"Sutton, A. : Sabine, C. : De Carlo, E. : Musielewicz, S. : Maenner, S. : Dietrich, C. : Bott, R. : Osborne, J.",USA
316420120210,TAO110W_0N,Mooring,NOAA PMEL,"Sutton, A. : Sabine, C. : Dietrich, C. : Maenner, S. : Musielewicz, S. : Bott, R. : Osborne, J.",USA
316420120229,Mooring,Mooring,NOAA PMEL : Bermuda Inst Ocean Sci,"Sutton, A. : Sabine, C. : Andersson, A. : Bates, N.R. : Musielewicz, S. : Maenner, S. : Dietrich, C. : Bott, R. : Osborne, J.",USA
316420120229-2,Mooring,Mooring,NOAA PMEL : Bermuda Inst Ocean Sci,"Sutton, A. : Sabine, C. : Andersson, A. : Bates, N.R. : Musielewicz, S. : Maenner, S. : Dietrich, C. : Bott, R. : Osborne, J.",USA
316420120316,Mooring,Mooring,NOAA PMEL,"Sutton, A. : Sabine, C. : De Carlo, E. : Musielewicz, S. : Maenner, S. : Dietrich, C. : Bott, R. : Osborne, J.",USA
316420120324,CCE2_121W_34N,Mooring,NOAA PMEL : Scripps Inst Ocean,"Sutton, A. : Sabine, C. : Send, U. : Ohman, M. : Musielewicz, S. : Maenner, S. : Dietrich, C. : Bott, R. : Osborne, J.",USA
316420120402,TAO125W_0N,Mooring,NOAA PMEL,"Sutton, A.",USA
316420120412,TAO140W_0N,Mooring,NOAA PMEL,"Sutton, A. : Sabine, C. : Dietrich, C. : Maenner, S. : Musielewicz, S. : Bott, R. : Osborne, J.",USA
316420120418,Alawai_158W_21N,Mooring,NOAA PMEL : Univ Hawaii,"Sutton, A. : DeCarlo, E. : Tomlinson, M.",USA
316420120526,Mooring,Mooring,NOAA PMEL,"Sutton, A. : Sabine, C. : Newton, J. : Mickett, J. : Musielewicz, S. : Maenner, S. : Dietrich, C. : Bott, R. : Osborne, J.",USA
316420120528,STRATUS_85W_20S,Mooring,NOAA PMEL,"Sutton, A. : Weller, B. : Pluddemann, A.",USA
316420120603,Mooring,Mooring,NOAA PMEL,"Sutton, A. : Sabine, C. : Dietrich, C. : Maenner, S. : Musielewicz, S. : Bott, R. : Osborne, J.",USA
316420120614,WHOTS_158W_23N,Mooring,NOAA PMEL,"Sutton, A. : Weller, B. : Pluddemann, A.",USA
316420120704,KEO_145E_32N,Mooring,NOAA PMEL,"Sutton, A. : Sabine, C. : Dietrich, C. : Maenner, S. : Musielewicz, S. : Bott, R. : Osborne, J.",USA
316420120712,Dabob_122W_48N,Mooring,NOAA PMEL,"Sutton, A. : Newton, J. : Mickett, J.",USA
316420120714,Mooring,Mooring,NOAA PMEL,"Sutton, A. : Sabine, C. : Trull, T. : Dietrich, C. : Maenner, S. : Musielewicz, S. : Bott, R. : Osborne, J.",USA
316420120809,Cape Elizabeth,Mooring,NOAA PMEL,"Sutton, A.",USA
316420120822,Mooring,Mooring,NOAA PMEL : Univ New Hampshire,"Sutton, A. : Sabine, C. : Salisbury, J. : Vandemark, D. : Musielewicz, S. : Maenner, S. : Dietrich, C. : Bott, R. : Osborne, J.",USA
316420120919,Mooring,Mooring,NOAA PMEL : Univ Delaware,"Sutton, A. : Sabine, C. : Cai, W.-J. : Noakes, S. : Musielewicz, S. : Maenner, S. : Dietrich, C. : Bott, R. : Osborne, J.",USA
316420121102,Mooring,Mooring,NOAA PMEL,"Sutton, A. : Sabine, C. : De Carlo, E. : Musielewicz, S. : Maenner, S. : Dietrich, C. : Bott, R. : Osborne, J.",USA
316420121130,Kaneohe_158W_21N,Mooring,NOAA PMEL,"Sutton, A. : Sabine, C. : De Carlo, E. : Musielewicz, S. : Maenner, S. : Dietrich, C. : Bott, R. : Osborne, J.",USA
316420121210,Cheeca_80W_25N,Mooring,NOAA PMEL,"Sutton, A. : Sabine, C. : Manzello, D. : Musielewicz, S. : Maenner, S. : Dietrich, C. : Bott, R. : Osborne, J.",USA
316420121219,LaParguera_67W_18N,Mooring,NOAA PMEL : Univ Puerto Rico,"Sutton, A. : Corredor, J. : Morell, J.",USA
316420130125,Mooring,Mooring,NOAA PMEL : Univ Delaware,"Sutton, A. : Sabine, C. : Cai, W.-J. : Noakes, S. : Musielewicz, S. : Maenner, S. : Dietrich, C. : Bott, R. : Osborne, J.",USA
316420130307,Mooring,Mooring,NOAA PMEL : Univ Alaska,"Cross, J. : Mathis, J. : Monacci, N. : Musielewicz, S. : Maenner, S. : Osborne, J.",USA
316420130309,Kaneohe_158W_21N,Mooring,NOAA PMEL,"Sutton, A. : De Carlo, E. : Tomlinson, M.",USA
316420130329,Mooring,Mooring,NOAA PMEL : Univ Alaska,"Cross, J. : Mathis, J. : Monacci, N. : Musielewicz, S. : Maenner, S. : Osborne, J.",USA
316420130329-2,TAO110W_0N,Mooring,NOAA PMEL,"Sutton, A. : Sabine, C. : Dietrich, C. : Maenner, S. : Musielewicz, S. : Bott, R. : Osborne, J.",USA
316420130330,Mooring,Mooring,NOAA PMEL : Univ Alaska,"Cross, J. : Mathis, J. : Monacci, N. : Musielewicz, S. : Maenner, S. : Osborne, J.",USA
316420130411,Mooring,Mooring,NOAA PMEL : Bermuda Inst Ocean Sci,"Sutton, A. : Sabine, C. : Andersson, A. : Bates, N.R. : Musielewicz, S. : Maenner, S. : Dietrich, C. : Bott, R. : Osborne, J.",USA
316420130412,CCE2_121W_34N,Mooring,NOAA PMEL : Scripps Inst Ocean,"Sutton, A. : Send, U. : Ohman, M.",USA
316420130417,Mooring,Mooring,NOAA PMEL : Bermuda Inst Ocean Sci,"Sutton, A. : Sabine, C. : Andersson, A. : Bates, N.R. : Musielewicz, S. : Maenner, S. : Dietrich, C. : Bott, R. : Osborne, J.",USA
316420130419,Mooring,Mooring,NOAA PMEL,"Sutton, A. : Sabine, C. : De Carlo, E. : Musielewicz, S. : Maenner, S. : Dietrich, C. : Bott, R. : Osborne, J.",USA
316420130423,ChuukK1_152E_7N,Mooring,NOAA PMEL : KIOST,"Sutton, A. : Sabine, C. : Noh, J.-H. : Lee, C. : Musielewicz, S. : Maenner, S. : Dietrich, C. : Bott, R. : Osborne, J.",USA
316420130424,LaPush_125W_48N,Mooring,NOAA PMEL,"Sutton, A.",USA
316420130501,SOFS_142E_46S,Mooring,NOAA PMEL,"Sutton, A. : Trull, T.",USA
316420130506,Mooring,Mooring,NOAA PMEL : Univ Alaska,"Cross, J. : Mathis, J. : Monacci, N. : Musielewicz, S. : Maenner, S. : Osborne, J.",USA
316420130508,Exploratorium,Mooring,NOAA PMEL,"Sutton, A. : Sabine, C. : Maenner, S. : Musielewicz, S. : Bott, R. : Osborne, J.",USA
316420130606,Mooring,Mooring,NOAA PMEL,"Sutton, A. : Sabine, C. : De Carlo, E. : Musielewicz, S. : Maenner, S. : Dietrich, C. : Bott, R. : Osborne, J.",USA
316420130617,Papa_145W_50N,Mooring,NOAA PMEL,"Sutton, A. : Sabine, C.",USA
316420130705,KEO_145E_32N,Mooring,NOAA PMEL,"Sutton, A. : Sabine, C. : Dietrich, C. : Maenner, S. : Musielewicz, S. : Bott, R. : Osborne, J.",USA
316420130711,Mooring,Mooring,NOAA PMEL : Univ Southern Mississippi,"Sutton, A. : Sabine, C. : Howden, S. : Musielewicz, S. : Maenner, S. : Dietrich, C. : Bott, R. : Osborne, J.",USA
316420130711-2,WHOTS_158W_23N,Mooring,NOAA PMEL,"Sutton, A. : Weller, B. : Pluddemann, A.",USA
316420130726,Twanoh_123W_47N,Mooring,NOAA PMEL,"Sutton, A. : Newton, J. : Mickett, J.",USA
316420130816,Iceland_12W_68N,Mooring,NOAA PMEL : MFRI Iceland,"Sutton, A. : Sabine, C. : Olafsdottir, S.R. : Olafsson, J. : Dietrich, C. : Maenner, S. : Musielewicz, S. : Bott, R. : Osborne, J.",USA
316420130819,TAO165E_8S,Mooring,NOAA PMEL,"Sutton, A.",USA
316420130919,WA_125W_47N,Mooring,NOAA PMEL,"Sutton, A.",USA
316420130926,Mooring,Mooring,NOAA PMEL : Univ Alaska,"Cross, J. : Mathis, J. : Monacci, N. : Musielewicz, S. : Maenner, S. : Osborne, J.",USA
316420130926-2,Exploratorium,Mooring,NOAA PMEL,"Sutton, A. : Sabine, C. : Maenner, S. : Musielewicz, S. : Bott, R. : Osborne, J.",USA
316420130930,CCE1_122W_33N,Mooring,NOAA PMEL : Scripps Inst Ocean,"Sutton, A. : Send, U.",USA
316420131004,LaPush_125W_48N,Mooring,NOAA PMEL,"Sutton, A. : Sabine, C. : Newton, J. : Mickett, J. : Musielewicz, S. : Maenner, S. : Dietrich, C. : Bott, R. : Osborne, J.",USA
316420131005,TAO155W_0N,Mooring,NOAA PMEL,"Sutton, A.",USA
316420131025,KiloNalu_158W_21N,Mooring,NOAA PMEL,"Sutton, A. : Sabine, C. : De Carlo, E. : Musielewicz, S. : Maenner, S. : Dietrich, C. : Bott, R. : Osborne, J.",USA
316420131028,GraysReef_81W_31N,Mooring,NOAA PMEL : Univ Delaware,"Sutton, A. : Cai, W.-J. : Noakes, S.",USA
316420131105,Mooring,Mooring,NOAA PMEL : Univ New Hampshire,"Sutton, A. : Sabine, C. : Salisbury, J. : Vandemark, D. : Musielewicz, S. : Maenner, S. : Dietrich, C. : Bott, R. : Osborne, J.",USA
316420131114,Mooring,Mooring,NOAA PMEL : Univ Alaska,"Cross, J. : Mathis, J. : Monacci, N. : Musielewicz, S. : Maenner, S. : Osborne, J.",USA
316420131128,Mooring,Mooring,NOAA PMEL,"Sutton, A. : Sabine, C. : De Carlo, E. : Musielewicz, S. : Maenner, S. : Dietrich, C. : Bott, R. : Osborne, J.",USA
316420131205,Mooring,Mooring,NOAA PMEL : Univ Alaska,"Cross, J. : Mathis, J. : Monacci, N. : Musielewicz, S. : Maenner, S. : Osborne, J.",USA
316420131224,LaParguera_67W_18N,Mooring,NOAA PMEL : Univ Puerto Rico,"Sutton, A. : Corredor, J. : Morell, J.",USA
316420140205,Exploratorium,Mooring,NOAA PMEL,"Sutton, A. : Sabine, C. : Maenner, S. : Musielewicz, S. : Bott, R. : Osborne, J.",USA
316420140210,CoastalMS_89W_30N,Mooring,NOAA PMEL : Univ Southern Mississippi,"Sutton, A. : Howden, S.",USA
316420140305,GAKOA_149W_60N,Mooring,NOAA PMEL : Univ Alaska,"Cross, J. : Mathis, J. : Monacci, N. : Musielewicz, S. : Maenner, S. : Osborne, J.",USA
316420140306,Mooring,Mooring,NOAA PMEL,"Sutton, A. : Sabine, C. : Dietrich, C. : Maenner, S. : Musielewicz, S. : Bott, R. : Osborne, J.",USA
316420140307,Cheeca_80W_25N,Mooring,NOAA PMEL,"Sutton, A. : Manzello, D.",USA
316420140403,NH10_124W_44N,Mooring,NOAA PMEL,"Sutton, A. : Sabine, C. : Hales, B. : Musielewicz, S. : Maenner, S. : Dietrich, C. : Bott, R. : Osborne, J.",USA
316420140411,Twanoh_123W_47N,Mooring,NOAA PMEL,"Sutton, A. : Sabine, C. : Newton, J. : Mickett, J. : Musielewicz, S. : Maenner, S. : Dietrich, C. : Bott, R. : Osborne, J.",USA
316420140502,CCE2_121W_34N,Mooring,NOAA PMEL : Scripps Inst Ocean,"Sutton, A. : Send, U.",USA
316420140503,Exploratorium,Mooring,NOAA PMEL,"Sutton, A. : Sabine, C. : Maenner, S. : Musielewicz, S. : Bott, R. : Osborne, J.",USA
316420140506,Mooring,Mooring,NOAA PMEL : Univ Alaska,"Cross, J. : Mathis, J. : Monacci, N. : Musielewicz, S. : Maenner, S. : Osborne, J.",USA
316420140509,Mooring,Mooring,NOAA PMEL : Univ Alaska,"Cross, J. : Mathis, J. : Monacci, N. : Musielewicz, S. : Maenner, S. : Osborne, J.",USA
316420140513,Kodiak_152W_21N,Mooring,NOAA PMEL : Univ Alaska,"Cross, J. : Mathis, J. : Monacci, N. : Musielewicz, S. : Maenner, S. : Osborne, J.",USA
316420140524,Kaneohe_158W_21N,Mooring,NOAA PMEL : Univ Hawaii,"Sutton, A. : DeCarlo, E. : Tomlinson, M.",USA
316420140612,Crimp2_158W_21N,Mooring,NOAA PMEL,"Sutton, A. : De Carlo, E. : Tomlinson, M.",USA
316420140618,Papa_145W_50N,Mooring,NOAA PMEL,"Sutton, A. : Emerson, S.",USA
316420140621,TAO110W_0N,Mooring,NOAA PMEL,"Sutton, A.",USA
316420140624,KEO_145E_32N,Mooring,NOAA PMEL,"Sutton, A. : Emerson, S.",USA
316420140625,LaPush_125W_48N,Mooring,NOAA PMEL,"Sutton, A. : Sabine, C. : Newton, J. : Mickett, J. : Musielewicz, S. : Maenner, S. : Dietrich, C. : Bott, R. : Osborne, J.",USA
316420140709,Cape Elizabeth,Mooring,NOAA PMEL,"Sutton, A.",USA
316420140721,Mooring,Mooring,NOAA PMEL : Bermuda Inst Ocean Sci,"Sutton, A. : Sabine, C. : Andersson, A. : Bates, N.R. : Musielewicz, S. : Maenner, S. : Dietrich, C. : Bott, R. : Osborne, J.",USA
316420140723,Mooring,Mooring,NOAA PMEL : Bermuda Inst Ocean Sci,"Sutton, A. : Sabine, C. : Andersson, A. : Bates, N.R. : Musielewicz, S. : Maenner, S. : Dietrich, C. : Bott, R. : Osborne, J.",USA
316420140730,Exploratorium,Mooring,NOAA PMEL,"Sutton, A. : Sabine, C. : Maenner, S. : Musielewicz, S. : Bott, R. : Osborne, J.",USA
316420140801,WHOTS_158W_23N,Mooring,NOAA PMEL,"Sutton, A. : Weller, B. : Pluddemann, A.",USA
316420140821,Iceland_12W_68N,Mooring,NOAA PMEL : MFRI Iceland,"Sutton, A. : Olafsson, J. : Olafsdottir, S.R. : Valdimarsson, H.",USA
316420140906,TAO125W_0N,Mooring,NOAA PMEL,"Sutton, A.",USA
316420140916,TAO140W_0N,Mooring,NOAA PMEL,"Sutton, A.",USA
316420140925,NH_70W_43N,Mooring,NOAA PMEL : Univ New Hampshire,"Sutton, A. : Vandemark, D. : Salisbury, J.",USA
316420141006,Mooring,Mooring,NOAA PMEL : Bermuda Inst Ocean Sci,"Sutton, A. : Sabine, C. : Andersson, A. : Bates, N.R. : Musielewicz, S. : Maenner, S. : Dietrich, C. : Bott, R. : Osborne, J.",USA
316420141013,ChuukK1_152E_7N,Mooring,NOAA PMEL : KIOST,"Sutton, A. : Noh, J.H. : Lee, C.",USA
316420141015,TAO170W_0N,Mooring,NOAA PMEL,"Sutton, A.",USA
316420141024,GraysReef_81W_31N,Mooring,NOAA PMEL,"Sutton, A. : Noakes, S.",USA
316420141026,CCE1_122W_33N,Mooring,NOAA PMEL : Scripps Inst Ocean,"Sutton, A. : Send, U.",USA
316420141028,TAO165E_0N,Mooring,NOAA PMEL,"Sutton, A.",USA
316420141118,TAO155W_0N,Mooring,NOAA PMEL,"Sutton, A.",USA
316420150122,LaParguera_67W_18N,Mooring,NOAA PMEL : Univ Puerto Rico,"Sutton, A. : Corredor, J. : Morell, J.",USA
316420150128,SOUTHEAST_AK_56N_134W,Mooring,NOAA PMEL : Univ Alaska,"Cross, J. : Mathis, J. : Monacci, N. : Musielewicz, S. : Maenner, S. : Osborne, J.",USA
316420150130,Kodiak_152W_21N,Mooring,NOAA PMEL,"Cross, J.",USA
316420150311,GAKOA_149W_60N,Mooring,NOAA PMEL : Univ Alaska,"Cross, J. : Mathis, J. : Monacci, N. : Musielewicz, S. : Maenner, S. : Osborne, J.",USA
316420150323,TAO140W_0N,Mooring,NOAA PMEL,"Sutton, A.",USA
316420150325,Cheeca_80W_25N,Mooring,NOAA PMEL,"Sutton, A. : Manzello, D.",USA
316420150325-2,SOFS_142E_46S,Mooring,NOAA PMEL,"Sutton, A. : Trull, T.",USA
316420150331,CoastalMS_89W_30N,Mooring,NOAA PMEL : Univ Southern Mississippi,"Sutton, A. : Howden, S.",USA
316420150405,KiloNalu_158W_21N,Mooring,NOAA PMEL,"Sutton, A. : De Carlo, E. : Tomlinson, M.",USA
316420150422,STRATUS_85W_20S,Mooring,NOAA PMEL,"Sutton, A. : Weller, B. : Pluddemann, A.",USA
316420150428,CCE2_121W_34N,Mooring,NOAA PMEL : Scripps Inst Ocean,"Sutton, A. : Send, U.",USA
316420150429,TAO110W_0N,Mooring,NOAA PMEL,"Sutton, A.",USA
316420150501,M2_164W_57N,Mooring,NOAA PMEL,"Cross, J.",USA
316420150523,LaPush_125W_48N,Mooring,NOAA PMEL,"Sutton, A. : Sabine, C. : Newton, J. : Mickett, J. : Musielewicz, S. : Maenner, S. : Dietrich, C. : Bott, R. : Osborne, J.",USA
316420150616,Papa_145W_50N,Mooring,NOAA PMEL,"Sutton, A.",USA
316420150622,Iceland_12W_68N,Mooring,NOAA PMEL,"Sutton, A. : Olafsson, J. : Valdimarsson, H.",USA
316420150622-2,WA_125W_47N,Mooring,NOAA PMEL,"Sutton, A.",USA
316420150702,Twanoh_123W_47N,Mooring,NOAA PMEL,"Sutton, A. : Newton, J. : Mickett, J.",USA
316420150712,WHOTS_158W_23N,Mooring,NOAA PMEL,"Sutton, A. : Weller, B. : Pluddemann, A.",USA
316420150727,HogReef_64W_32N,Mooring,NOAA PMEL,"Sutton, A. : Andersson, A.",USA
316420150729,Crescent_64W_32N,Mooring,NOAA PMEL,"Sutton, A. : Andersson, A.",USA
316420150807,Crimp2_158W_21N,Mooring,NOAA PMEL : Univ Hawaii,"Sutton, A. : DeCarlo, E.",USA
316420150907,KEO_145E_32N,Mooring,NOAA PMEL,"Sutton, A. : Cronin, M.",USA
316420151004,NH10_124W_44N,Mooring,NOAA PMEL,"Sutton, A. : Hales, B.",USA
316420151007,KiloNalu_158W_21N,Mooring,NOAA PMEL,"Sutton, A. : De Carlo, E. : Tomlinson, M.",USA
316420151102,Kaneohe_158W_21N,Mooring,NOAA PMEL,"Sutton, A. : De Carlo, E.",USA
316420151120,CCE1_122W_33N,Mooring,NOAA PMEL : Scripps Inst Ocean,"Sutton, A. : Send, U.",USA
316420151130,TAO170W_0N,Mooring,NOAA PMEL,"Sutton, A.",USA
316420151203,ChuukK1_152E_7N,Mooring,NOAA PMEL,"Sutton, A. : Noh, J.H. : Kim, S.",USA
316420151222,LaParguera_67W_18N,Mooring,NOAA PMEL : Univ Puerto Rico,"Sutton, A. : Corredor, J. : Morell, J.",USA
316420160107,NH_70W_43N,Mooring,NOAA PMEL : Univ New Hampshire,"Sutton, A. : Vandemark, D. : Salisbury, J.",USA
316420160113,Dabob_122W_48N,Mooring,NOAA PMEL,"Sutton, A. : Newton, J. : Mickett, J.",USA
316420160121,Alawai_158W_21N,Mooring,NOAA PMEL : Univ Hawaii,"Sutton, A. : DeCarlo, E. : Tomlinson, M.",USA
316420160227,TAO140W_0N,Mooring,NOAA PMEL,"Sutton, A.",USA
316420160306,BOBOA_90E_15N,Mooring,NOAA PMEL,"Sutton, A. : O Brien, C. : Hermes, R.",USA
316420160308,GAKOA_149W_60N,Mooring,NOAA PMEL,"Cross, J.",USA
316420160308-2,TAO125W_0N,Mooring,NOAA PMEL,"Sutton, A.",USA
316420160317,SOFS_142E_46S,Mooring,NOAA PMEL,"Sutton, A. : Trull, T.",USA
316420160319,LaPush_125W_48N,Mooring,NOAA PMEL,"Sutton, A. : Newton, J. : Mickett, J.",USA
316420160413,TAO110W_0N,Mooring,NOAA PMEL,"Sutton, A.",USA
316420160505,M2_164W_57N,Mooring,NOAA PMEL,"Cross, J.",USA
316420160513,Cheeca_80W_25N,Mooring,NOAA PMEL,"Sutton, A. : Manzello, D.",USA
316420160517,CCE2_121W_34N,Mooring,NOAA PMEL : Scripps Inst Ocean,"Sutton, A. : Send, U. : Ohman, M.",USA
316420160615,Papa_145W_50N,Mooring,NOAA PMEL,"Sutton, A.",USA
316420160621,STRATUS_85W_20S,Mooring,NOAA PMEL,"Sutton, A. : Weller, B. : Pluddemann, A.",USA
316420160628,WHOTS_158W_23N,Mooring,NOAA PMEL,"Sutton, A. : Weller, B. : Pluddemann, A.",USA
316420160712,TAO165E_0N,Mooring,NOAA PMEL,"Sutton, A.",USA
316420160713,WA_125W_47N,Mooring,NOAA PMEL,"Sutton, A.",USA
316420160716,TAO165E_8S,Mooring,NOAA PMEL,"Sutton, A.",USA
316420160731,KEO_145E_32N,Mooring,NOAA PMEL,"Sutton, A. : Cronin, M.",USA
316420160805,GraysReef_81W_31N,Mooring,NOAA PMEL : Univ Delaware,"Sutton, A. : Cai, W.-J. : Noakes, S.",USA
316420160813,Crescent_64W_32N,Mooring,NOAA PMEL,"Sutton, A. : Andersson, A.",USA
316420160814,HogReef_64W_32N,Mooring,NOAA PMEL : Bermuda Inst Ocean Sci,"Sutton, A. : Andersson, A. : Bates, N.R.",USA
316420160817,Iceland_13W_68N,Mooring,NOAA PMEL : MFRI Iceland,"Sutton, A. : Olafsdottir, S.R.",USA
316420160827,NH10_124W_44N,Mooring,NOAA PMEL,"Sutton, A.",USA
316420160829,TAO170W_0N,Mooring,NOAA PMEL,"Sutton, A.",USA
316420160831,LaParguera_67W_18N,Mooring,NOAA PMEL : Univ Puerto Rico,"Sutton, A. : Corredor, J. : Morell, J.",USA
316420160923,CoastalMS_89W_30N,Mooring,NOAA PMEL : Univ Southern Mississippi,"Sutton, A. : Howden, S.",USA
316420161005,TAO155W_0N,Mooring,NOAA PMEL,"Sutton, A.",USA
316420161009,CCE1_122W_33N,Mooring,NOAA PMEL : Scripps Inst Ocean,"Sutton, A. : Send, U. : Ohman, M.",USA
316420161027,LaPush_125W_48N,Mooring,NOAA PMEL,"Sutton, A. : Mickett, J. : Newton, J.",USA
316420161115,NH_70W_43N,Mooring,NOAA PMEL : Univ New Hampshire,"Sutton, A. : Salisbury, J. : Vandemark, D.",USA
316420161121,Crimp2_158W_21N,Mooring,NOAA PMEL : Univ Hawaii,"Sutton, A. : DeCarlo, E.",USA
316420170111,BOBOA_90E_15N,Mooring,NOAA PMEL,SuttonA. : O BrienC. : Hermes R.,USA
316420170119,LaParguera_67W_18N,Mooring,NOAA PMEL : Univ Puerto Rico,"Sutton, A. : Morell, J. : Corredor, J.",USA
316420170127,TAO140W_0N,Mooring,NOAA PMEL,"Sutton, A.",USA
316420170203,KiloNalu_158W_21N,Mooring,NOAA PMEL : Univ Hawaii,"Sutton, A. : DeCarlo, E.",USA
316420170207,TAO125W_0N,Mooring,NOAA PMEL,"Sutton, A.",USA
316420170311,CCE2_121W_34N,Mooring,NOAA PMEL : Scripps Inst Ocean,"Sutton, A. : Send, U. : Ohman, M.",USA
316420170320,SOFS_142E_46S,Mooring,NOAA PMEL,"Sutton, A. : Trull, T.",USA
316420170330,Cheeca_80W_25N,Mooring,NOAA PMEL,"Sutton, A. : Manzello, D.",USA
316420170413,GAKOA_149W_60N,Mooring,NOAA PMEL : Univ Alaska,"Cross, J. : Monacci, N.",USA
316420170413-2,Kaneohe_158W_21N,Mooring,NOAA PMEL : Univ Hawaii,"Sutton, A. : DeCarlo, E. : Sabine, C.",USA
316420170428,M2_164W_57N,Mooring,NOAA PMEL : Univ Alaska,"Cross, J. : Monacci, N.",USA
316420170502,LaPush_125W_48N,Mooring,NOAA PMEL,"Sutton, A. : Newton J. : Mickett J.",USA
316420170513,STRATUS_85W_20S,Mooring,NOAA PMEL,"Sutton, A. : Weller, B. : Pluddemann, A.",USA
316420170601,GraysReef_81W_31N,Mooring,NOAA PMEL : Univ Delaware,"Sutton, A. : Cai, W.-J. : Noakes, S.",USA
316420170610,CB-06_125W_43N,Mooring,NOAA PMEL,"Sutton, A. : Hales, B.",USA
316420170610-2,TAO110W_0N,Mooring,NOAA PMEL,"Sutton, A.",USA
316420170615,Papa_145W_50N,Mooring,NOAA PMEL,"Sutton, A. : Cronin, M.",USA
316420170617,WA_125W_47N,Mooring,NOAA PMEL,"Sutton, A.",USA
316420170714,CoastalLA_91W_30N,Mooring,NOAA PMEL : Univ Southern Mississippi,"Sutton, A. : Howden, S.",USA
316420170715,KEO_145E_32N,Mooring,NOAA PMEL : Irish Marine Inst.,"Sutton, A. : Cronin, M.",USA
316420170718,Alawai_158W_21N,Mooring,NOAA PMEL : Univ Hawaii,"Sutton, A. : DeCarlo, E.",USA
316420170728,WHOTS_158W_23N,Mooring,NOAA PMEL,"Sutton, A. : Weller, B. : Pluddemann, A.",USA
316420170810,GraysReef_81W_31N,Mooring,NOAA PMEL : Univ Delaware,"Sutton, A. : Cai, W.-J. : Noakes, S.",USA
316420170814,Iceland_13W_68N,Mooring,NOAA PMEL,"Sutton, A. : Olafsdottir, S.R.",USA
316420170815,CCE2_121W_34N,Mooring,NOAA PMEL : Scripps Inst Ocean,"Sutton, A. : Send, U. : Ohman, M.",USA
316420170816,TAO165E_0N,Mooring,NOAA PMEL,"Sutton, A.",USA
316420170826,HogReef_64W_32N,Mooring,NOAA PMEL,"Sutton, A. : Andersson, A.",USA
316420170904,ChuukK1_152E_7N,Mooring,NOAA PMEL,"Sutton, A. : Noh, J-H.",USA
316420170910,TAO170W_0N,Mooring,NOAA PMEL,"Sutton, A.",USA
316420170925,NH_70W_43N,Mooring,NOAA PMEL : Univ New Hampshire,"Sutton, A. : Vandemark, D. : Salisbury, J.",USA
316420170930,WA_125W_47N,Mooring,NOAA PMEL,"Sutton, A.",USA
316420171104,CCE1_122W_33N,Mooring,NOAA PMEL : Scripps Inst Ocean,"Sutton, A. : Send, U. : Ohman, M.",USA
316420171209,Crimp2_158W_21N,Mooring,NOAA PMEL : Univ Hawaii,"Sutton, A. : DeCarlo, E. : Sabine, C.",USA
316420171214,CoastalLA_91W_30N,Mooring,NOAA PMEL : Univ Southern Mississippi,"Sutton, A. : Howden, S.",USA
316420180203,Cheeca_80W_25N,Mooring,NOAA PMEL,"Sutton, A. : Manzello, D.",USA
316420180302,LaParguera_67W_18N,Mooring,NOAA PMEL : Univ Puerto Rico,"Sutton, A. : Corredor, J. : Morell, J.",USA
316420180314,CCE2_121W_34N,Mooring,NOAA PMEL : Scripps Inst Ocean,"Sutton, A. : Send, U. : Ohman, M.",USA
316420180329,KiloNalu_158W_21N,Mooring,NOAA PMEL : Univ Hawaii,"Sutton, A. : DeCarlo, E. : Sabine, C.",USA
316420180402,GAKOA_149W_60N,Mooring,NOAA PMEL : Univ Alaska,"Cross, J. : Monacci, N.",USA
316420180405,First_Landing_76W_37N,Mooring,NOAA PMEL : Univ Delaware,"Sutton, A. : Cai, W.-J. : Wilson, D.",USA
316420180412,STRATUS_85W_20S,Mooring,NOAA PMEL,"Sutton, A. : Weller, B. : Pluddemann, A.",USA
316420180426,CB-06_125W_43N,Mooring,NOAA PMEL,"Sutton, A. : Hales, B.",USA
316420180502,M2_164W_57N,Mooring,NOAA PMEL : Univ Alaska,"Cross, J. : Monacci, N.",USA
316420180503,TAO110W_0N,Mooring,NOAA PMEL,"Sutton, A.",USA
316420180503-2,Crimp2_158W_21N,Mooring,NOAA PMEL : Univ Hawaii,"Sutton, A. : DeCarlo, E.",USA
316420180509,Alawai_158W_21N,Mooring,NOAA PMEL : Univ Hawaii,"Sutton, A. : DeCarlo, E. : Sabine, C.",USA
316420180523,LaPush_125W_48N,Mooring,NOAA PMEL,"Sutton, A. : Newton, J. : Manalang, D.",USA
316420180606,Twanoh_123W_47N,Mooring,NOAA PMEL,"Sutton, A. : Newton, J. : Mickett, J.",USA
316420180703,KEO_145E_32N,Mooring,NOAA PMEL : Irish Marine Inst.,"Sutton, A. : Cronin, M.",USA
316420180723,Papa_145W_50N,Mooring,NOAA PMEL : Irish Marine Inst.,"Sutton, A. : Cronin, M. : Emerson S",USA
316420180808,WA_125W_47N,Mooring,NOAA PMEL,"Sutton, A.",USA
316420180823,SOFS_142E_46S,Mooring,NOAA PMEL,"Sutton, A. : Trull, T.",USA
316420180827,GraysReef_81W_31N,Mooring,NOAA PMEL,"Sutton, A.",USA
316420180921,TAO140W_0N,Mooring,NOAA PMEL,"Sutton, A.",USA
316420181002,TAO125W_0N,Mooring,NOAA PMEL,"Sutton, A.",USA
316420181004,NH_70W_43N,Mooring,NOAA PMEL : Univ New Hampshire,"Sutton, A. : Vandemark, D. : Salisbury, J.",USA
316420181014,WHOTS_158W_23N,Mooring,NOAA PMEL,"Sutton, A. : Weller, B. : Pluddemann, A.",USA
316420181018,LaPush_125W_48N,Mooring,NOAA PMEL,"Sutton, A. : Newton, J. : Manalang, D.",USA
316420181031,ChuukK1_152E_7N,Mooring,NOAA PMEL,"Sutton, A. : Noh_J-H.",USA
316420181114,CCE1_122W_33N,Mooring,NOAA PMEL : Scripps Inst Ocean,"Sutton, A. : Send, U. : Ohman, M.",USA
316420190224,Crimp2_158W_21N,Mooring,NOAA PMEL,"Sutton, A. : Noakes_S. : Cai_W.-J.",USA
316420190305,GAKOA_149W_60N,Mooring,NOAA PMEL : Univ Alaska,"Cross, J. : Monacci, N.",USA
316420190309,CB-06_125W_43N,Mooring,NOAA PMEL,"Sutton, A. : Hales, B.",USA
316420190318,SOFS_142E_46S,Mooring,NOAA PMEL,"Sutton, A. : Trull, T.",USA
316420190324,First_Landing_76W_37N,Mooring,NOAA PMEL : Univ Delaware,"Sutton, A. : Cai, W.-J. : Wilson, D.",USA
316420190327,Cheeca_80W_25N,Mooring,NOAA PMEL : NOAA AONL : NOAA AOML,"Sutton, A. : Manzello, D. : Enochs, I.",USA
316420190414,STRATUS_85W_20S,Mooring,NOAA PMEL,"Sutton, A. : Weller, B. : Pluddemann, A.",USA
316420190425,M2_164W_57N,Mooring,NOAA PMEL : Univ Alaska,"Cross, J. : Monacci, N.",USA
316420190510,CCE1_122W_33N,Mooring,NOAA PMEL : Scripps Inst Ocean,"Sutton, A. : Send, U. : Ohman, M.",USA
316420190511,CCE2_121W_34N,Mooring,NOAA PMEL : Scripps Inst Ocean,"Sutton, A. : Send, U. : Ohman, M.",USA
316420190522,LaPush_125W_48N,Mooring,NOAA PMEL,"Sutton, A. : Newton, J. : Mickett, J. : Manalang, D.",USA
316420190524,First_Landing_76W_37N,Mooring,NOAA PMEL : Univ Delaware,"Sutton, A. : Cai, W.-J. : Wilson, D.",USA
316420190530,GraysReef_81W_31N,Mooring,NOAA PMEL : University of Georgia : University of Delaware,"Sutton, A. : Noakes, S. : Cai, W.-J.",USA
316420190531,LaParguera_67W_18N,Mooring,NOAA PMEL : Univ Puerto Rico,"Sutton, A. : Corredor, J. : Morell, J.",USA
316420190604,CoastalLA_91W_30N,Mooring,NOAA PMEL : Univ Southern Mississippi,"Sutton, A. : Howden, S.",USA
316420190613,Papa_145W_50N,Mooring,NOAA PMEL : Irish Marine Inst.,"Sutton, A. : Cronin, M. : Emerson S",USA
316420190703,TAO110W_0N,Mooring,NOAA PMEL,"Sutton, A.",USA
316420190731,CB-06_125W_43N,Mooring,NOAA PMEL,"Sutton, A. : Hales, B.",USA
316420190817,Iceland_13W_68N,Mooring,NOAA PMEL : MFRI Iceland,"Sutton, A. : Olafsdottir, S.R.",USA
316420190906,LaParguera_67W_18N,Mooring,NOAA PMEL : Univ Puerto Rico,"Sutton, A. : Morell, J.",USA
316420190926,KEO_145E_32N,Mooring,NOAA PMEL : Irish Marine Inst.,"Sutton, A. : Cronin, M.",USA
316420191005,TAO165E_0N,Mooring,NOAA PMEL,"Sutton, A.",USA
316420191006,WHOTS_158W_23N,Mooring,NOAA PMEL,"Sutton, A. : Weller, B. : Pluddemann, A.",USA
316420191019,TAO140W_0N,Mooring,NOAA PMEL,"Sutton, A.",USA
316420191026,TAO125W_0N,Mooring,NOAA PMEL,"Sutton, A.",USA
316420191102,Alawai_158W_21N,Mooring,NOAA PMEL : Univ Hawaii,"Sutton, A. : Sabine, C.",USA
316420191128,Kaneohe_158W_21N,Mooring,NOAA PMEL : Univ Hawaii,"Sutton, A. : DeCarlo, E. : Sabine, C.",USA
316420191222,NH_70W_43N,Mooring,NOAA PMEL : Univ New Hampshire,"Sutton, A. : Vandemark, D. : Salisbury, J.",USA
316420200226,First_Landing_76W_37N,Mooring,NOAA PMEL,"Sutton, A.",USA
316420200305,CB-06_125W_43N,Mooring,NOAA PMEL,"Sutton, A. : Hales, B.",USA
316420200311,GAKOA_149W_60N,Mooring,Univ Alaska : NOAA PMEL,"Monacci, N. : Cross, J. : Musielewicz, S. : Sutton, A.",USA
316420200326,Cheeca_80W_25N,Mooring,NOAA PMEL,"Sutton, A. : Manzello, D. : Enochs, I.",USA
316420200403,TAO155W_0N,Mooring,NOAA PMEL,"Sutton, A.",USA
316420200706,LaPush_125W_48N,Mooring,NOAA PMEL,"Sutton, A. : Newton, J. : Manalang, D.",USA
316420200716,TAO110W_0N,Mooring,NOAA PMEL,"Sutton, A.",USA
316420200813,Iceland_13W_68N,Mooring,NOAA PMEL,"Sutton, A. : Olafsdottir, S.R.",USA
316420200813-2,COASTALLA_91W_30N,Mooring,NOAA PMEL : Univ Southern Mississippi,"Sutton, A. : Howden, S.",USA
316420200818,Papa_145W_50N,Mooring,NOAA PMEL : Irish Marine Inst.,"Sutton, A. : Cronin, M. : Emerson S",USA
316420200831,SOFS_142E_46S,Mooring,NOAA PMEL,"Sutton, A. : Trull, T.",USA
316420200907,TAO165E_8S,Mooring,NOAA PMEL,"Sutton, A.",USA
316420200908,CCE2_121W_34N,Mooring,NOAA PMEL : Scripps Inst Ocean,"Sutton, A. : Send, U. : Ohman, M.",USA
316420200911,LaParguera_67W_18N,Mooring,NOAA PMEL : Univ Puerto Rico,"Sutton, A. : Morell, J.",USA
316420201002,TAO170W_0N,Mooring,NOAA PMEL,"Sutton, A.",USA
316420210129,STRATUS_85W_20S,Mooring,NOAA PMEL,"Sutton, A. : Weller, B. : Pluddemann, A.",USA
316420210305,GAKOA_149W_60N,Mooring,Univ Alaska : NOAA PMEL,"Monacci, N. : Sutton, A.",USA
316420210323,TAO125W_0N,Mooring,NOAA PMEL,"Sutton, A.",USA
316420210401,Cheeca_80W_25N,Mooring,NOAA PMEL,"Sutton, A. : Enochs, I.",USA
316420210407,CB-06_125W_43N,Mooring,NOAA PMEL,"Sutton, A. : Hales, B.",USA
316420210420,SOFS_142E_46S,Mooring,NOAA PMEL,"Sutton, A.",USA
316420210425,Papa_145W_50N,Mooring,NOAA PMEL,"Sutton, A. : Cronin_M : Emerson, S.",USA
316420210506,M2_164W_57N,Mooring,Univ Alaska : NOAA PMEL,"Monacci, N. : Sutton, A.",USA
316420210522,WA_125W_47N,Mooring,NOAA PMEL,"Sutton, A.",USA
316420210616,CCE2_121W_34N,Mooring,NOAA PMEL : Scripps Inst Ocean,"Sutton, A. : Send, U. : Ohman, M.",USA
316420210617,LaPush_125W_48N,Mooring,NOAA PMEL,"Sutton, A. : Manalang, D.",USA
316420210618,CCE1_122W_33N,Mooring,NOAA PMEL,"Sutton, A. : Send, U. : Ohman, M.",USA
316420210808,Saildrone1033_Bering,Mooring,NOAA PMEL : Univ Alaska,"Cross, J. : Maenner-Jones, S. : Monacci, N. : Mordy, C. : Sutton, A. : Wang, H.",USA
316420210808-2,SD1034_ASVCO2_004,Saildrone1034_Bering,NOAA PMEL : Univ Alaska,"Cross, J. : Maenner-Jones, S. : Monacci, N. : Mordy, C. : Sutton, A. : Wang, H.",USA
316420210813,Iceland_13W_68N,Mooring,NOAA PMEL,"Sutton, A. : Olafsdottir, S.",USA
316420210825,CoastalLA_91W_30N,Mooring,NOAA PMEL,"Sutton, A.",USA
316420210826,WHOTS_158W_23N,Mooring,NOAA PMEL,"Sutton, A. : Weller, B. : Pluddemann, A.",USA
316420211019,Twanoh_123W_47N,Mooring,NOAA PMEL,"Sutton, A. : Manalang, D.",USA
316420211115,TAO110W_0N,Mooring,NOAA PMEL,"Sutton, A.",USA
316420220315,TAO125W_0N,Mooring,NOAA PMEL,"Sutton, A.",USA
316420220330,GAKOA_149W_60N,Mooring,Univ Alaska  ,"Monacci, N.",USA
316420220503,LaPush_125W_48N,Mooring,NOAA PMEL,"Sutton, A.",USA
316420220512,M2_164W_57N,Mooring,Univ Alaska : NOAA PMEL,"Monacci, N. : Sutton, A.",USA
316420220515,Papa_145W_50N,Mooring,NOAA PMEL,"Sutton, A. : Cronin_M : Emerson, S.",USA
316420220624,Cheeca_80W_25N,Mooring,NOAA PMEL,"Sutton, A. : Enochs I.",USA
316420220724,WHOTS_158W_23N,Mooring,NOAA PMEL,"Sutton, A. : Weller, B. : Pluddemann, A.",USA
316420220823,TAO165E_0N,Mooring,NOAA PMEL,"Sutton, A.",USA
316420220901,USF_Southern_Ocean_Carbon_Survey_2022,Autonomous Surface Vehicle,NOAA PMEL,"Sutton, A. : Bonin_J : Chambers_D : Tamsitt_V : Williams_N",USA
316420220930,TAO155W_0N,Mooring,NOAA PMEL,"Sutton, A.",USA
316420221012,TAO170W_0N,Mooring,NOAA PMEL,"Sutton, A.",USA
316420221012-2,CoastalLA_91W_30N,Mooring,NOAA PMEL,"Sutton, A.",USA
316420221026,CCE2_121W_34N,Mooring,NOAA PMEL : Scripps Inst Ocean,"Sutton, A. : Send, U. : Ohman, M.",USA
316420221028,CCE1_122W_33N,Mooring,NOAA PMEL : Scripps Inst Ocean,"Sutton, A. : Send, U. : Ohman, M.",USA
316420230227,Stratus_85W_20S,Mooring,NOAA PMEL,"Sutton, A. : Weller R. : Plueddemann A.",USA
316420230301,GAKOA_149W_60N,Mooring,Univ Alaska : NOAA PMEL,"Monacci, N. : Alin, S. : Battisti, R. : Bott, R. : Cross, J. : Maenner-Jones, S : Musielewicz, S. : Osborne, J. : Sutton, A.",USA
316420230413,Papa_145W_50N,Mooring,NOAA PMEL : Irish Marine Inst.,"Sutton, A. : Cronin, M. : Emerson, S.",USA
316420230501,M2_164W_57N,Mooring,Univ Alaska : NOAA PMEL,"Monacci, N. : Sutton, A.",USA
316420230517,SOFS_142E_46S,Mooring,NOAA PMEL,"Sutton, A. : Trull, T.",USA
316420230520,GAKOA_149W_60N,Mooring,Univ Alaska : NOAA PMEL,"Monacci, N. : Alin, S. : Battisti, R. : Bott, R. : Cross, J. : Maenner-Jones, S : Musielewicz, S. : Osborne, J. : Sutton, A.",USA
316420230620,WHOTS_158W_23N,Mooring,NOAA PMEL,"Sutton, A. : Weller R. : Pleuddemann A.",USA
316420230725,CCE2_121W_34N,Mooring,NOAA PMEL : Scripps Inst Ocean,"Sutton, A. : Send, U. : Ohman, M.",USA
316420230729,CCE1_122W_33N,Mooring,NOAA PMEL : Scripps Inst Ocean,"Sutton, A. : Send, U. : Ohman, M.",USA
316420230827,M2_164W_57N,Mooring,Univ Alaska : NOAA PMEL,"Monacci, N. : Sutton, A.",USA
316420230923,TAO170W_0N,Mooring,NOAA PMEL,"Sutton, A.",USA
316420240521,M2_164W_57N,Mooring,Univ Alaska : NOAA PMEL,"Monacci, N. : Sutton, A.",USA
316N19810401,Knorr,Ship,Scripps Inst Ocean,"Weiss, R.",USA
316N19810416,Knorr,Ship,Scripps Inst Ocean,"Weiss, R.",USA
316N19810516,Knorr,Ship,Scripps Inst Ocean,"Weiss, R.",USA
316N19810619,Knorr,Ship,Scripps Inst Ocean,"Weiss, R.",USA
316N19810721,Knorr,Ship,Scripps Inst Ocean,"Weiss, R.",USA
316N19810821,Knorr,Ship,Scripps Inst Ocean,"Weiss, R.",USA
316N19810923,Knorr,Ship,Scripps Inst Ocean,"Weiss, R.",USA
316N19821202,Knorr,Ship,Scripps Inst Ocean,"Weiss, R.",USA
316N19821230,Knorr,Ship,Scripps Inst Ocean,"Weiss, R.",USA
316N19830130,Knorr,Ship,Scripps Inst Ocean,"Weiss, R.",USA
316N19831007,Knorr,Ship,Scripps Inst Ocean,"Weiss, R.",USA
316N19840111,Knorr,Ship,Scripps Inst Ocean,"Weiss, R.",USA
316N19871030,Knorr,Ship,Scripps Inst Ocean,"Weiss, R.",USA
316N19871123,Knorr,Ship,Scripps Inst Ocean,"Weiss, R.",USA
316N19871218,Knorr,Ship,Scripps Inst Ocean,"Weiss, R.",USA
316N19880128,Knorr,Ship,Scripps Inst Ocean,"Weiss, R.",USA
316N19940404,Knorr,Ship,Woods Hole Ocean Inst,"Goyet, C.",USA
316N19941201,Knorr,Ship,Princeton Univ,"Key, R.",USA
316N19950124,Knorr,Ship,NOAA PMEL,"Sabine, C.",USA
316N19950310,Knorr,Ship,Princeton Univ,"Key, R.",USA
316N19950423,Knorr,Ship,Princeton Univ,"Key, R.",USA
316N19950611,Knorr,Ship,Princeton Univ,"Key, R.",USA
316N19950715,Knorr,Ship,Princeton Univ,"Key, R.",USA
316N19950829,Knorr,Ship,Princeton Univ,"Key, R.",USA
316N19951111,Knorr,Ship,Princeton Univ,"Key, R.",USA
316N19951205,Knorr,Ship,Princeton Univ,"Key, R.",USA
316N19961102,Knorr,Ship,NOAA AOML,"Wanninkhof, R.",USA
316N19971005,Knorr,Ship,Woods Hole Ocean Inst,"Goyet, C.",USA
316N20110628,Knorr,Ship,Univ Ireland,"Ward, B.",Ireland
318M19780921,Melville,Ship,Scripps Inst Ocean,"Weiss, R.",USA
318M19780928,Melville,Ship,Scripps Inst Ocean,"Weiss, R.",USA
318M19790210,Melville,Ship,Scripps Inst Ocean,"Weiss, R.",USA
318M19790308,Melville,Ship,Scripps Inst Ocean,"Weiss, R.",USA
318M19881208,Melville,Ship,Scripps Inst Ocean,"Weiss, R.",USA
318M19890123,Melville,Ship,Scripps Inst Ocean,"Weiss, R.",USA
318M19890313,Melville,Ship,Scripps Inst Ocean,"Weiss, R.",USA
318M20100105,Melville,Ship,NOAA AOML,"Wanninkhof, R. : Castle, R.D.",USA
318M20130321,Melville,Ship,NOAA PMEL,"Alin, S. : Cosca, C. : Feely, R. : Lebon, G.",USA
318M20130508,Melville,Ship,NOAA PMEL,"Alin, S. : Cosca, C. : Feely, R. : Lebon, G.",USA
319920101120,unknown,Ship,Univ Hawaii,"Ho, D.T. : Ferron, S.",USA
319920101120-2,unknown,Ship,Univ Hawaii,"Ho, D.T. : Ferron, S.",USA
319920101122,unknown,Ship,Univ Hawaii,"Ho, D.T. : Ferron, S.",USA
319920111109,unknown,Ship,Univ Hawaii,"Ho, D.T. : Ferron, S.",USA
319920111110,unknown,Ship,Univ Hawaii,"Ho, D.T. : Ferron, S.",USA
319920111110-2,unknown,Ship,Univ Hawaii,"Ho, D.T. : Ferron, S.",USA
319920130613,Kilo Kai,Ship,Univ Hawaii,"Ho, D.T.",USA
319920140710,Kilo Kai,Ship,Univ Hawaii,"Ho, D.T.",USA
319920171003,Downeast Institute Small Vessel,Ship,Univ New Hampshire,"Salisbury, J. : Vandemark, D. : Hunt, C.W.",USA
319920171005,Commercial Vessel Seafarer,Ship,Univ New Hampshire,"Salisbury, J. : Vandemark, D. : Hunt, C.W.",USA
319920171219,Bigelow Laboratory Small Vessel,Ship,Univ New Hampshire,"Salisbury, J. : Vandemark, D. : Hunt, C.W. : Price, N.",USA
319920180328,Bigelow Laboratory Small Vessel,Ship,Univ New Hampshire,"Salisbury, J. : Vandemark, D. : Hunt, C.W. : Price, N.",USA
319920180515,Downeast Institute Small Vessel,Ship,Univ New Hampshire,"Salisbury, J. : Vandemark, D. : Hunt, C.W.",USA
319920180517,Commercial Vessel Seafarer,Ship,Univ New Hampshire,"Salisbury, J. : Vandemark, D. : Hunt, C.W.",USA
319920181023,Downeast Institute Small Vessel,Ship,Univ New Hampshire,"Salisbury, J. : Vandemark, D. : Hunt, C.W.",USA
319920181025,Commercial Vessel Seafarer,Ship,Univ New Hampshire,"Salisbury, J. : Vandemark, D. : Hunt, C.W.",USA
31AR19610131,Argo,Ship,Scripps Inst Ocean,"Keeling, C.D.",USA
31AR19620519,Argo,Ship,Scripps Inst Ocean,"Keeling, C.D.",USA
31AR19630216,Argo,Ship,Scripps Inst Ocean,"Keeling, C.D.",USA
31B520060606,Bold,Ship,Univ Delaware,"Cai, W.-J.",USA
31B520060906,Bold,Ship,Univ Delaware,"Cai, W.-J.",USA
31DS19890213,Discoverer,Ship,NOAA PMEL,"Feely, R.",USA
31DS19890305,Discoverer,Ship,NOAA PMEL,"Feely, R.",USA
31DS19890407,Discoverer,Ship,NOAA PMEL,"Feely, R.",USA
31DS19920820,Discoverer,Ship,NOAA PMEL,"Feely, R.",USA
31DS19920911,Discoverer,Ship,NOAA PMEL,"Feely, R.",USA
31DS19920920,Discoverer,Ship,NOAA PMEL,"Feely, R.",USA
31DS19921027,Discoverer,Ship,NOAA PMEL,"Feely, R.",USA
31DS19930303,Discoverer,Ship,NOAA PMEL,"Feely, R.",USA
31DS19940201,Discoverer,Ship,NOAA PMEL,"Feely, R.",USA
31DS19941103,Discoverer,Ship,NOAA PMEL,"Feely, R.",USA
31DS19941112,Discoverer,Ship,NOAA PMEL,"Feely, R.",USA
31FN20090802,Miller Freeman,Ship,NOAA PMEL,"Feely, R.",USA
31FN20100327,Miller Freeman,Ship,NOAA PMEL,"Feely, R.",USA
31FN20100405,Miller Freeman,Ship,NOAA PMEL,"Feely, R.",USA
31FN20100412,Miller Freeman,Ship,NOAA PMEL,"Feely, R.",USA
31FN20100426,Miller Freeman,Ship,NOAA PMEL,"Feely, R.",USA
31FN20100527,Miller Freeman,Ship,NOAA PMEL,"Feely, R.",USA
31FN20100612,Miller Freeman,Ship,NOAA PMEL,"Feely, R.",USA
31FN20100803,Miller Freeman,Ship,NOAA PMEL,"Feely, R.",USA
31FN20100830,Miller Freeman,Ship,NOAA PMEL,"Feely, R.",USA
31FN20100909,Miller Freeman,Ship,NOAA PMEL,"Feely, R.",USA
31FN20100922,Miller Freeman,Ship,NOAA PMEL,"Feely, R.",USA
31HO19571021,Horizon,Ship,Scripps Inst Ocean,"Keeling, C.D.",USA
31JD20060806,David Starr Jordan,Ship,NOAA PMEL,"Feely, R.",USA
31JD20060911,David Starr Jordan,Ship,NOAA PMEL,"Feely, R.",USA
31JD20061003,David Starr Jordan,Ship,NOAA PMEL,"Feely, R.",USA
31JD20061203,David Starr Jordan,Ship,NOAA PMEL,"Feely, R.",USA
31JD20070811,David Starr Jordan,Ship,NOAA PMEL,"Feely, R.",USA
31JD20070827,David Starr Jordan,Ship,NOAA PMEL,"Feely, R.",USA
31JD20070914,David Starr Jordan,Ship,NOAA PMEL,"Feely, R.",USA
31JD20071001,David Starr Jordan,Ship,NOAA PMEL,"Feely, R.",USA
31JD20071024,David Starr Jordan,Ship,NOAA PMEL,"Feely, R.",USA
31OC19860523,Oceanographer,Ship,NOAA PMEL,"Feely, R.",USA
31OC19860702,Oceanographer,Ship,NOAA PMEL,"Feely, R.",USA
31OC19870714,Oceanographer,Ship,NOAA PMEL,"Feely, R.",USA
31OC19870730,Oceanographer,Ship,NOAA PMEL,"Feely, R.",USA
31OC19880408,Oceanographer,Ship,NOAA PMEL,"Feely, R.",USA
31OC19880511,Oceanographer,Ship,NOAA PMEL,"Feely, R.",USA
31TT19850330,Thomas G. Thompson,Ship,Scripps Inst Ocean,"Weiss, R.",USA
31TT19850502,Thomas G. Thompson,Ship,Scripps Inst Ocean,"Weiss, R.",USA
31TT19850804,Thomas G. Thompson,Ship,Scripps Inst Ocean,"Weiss, R.",USA
320619941104,Nathaniel B. Palmer,Ship,LDEO Columbia Univ : NOAA ESRL CIRES,"Takahashi, T. : Sweeney, C. : Sutherland, S.C.",USA
320619950317,Nathaniel B. Palmer,Ship,LDEO Columbia Univ : NOAA ESRL CIRES,"Takahashi, T. : Sweeney, C. : Sutherland, S.C.",USA
320619960504,Nathaniel B. Palmer,Ship,LDEO Columbia Univ : NOAA ESRL CIRES,"Takahashi, T. : Sweeney, C. : Sutherland, S.C.",USA
320619960830,Nathaniel B. Palmer,Ship,LDEO Columbia Univ : NOAA ESRL CIRES,"Takahashi, T. : Sweeney, C. : Sutherland, S.C.",USA
320619961113,Nathaniel B. Palmer,Ship,LDEO Columbia Univ : NOAA ESRL CIRES,"Takahashi, T. : Sweeney, C. : Sutherland, S.C.",USA
320619961212,Nathaniel B. Palmer,Ship,LDEO Columbia Univ : NOAA ESRL CIRES,"Takahashi, T. : Sweeney, C. : Sutherland, S.C.",USA
320619970112,Nathaniel B. Palmer,Ship,LDEO Columbia Univ : NOAA ESRL CIRES,"Takahashi, T. : Sweeney, C. : Sutherland, S.C.",USA
320619970216,Nathaniel B. Palmer,Ship,LDEO Columbia Univ : NOAA ESRL CIRES,"Takahashi, T. : Sweeney, C. : Sutherland, S.C.",USA
320619970404,Nathaniel B. Palmer,Ship,LDEO Columbia Univ : NOAA ESRL CIRES,"Takahashi, T. : Sweeney, C. : Sutherland, S.C.",USA
320619971010,Nathaniel B. Palmer,Ship,LDEO Columbia Univ : NOAA ESRL CIRES,"Takahashi, T. : Sweeney, C. : Sutherland, S.C.",USA
320619971106,Nathaniel B. Palmer,Ship,LDEO Columbia Univ : NOAA ESRL CIRES,"Takahashi, T. : Sweeney, C. : Sutherland, S.C.",USA
320619971219,Nathaniel B. Palmer,Ship,LDEO Columbia Univ : NOAA ESRL CIRES,"Takahashi, T. : Sweeney, C. : Sutherland, S.C.",USA
320619980116,Nathaniel B. Palmer,Ship,LDEO Columbia Univ : NOAA ESRL CIRES,"Takahashi, T. : Sweeney, C. : Sutherland, S.C.",USA
320619980225,Nathaniel B. Palmer,Ship,LDEO Columbia Univ : NOAA ESRL CIRES,"Takahashi, T. : Sweeney, C. : Sutherland, S.C.",USA
320619980627,Nathaniel B. Palmer,Ship,LDEO Columbia Univ : NOAA ESRL CIRES,"Takahashi, T. : Sweeney, C. : Sutherland, S.C.",USA
320619980729,Nathaniel B. Palmer,Ship,LDEO Columbia Univ : NOAA ESRL CIRES,"Takahashi, T. : Sweeney, C. : Sutherland, S.C.",USA
320619981004,Nathaniel B. Palmer,Ship,LDEO Columbia Univ : NOAA ESRL CIRES,"Takahashi, T. : Sweeney, C. : Sutherland, S.C.",USA
320619981101,Nathaniel B. Palmer,Ship,LDEO Columbia Univ : NOAA ESRL CIRES,"Takahashi, T. : Sweeney, C. : Sutherland, S.C.",USA
320619990306,Nathaniel B. Palmer,Ship,LDEO Columbia Univ : NOAA ESRL CIRES,"Takahashi, T. : Sweeney, C. : Sutherland, S.C.",USA
320619990330,Nathaniel B. Palmer,Ship,LDEO Columbia Univ : NOAA ESRL CIRES,"Takahashi, T. : Sweeney, C. : Sutherland, S.C.",USA
320619990418,Nathaniel B. Palmer,Ship,LDEO Columbia Univ : NOAA ESRL CIRES,"Takahashi, T. : Sweeney, C. : Sutherland, S.C.",USA
320619991220,Nathaniel B. Palmer,Ship,LDEO Columbia Univ : NOAA ESRL CIRES,"Takahashi, T. : Sweeney, C. : Sutherland, S.C.",USA
320620000215,Nathaniel B. Palmer,Ship,LDEO Columbia Univ : NOAA ESRL CIRES,"Takahashi, T. : Sweeney, C. : Sutherland, S.C.",USA
320620000409,Nathaniel B. Palmer,Ship,LDEO Columbia Univ : NOAA ESRL CIRES,"Takahashi, T. : Sweeney, C. : Sutherland, S.C.",USA
320620000514,Nathaniel B. Palmer,Ship,LDEO Columbia Univ : NOAA ESRL CIRES,"Takahashi, T. : Sweeney, C. : Sutherland, S.C.",USA
320620000609,Nathaniel B. Palmer,Ship,LDEO Columbia Univ : NOAA ESRL CIRES,"Takahashi, T. : Sweeney, C. : Sutherland, S.C.",USA
320620000702,Nathaniel B. Palmer,Ship,LDEO Columbia Univ : NOAA ESRL CIRES,"Takahashi, T. : Sweeney, C. : Sutherland, S.C.",USA
320620000723,Nathaniel B. Palmer,Ship,LDEO Columbia Univ : NOAA ESRL CIRES,"Takahashi, T. : Sweeney, C. : Sutherland, S.C.",USA
320620001027,Nathaniel B. Palmer,Ship,LDEO Columbia Univ : NOAA ESRL CIRES,"Takahashi, T. : Sweeney, C. : Sutherland, S.C.",USA
320620001220,Nathaniel B. Palmer,Ship,LDEO Columbia Univ : NOAA ESRL CIRES,"Takahashi, T. : Sweeney, C. : Sutherland, S.C.",USA
320620010130,Nathaniel B. Palmer,Ship,LDEO Columbia Univ : NOAA ESRL CIRES,"Takahashi, T. : Sweeney, C. : Sutherland, S.C.",USA
320620010401,Nathaniel B. Palmer,Ship,LDEO Columbia Univ : NOAA ESRL CIRES,"Takahashi, T. : Sweeney, C. : Sutherland, S.C.",USA
320620010423,Nathaniel B. Palmer,Ship,LDEO Columbia Univ : NOAA ESRL CIRES,"Takahashi, T. : Sweeney, C. : Sutherland, S.C.",USA
320620010721,Nathaniel B. Palmer,Ship,LDEO Columbia Univ : NOAA ESRL CIRES,"Takahashi, T. : Sweeney, C. : Sutherland, S.C.",USA
320620010907,Nathaniel B. Palmer,Ship,LDEO Columbia Univ : NOAA ESRL CIRES,"Takahashi, T. : Sweeney, C. : Sutherland, S.C.",USA
320620011109,Nathaniel B. Palmer,Ship,LDEO Columbia Univ : NOAA ESRL CIRES,"Takahashi, T. : Sweeney, C. : Sutherland, S.C.",USA
320620011205,Nathaniel B. Palmer,Ship,LDEO Columbia Univ : NOAA ESRL CIRES,"Takahashi, T. : Sweeney, C. : Sutherland, S.C.",USA
320620020118,Nathaniel B. Palmer,Ship,LDEO Columbia Univ : NOAA ESRL CIRES,"Takahashi, T. : Sweeney, C. : Sutherland, S.C.",USA
320620020409,Nathaniel B. Palmer,Ship,LDEO Columbia Univ : NOAA ESRL CIRES,"Takahashi, T. : Sweeney, C. : Sutherland, S.C.",USA
320620020801,Nathaniel B. Palmer,Ship,LDEO Columbia Univ : NOAA ESRL CIRES,"Takahashi, T. : Sweeney, C. : Sutherland, S.C.",USA
320620020923,Nathaniel B. Palmer,Ship,LDEO Columbia Univ : NOAA ESRL CIRES,"Takahashi, T. : Sweeney, C. : Sutherland, S.C.",USA
320620021030,Nathaniel B. Palmer,Ship,LDEO Columbia Univ : NOAA ESRL CIRES,"Takahashi, T. : Sweeney, C. : Sutherland, S.C.",USA
320620021110,Nathaniel B. Palmer,Ship,LDEO Columbia Univ : NOAA ESRL CIRES,"Takahashi, T. : Sweeney, C. : Sutherland, S.C.",USA
320620021212,Nathaniel B. Palmer,Ship,LDEO Columbia Univ : NOAA ESRL CIRES,"Takahashi, T. : Sweeney, C. : Sutherland, S.C.",USA
320620030105,Nathaniel B. Palmer,Ship,LDEO Columbia Univ : NOAA ESRL CIRES,"Takahashi, T. : Sweeney, C. : Sutherland, S.C.",USA
320620030201,Nathaniel B. Palmer,Ship,LDEO Columbia Univ : NOAA ESRL CIRES,"Takahashi, T. : Sweeney, C. : Sutherland, S.C.",USA
320620030224,Nathaniel B. Palmer,Ship,LDEO Columbia Univ : NOAA ESRL CIRES,"Takahashi, T. : Sweeney, C. : Sutherland, S.C.",USA
320620030524,Nathaniel B. Palmer,Ship,LDEO Columbia Univ : NOAA ESRL CIRES,"Takahashi, T. : Sweeney, C. : Sutherland, S.C.",USA
320620030706,Nathaniel B. Palmer,Ship,LDEO Columbia Univ : NOAA ESRL CIRES,"Takahashi, T. : Sweeney, C. : Sutherland, S.C.",USA
320620031026,Nathaniel B. Palmer,Ship,LDEO Columbia Univ : NOAA ESRL CIRES,"Takahashi, T. : Sweeney, C. : Sutherland, S.C.",USA
320620031218,Nathaniel B. Palmer,Ship,LDEO Columbia Univ : NOAA ESRL CIRES,"Takahashi, T. : Sweeney, C. : Sutherland, S.C.",USA
320620040109,Nathaniel B. Palmer,Ship,LDEO Columbia Univ,"Takahashi, T.",USA
320620040120,Nathaniel B. Palmer,Ship,LDEO Columbia Univ : NOAA ESRL CIRES,"Takahashi, T. : Sweeney, C. : Sutherland, S.C.",USA
320620040223,Nathaniel B. Palmer,Ship,LDEO Columbia Univ : NOAA ESRL CIRES,"Takahashi, T. : Sweeney, C. : Sutherland, S.C.",USA
320620040416,Nathaniel B. Palmer,Ship,LDEO Columbia Univ : NOAA ESRL CIRES,"Takahashi, T. : Sweeney, C. : Sutherland, S.C.",USA
320620040518,Nathaniel B. Palmer,Ship,LDEO Columbia Univ : NOAA ESRL CIRES,"Takahashi, T. : Sweeney, C. : Sutherland, S.C.",USA
320620040729,Nathaniel B. Palmer,Ship,LDEO Columbia Univ : NOAA ESRL CIRES,"Takahashi, T. : Sweeney, C. : Sutherland, S.C.",USA
320620041012,Nathaniel B. Palmer,Ship,LDEO Columbia Univ : NOAA ESRL CIRES,"Takahashi, T. : Sweeney, C. : Sutherland, S.C.",USA
320620041218,Nathaniel B. Palmer,Ship,LDEO Columbia Univ : NOAA ESRL CIRES,"Takahashi, T. : Sweeney, C. : Sutherland, S.C.",USA
320620050128,Nathaniel B. Palmer,Ship,LDEO Columbia Univ : NOAA ESRL CIRES,"Takahashi, T. : Sweeney, C. : Sutherland, S.C.",USA
320620050304,Nathaniel B. Palmer,Ship,LDEO Columbia Univ : NOAA ESRL CIRES,"Takahashi, T. : Sweeney, C. : Sutherland, S.C.",USA
320620050402,Nathaniel B. Palmer,Ship,LDEO Columbia Univ : NOAA ESRL CIRES,"Takahashi, T. : Sweeney, C. : Sutherland, S.C.",USA
320620050703,Nathaniel B. Palmer,Ship,LDEO Columbia Univ : NOAA ESRL CIRES,"Takahashi, T. : Sweeney, C. : Sutherland, S.C.",USA
320620050720,Nathaniel B. Palmer,Ship,LDEO Columbia Univ : NOAA ESRL CIRES,"Takahashi, T. : Sweeney, C. : Sutherland, S.C.",USA
320620050925,Nathaniel B. Palmer,Ship,LDEO Columbia Univ : NOAA ESRL CIRES,"Takahashi, T. : Sweeney, C. : Sutherland, S.C.",USA
320620051026,Nathaniel B. Palmer,Ship,LDEO Columbia Univ : NOAA ESRL CIRES,"Takahashi, T. : Sweeney, C. : Sutherland, S.C.",USA
320620051217,Nathaniel B. Palmer,Ship,LDEO Columbia Univ : NOAA ESRL CIRES,"Takahashi, T. : Sweeney, C. : Sutherland, S.C.",USA
320620060130,Nathaniel B. Palmer,Ship,LDEO Columbia Univ,"Takahashi, T.",USA
320620060202,Nathaniel B. Palmer,Ship,LDEO Columbia Univ : NOAA ESRL CIRES,"Takahashi, T. : Sweeney, C. : Sutherland, S.C.",USA
320620060228,Nathaniel B. Palmer,Ship,LDEO Columbia Univ : NOAA ESRL CIRES,"Takahashi, T. : Sweeney, C. : Sutherland, S.C.",USA
320620060412,Nathaniel B. Palmer,Ship,LDEO Columbia Univ : NOAA ESRL CIRES,"Takahashi, T. : Sweeney, C. : Sutherland, S.C.",USA
320620060703,Nathaniel B. Palmer,Ship,LDEO Columbia Univ : NOAA ESRL CIRES,"Takahashi, T. : Sweeney, C. : Sutherland, S.C.",USA
320620060830,Nathaniel B. Palmer,Ship,LDEO Columbia Univ : NOAA ESRL CIRES,"Takahashi, T. : Sweeney, C. : Sutherland, S.C.",USA
320620061103,Nathaniel B. Palmer,Ship,LDEO Columbia Univ : NOAA ESRL CIRES,"Takahashi, T. : Sweeney, C. : Sutherland, S.C.",USA
320620061222,Nathaniel B. Palmer,Ship,LDEO Columbia Univ : NOAA ESRL CIRES,"Takahashi, T. : Sweeney, C. : Sutherland, S.C.",USA
320620070202,Nathaniel B. Palmer,Ship,LDEO Columbia Univ : NOAA ESRL CIRES,"Takahashi, T. : Sweeney, C. : Sutherland, S.C.",USA
320620070401,Nathaniel B. Palmer,Ship,LDEO Columbia Univ : NOAA ESRL CIRES,"Takahashi, T. : Sweeney, C. : Sutherland, S.C.",USA
320620070920,Nathaniel B. Palmer,Ship,LDEO Columbia Univ : NOAA ESRL CIRES,"Takahashi, T. : Sweeney, C. : Sutherland, S.C.",USA
320620071114,Nathaniel B. Palmer,Ship,LDEO Columbia Univ : NOAA ESRL CIRES,"Takahashi, T. : Sweeney, C. : Sutherland, S.C.",USA
320620071214,Nathaniel B. Palmer,Ship,LDEO Columbia Univ : NOAA ESRL CIRES,"Takahashi, T. : Sweeney, C. : Sutherland, S.C.",USA
320620080109,Nathaniel B. Palmer,Ship,LDEO Columbia Univ : NOAA ESRL CIRES,"Takahashi, T. : Sweeney, C. : Sutherland, S.C.",USA
320620080130,Nathaniel B. Palmer,Ship,LDEO Columbia Univ : NOAA ESRL CIRES,"Takahashi, T. : Sweeney, C. : Sutherland, S.C.",USA
320620080222,Nathaniel B. Palmer,Ship,LDEO Columbia Univ : NOAA ESRL CIRES,"Takahashi, T. : Sweeney, C. : Sutherland, S.C.",USA
320620080321,Nathaniel B. Palmer,Ship,LDEO Columbia Univ : NOAA ESRL CIRES,"Takahashi, T. : Sweeney, C. : Sutherland, S.C.",USA
320620080418,Nathaniel B. Palmer,Ship,LDEO Columbia Univ : NOAA ESRL CIRES,"Takahashi, T. : Sweeney, C. : Sutherland, S.C.",USA
320620080601,Nathaniel B. Palmer,Ship,LDEO Columbia Univ : NOAA ESRL CIRES,"Takahashi, T. : Sweeney, C. : Sutherland, S.C.",USA
320620080711,Nathaniel B. Palmer,Ship,LDEO Columbia Univ : NOAA ESRL CIRES,"Takahashi, T. : Sweeney, C. : Sutherland, S.C.",USA
320620090107,Nathaniel B. Palmer,Ship,LDEO Columbia Univ : NOAA ESRL CIRES,"Takahashi, T. : Sweeney, C. : Sutherland, S.C.",USA
320620090306,Nathaniel B. Palmer,Ship,LDEO Columbia Univ : NOAA ESRL CIRES,"Takahashi, T. : Sweeney, C. : Sutherland, S.C.",USA
320620091009,Nathaniel B. Palmer,Ship,LDEO Columbia Univ : NOAA ESRL CIRES,"Takahashi, T. : Sweeney, C. : Sutherland, S.C.",USA
320620091119,Nathaniel B. Palmer,Ship,LDEO Columbia Univ : NOAA ESRL CIRES,"Takahashi, T. : Sweeney, C. : Sutherland, S.C.",USA
320620100102,Nathaniel B. Palmer,Ship,LDEO Columbia Univ : NOAA ESRL CIRES,"Takahashi, T. : Sweeney, C. : Sutherland, S.C.",USA
320620100316,Nathaniel B. Palmer,Ship,LDEO Columbia Univ : NOAA ESRL CIRES,"Takahashi, T. : Sweeney, C. : Sutherland, S.C.",USA
320620100508,Nathaniel B. Palmer,Ship,LDEO Columbia Univ : NOAA ESRL CIRES,"Takahashi, T. : Sweeney, C. : Sutherland, S.C.",USA
320620101023,Nathaniel B. Palmer,Ship,LDEO Columbia Univ : NOAA ESRL CIRES,"Takahashi, T. : Sweeney, C. : Sutherland, S.C.",USA
320620101129,Nathaniel B. Palmer,Ship,LDEO Columbia Univ : NOAA ESRL CIRES,"Takahashi, T. : Sweeney, C. : Sutherland, S.C.",USA
320620110119,Nathaniel B. Palmer,Ship,LDEO Columbia Univ : NOAA ESRL CIRES,"Takahashi, T. : Sweeney, C. : Sutherland, S.C.",USA
320620110220,Nathaniel B. Palmer,Ship,LDEO Columbia Univ : NOAA ESRL CIRES,"Takahashi, T. : Sweeney, C. : Sutherland, S.C.",USA
320620110509,Nathaniel B. Palmer,Ship,LDEO Columbia Univ : NOAA ESRL CIRES,"Takahashi, T. : Sweeney, C. : Sutherland, S.C.",USA
320620110905,Nathaniel B. Palmer,Ship,LDEO Columbia Univ : NOAA ESRL CIRES,"Takahashi, T. : Sweeney, C. : Sutherland, S.C.",USA
320620110917,Nathaniel B. Palmer,Ship,LDEO Columbia Univ : NOAA ESRL CIRES,"Takahashi, T. : Sweeney, C. : Sutherland, S.C.",USA
320620111118,Nathaniel B. Palmer,Ship,LDEO Columbia Univ : NOAA ESRL CIRES,"Takahashi, T. : Sweeney, C. : Sutherland, S.C.",USA
320620120314,Nathaniel B. Palmer,Ship,LDEO Columbia Univ : NOAA ESRL CIRES,"Takahashi, T. : Sweeney, C. : Sutherland, S.C.",USA
320620120805,Nathaniel B. Palmer,Ship,LDEO Columbia Univ : NOAA ESRL CIRES,"Takahashi, T. : Sweeney, C. : Sutherland, S.C.",USA
320620120826,Nathaniel B. Palmer,Ship,LDEO Columbia Univ : NOAA ESRL CIRES,"Takahashi, T. : Sweeney, C. : Sutherland, S.C.",USA
320620130103,Nathaniel B. Palmer,Ship,LDEO Columbia Univ : NOAA ESRL CIRES,"Takahashi, T. : Sweeney, C. : Sutherland, S.C.",USA
320620130212,Nathaniel B. Palmer,Ship,LDEO Columbia Univ : NOAA ESRL CIRES,"Takahashi, T. : Sweeney, C. : Sutherland, S.C.",USA
320620130409,Nathaniel B. Palmer,Ship,LDEO Columbia Univ : NOAA ESRL CIRES,"Takahashi, T. : Sweeney, C. : Sutherland, S.C.",USA
320620130513,Nathaniel B. Palmer,Ship,LDEO Columbia Univ : NOAA ESRL CIRES,"Takahashi, T. : Sweeney, C. : Sutherland, S.C.",USA
320620130625,Nathaniel B. Palmer,Ship,LDEO Columbia Univ : NOAA ESRL CIRES,"Takahashi, T. : Sweeney, C. : Sutherland, S.C.",USA
320620130810,Nathaniel B. Palmer,Ship,LDEO Columbia Univ : NOAA ESRL CIRES,"Takahashi, T. : Sweeney, C. : Sutherland, S.C.",USA
320620131027,Nathaniel B. Palmer,Ship,LDEO Columbia Univ : NOAA ESRL CIRES,"Takahashi, T. : Sweeney, C. : Sutherland, S.C.",USA
320620131118,Nathaniel B. Palmer,Ship,LDEO Columbia Univ : NOAA ESRL CIRES,"Takahashi, T. : Sweeney, C. : Sutherland, S.C.",USA
320620140129,Nathaniel B. Palmer,Ship,LDEO Columbia Univ : NOAA ESRL CIRES,"Takahashi, T. : Sweeney, C. : Sutherland, S.C.",USA
320620140320,Nathaniel B. Palmer,Ship,LDEO Columbia Univ : NOAA ESRL CIRES,"Takahashi, T. : Sweeney, C. : Sutherland, S.C.",USA
320620140626,Nathaniel B. Palmer,Ship,LDEO Columbia Univ : NOAA ESRL CIRES,"Takahashi, T. : Sweeney, C. : Sutherland, S.C.",USA
320620140819,Nathaniel B. Palmer,Ship,LDEO Columbia Univ : NOAA ESRL CIRES,"Takahashi, T. : Sweeney, C. : Sutherland, S.C.",USA
320620140922,Nathaniel B. Palmer,Ship,LDEO Columbia Univ : NOAA ESRL CIRES,"Takahashi, T. : Sweeney, C. : Sutherland, S.C.",USA
320620141026,Nathaniel B. Palmer,Ship,LDEO Columbia Univ : NOAA ESRL CIRES,"Takahashi, T. : Sweeney, C. : Sutherland, S.C.",USA
320620141130,Nathaniel B. Palmer,Ship,LDEO Columbia Univ : NOAA ESRL CIRES,"Takahashi, T. : Sweeney, C. : Sutherland, S.C.",USA
320620150104,Nathaniel B. Palmer,Ship,LDEO Columbia Univ : NOAA ESRL CIRES,"Takahashi, T. : Sweeney, C. : Sutherland, S.C.",USA
320620150123,Nathaniel B. Palmer,Ship,LDEO Columbia Univ : NOAA ESRL CIRES,"Takahashi, T. : Sweeney, C. : Sutherland, S.C.",USA
320620150326,Nathaniel B. Palmer,Ship,LDEO Columbia Univ : NOAA ESRL CIRES,"Takahashi, T. : Sweeney, C. : Sutherland, S.C.",USA
320620150512,Nathaniel B. Palmer,Ship,LDEO Columbia Univ : NOAA ESRL CIRES,"Takahashi, T. : Sweeney, C. : Sutherland, S.C.",USA
320620150803,Nathaniel B. Palmer,Ship,LDEO Columbia Univ : NOAA ESRL CIRES,"Takahashi, T. : Sweeney, C. : Sutherland, S.C.",USA
320620150905,Nathaniel B. Palmer,Ship,LDEO Columbia Univ : NOAA ESRL CIRES,"Takahashi, T. : Sweeney, C. : Sutherland, S.C.",USA
320620151109,Nathaniel B. Palmer,Ship,LDEO Columbia Univ : NOAA ESRL CIRES,"Sutherland, S.C. : Newberger, T. : Takahashi, T. : Sweeney, C.",USA
320620151207,Nathaniel B. Palmer,Ship,LDEO Columbia Univ : NOAA ESRL CIRES,"Sutherland, S.C. : Newberger, T. : Takahashi, T. : Sweeney, C.",USA
320620160110,Nathaniel B. Palmer,Ship,LDEO Columbia Univ : NOAA ESRL CIRES,"Takahashi, T. : Sutherland, S.C. : Sweeney, C.",USA
320620160211,Nathaniel B. Palmer,Ship,LDEO Columbia Univ : NOAA ESRL CIRES,"Takahashi, T. : Sutherland, S.C. : Sweeney, C.",USA
320620160401,Nathaniel B. Palmer,Ship,LDEO Columbia Univ : NOAA ESRL CIRES,"Takahashi, T. : Sutherland, S.C. : Sweeney, C.",USA
320620160805,Nathaniel B. Palmer,Ship,LDEO Columbia Univ : NOAA ESRL CIRES,"Takahashi, T. : Sutherland, S.C. : Sweeney, C.",USA
320620160907,Nathaniel B. Palmer,Ship,LDEO Columbia Univ : NOAA ESRL CIRES,"Takahashi, T. : Sutherland, S.C. : Sweeney, C.",USA
320620161122,Nathaniel B. Palmer,Ship,LDEO Columbia Univ : NOAA ESRL CIRES,"Takahashi, T. : Sutherland, S.C. : Sweeney, C.",USA
320620161224,Nathaniel B. Palmer,Ship,LDEO Columbia Univ : NOAA ESRL CIRES,"Takahashi, T. : Sutherland, S.C. : Sweeney, C.",USA
320620170123,Nathaniel B. Palmer,Ship,LDEO Columbia Univ : NOAA ESRL CIRES,"Takahashi, T. : Sutherland, S.C. : Sweeney, C.",USA
320620170414,Nathaniel B. Palmer,Ship,LDEO Columbia Univ : NOAA ESRL CIRES,"Takahashi, T. : Sutherland, S.C. : Sweeney, C.",USA
320620170703,Nathaniel B. Palmer,Ship,LDEO Columbia Univ : NOAA ESRL CIRES,"Takahashi, T. : Sutherland, S.C. : Sweeney, C.",USA
320620171126,Nathaniel B. Palmer,Ship,LDEO Columbia Univ : NOAA ESRL CIRES,"Takahashi, T. : Sutherland, S.C. : Sweeney, C.",USA
320620171224,Nathaniel B. Palmer,Ship,LDEO Columbia Univ : NOAA ESRL CIRES : IAAR Univ Colorado,"Takahashi, T. : Sweeney, C. : Newberger, T. : Sutherland, S.C. : Munro, D.R.",USA
320620180310,Nathaniel B. Palmer,Ship,LDEO Columbia Univ : NOAA ESRL CIRES : IAAR Univ Colorado,"Takahashi, T. : Sweeney, C. : Newberger, T. : Sutherland, S.C. : Munro, D.R.",USA
320620181021,Nathaniel B. Palmer,Ship,LDEO Columbia Univ : NOAA ESRL CIRES : IAAR Univ Colorado,"Takahashi, T. : Sweeney, C. : Newberger, T. : Sutherland, S.C. : Munro, D.R.",USA
320620181225,Nathaniel B. Palmer,Ship,LDEO Columbia Univ : NOAA ESRL CIRES : IAAR Univ Colorado,"Takahashi, T. : Sweeney, C. : Newberger, T. : Sutherland, S.C. : Munro, D.R.",USA
320620190203,Nathaniel B. Palmer,Ship,LDEO Columbia Univ : NOAA ESRL CIRES : IAAR Univ Colorado,"Takahashi, T. : Sweeney, C. : Newberger, T. : Sutherland, S.C. : Munro, D.R.",USA
320620200128,Nathaniel B. Palmer,Ship,NOAA ESRL CIRES : LDEO Columbia Univ : IAAR Univ Colorado,"Sweeney, C. : Newberger, T. : Sutherland, S.C. : Munro, D.R.",USA
320620201016,Nathaniel B. Palmer,Ship,NOAA ESRL CIRES : LDEO Columbia Univ : IAAR Univ Colorado,"Sweeney, C. : Newberger, T. : Sutherland, S.C. : Munro, D.R.",USA
320620201112,Nathaniel B. Palmer,Ship,NOAA ESRL CIRES : LDEO Columbia Univ : IAAR Univ Colorado,"Sweeney, C. : Newberger, T. : Sutherland, S.C. : Munro, D.R.",USA
320620201227,Nathaniel B. Palmer,Ship,NOAA ESRL CIRES : LDEO Columbia Univ : IAAR Univ Colorado,"Sweeney, C. : Newberger, T. : Sutherland, S.C. : Munro, D.R.",USA
320620211119,Nathaniel B. Palmer,Ship,NOAA ESRL CIRES : IAAR Univ Colorado,"Sweeney, C. : Newberger, T. : McAuliffe : Munro, D.R.",USA
320620220108,Nathaniel B. Palmer,Ship,NOAA ESRL CIRES : LDEO Columbia Univ : IAAR Univ Colorado,"Sweeney, C. : Newberger, T. : Sutherland, S.C. : Munro, D.R.",USA
320620221229,Nathaniel B. Palmer,Ship,NOAA ESRL CIRES : IAAR Univ Colorado,"Sweeney, C. : Newberger, T. : McAuliffe : Munro, D.R.",USA
320620230118,Nathaniel B. Palmer,Ship,NOAA ESRL CIRES : IAAR Univ Colorado,"Sweeney, C. : Newberger, T. : McAuliffe : Munro, D.R.",USA
320620231201,Nathaniel B. Palmer,Ship,NOAA ESRL CIRES : IAAR Univ Colorado,"Sweeney, C. : Newberger, T. : McAuliffe : Munro, D.R.",USA
320620240206,Nathaniel B. Palmer,Ship,NOAA ESRL CIRES : IAAR Univ Colorado,"Sweeney, C. : Newberger, T. : McAuliffe : Munro, D.R.",USA
320620240225,Nathaniel B. Palmer,Ship,NOAA ESRL CIRES : IAAR Univ Colorado,"Sweeney, C. : Newberger, T. : McAuliffe : Munro, D.R.",USA
320620240413,Nathaniel B. Palmer,Ship,NOAA ESRL CIRES : IAAR Univ Colorado,"Sweeney, C. : Newberger, T. : McAuliffe : Munro, D.R.",USA
320620241115,Nathaniel B. Palmer,Ship,NOAA ESRL CIRES : IAAR Univ Colorado,"Sweeney, C. : Newberger, T. : McAuliffe : Munro, D.R.",USA
320620241216,Nathaniel B. Palmer,Ship,NOAA ESRL CIRES : IAAR Univ Colorado,"Sweeney, C. : Newberger, T. : McAuliffe : Munro, D.R.",USA
320G19940630,Weatherbird II,Ship,Bermuda Inst Ocean Sci,"Bates, N.R.",Bermuda
320G19950101,Weatherbird II,Ship,Bermuda Inst Ocean Sci,"Bates, N.R.",Bermuda
320G19960101,Weatherbird II,Ship,Bermuda Inst Ocean Sci,"Bates, N.R.",Bermuda
320G20110503,Weatherbird II,Ship,USGS,"Robbins, L.L.",USA
320G20110625,Weatherbird II,Ship,USGS,"Robbins, L.L.",USA
320G20120215,Weatherbird II,Ship,USGS,"Robbins, L.L. : Knorr, P. : Daly, K. : Barrera, K.",USA
320G20120508,Weatherbird II,Ship,USGS,"Robbins, L.L. : Knorr, P. : Daly, K. : Barrera, K.",USA
323019940105,Maurice Ewing,Ship,Dalhousie Univ,"Wallace, D.",Canada
325019920823,Thomas G. Thompson,Ship,Woods Hole Ocean Inst,"Goyet, C.",USA
325019920927,Thomas G. Thompson,Ship,Woods Hole Ocean Inst,"Goyet, C.",USA
325019930515,Thomas G. Thompson,Ship,Woods Hole Ocean Inst,"Goyet, C. : Eischeid, G.",USA
325019931005,Thomas G. Thompson,Ship,NOAA PMEL,"Sabine, C.",USA
325019950109,Thomas G. Thompson,Ship,Woods Hole Ocean Inst,"Goyet, C.",USA
325019950210,Thomas G. Thompson,Ship,Woods Hole Ocean Inst,"Goyet, C.",USA
325019950315,Thomas G. Thompson,Ship,Woods Hole Ocean Inst,"Goyet, C.",USA
325019950721,Thomas G. Thompson,Ship,Woods Hole Ocean Inst,"Goyet, C.",USA
325019951101,Thomas G. Thompson,Ship,RSMAS Univ Miami,"Millero, F.",USA
325019951204,Thomas G. Thompson,Ship,RSMAS Univ Miami,"Millero, F.",USA
325020160302,Thomas G. Thompson,Ship,NOAA PMEL,"Alin, S. : Cosca, C. : Herndon, J. : Feely, R.",USA
325020190403,Thomas G. Thompson,Ship,NOAA PMEL,"Alin, S. : Feely, R.",USA
325020190520,Thomas G. Thompson,Ship,NOAA PMEL,"Alin, S. : Feely, R.",USA
325020191211,Thomas G. Thompson,Ship,NOAA PMEL,"Alin, S. : Feely, R.",USA
325020210127,Thomas G. Thompson,Ship,NOAA PMEL,"Alin, S. : Feely, R.",USA
325020210316,Thomas G. Thompson,Ship,NOAA PMEL,"Alin, S. : Feely, R.",USA
325020210420,Thomas G. Thompson,Ship,NOAA PMEL,"Alin, S. : Feely, R.",USA
325020211119,Thomas G. Thompson,Ship,NOAA PMEL,"Alin, S. : Feely, R.",USA
325020211218,Thomas G. Thompson,Ship,NOAA PMEL,"Alin, S. : Feely, R.",USA
325020220122,Thomas G. Thompson,Ship,NOAA PMEL,"Alin, S. : Feely, R.",USA
325020220312,Thomas G. Thompson,Ship,NOAA PMEL,"Alin, S. : Feely, R.",USA
325020220331,Thomas G. Thompson,Ship,NOAA PMEL,"Alin, S. : Feely, R.",USA
325020220527,Thomas G. Thompson,Ship,NOAA PMEL,"Alin, S. : Feely, R.",USA
325020220620,Thomas G. Thompson,Ship,NOAA PMEL,"Alin, S. : Feely, R.",USA
325020220906,Thomas G. Thompson,Ship,NOAA PMEL,"Alin, S. : Feely, R.",USA
325020220912,Thomas G. Thompson,Ship,NOAA PMEL,"Alin, S. : Feely, R.",USA
325020220924,Thomas G. Thompson,Ship,NOAA PMEL,"Alin, S. : Feely, R.",USA
325020220930,Thomas G. Thompson,Ship,NOAA PMEL,"Alin, S. : Feely, R.",USA
325020221009,Thomas G. Thompson,Ship,NOAA PMEL,"Alin, S. : Feely, R.",USA
325020230122,Thomas G. Thompson,Ship,NOAA PMEL,"Alin, S. : Feely, R.",USA
325020230226,Thomas G. Thompson,Ship,NOAA PMEL,"Alin, S. : Feely, R.",USA
325020230313,Thomas G. Thompson,Ship,NOAA PMEL,"Alin, S. : Feely, R.",USA
325020230322,Thomas G. Thompson,Ship,NOAA PMEL,"Alin, S. : Feely, R.",USA
325020230514,Thomas G. Thompson,Ship,NOAA PMEL,"Alin, S. : Feely, R.",USA
325020230614,Thomas G. Thompson,Ship,NOAA PMEL,"Alin, S. : Feely, R.",USA
325020231110,Thomas G. Thompson,Ship,NOAA PMEL,"Alin, S. : Feeley, R.",USA
325020231113,Thomas G. Thompson,Ship,NOAA PMEL,"Alin, S. : Feeley, R.",USA
325020231123,Thomas G. Thompson,Ship,NOAA PMEL,"Alin, S. : Feeley, R.",USA
325020231230,Thomas G. Thompson,Ship,NOAA PMEL,"Alin, S. : Feeley, R.",USA
325020240113,Thomas G. Thompson,Ship,NOAA PMEL,"Alin, S. : Feeley, R.",USA
325020240221,Thomas G. Thompson,Ship,NOAA PMEL,"Alin, S. : Feeley, R.",USA
325020240408,Thomas G. Thompson,Ship,NOAA PMEL,"Alin, S. : Feeley, R.",USA
32C320171025,Columbia,Ship,Hakai Institute,"Evans, W.",USA
32DB20110804,USWestCoast_WG1_1760,Autonomous Surface Vehicle,NOAA PMEL,"Sabine, C. : Feely, R. : Alin, S. : Sutton, A.",USA
32DB20110804-2,USWestCoast_WG2_1741,Autonomous Surface Vehicle,NOAA PMEL,"Sabine, C. : Feely, R. : Alin, S. : Sutton, A.",USA
32DB20120718,USWestCoast_WG1_1760,Autonomous Surface Vehicle,NOAA PMEL,"Sabine, C. : Feely, R. : Alin, S. : Sutton, A.",USA
32DB20120719,USWestCoast_WG2_1741,Autonomous Surface Vehicle,NOAA PMEL,"Sabine, C. : Feely, R. : Alin, S. : Sutton, A.",USA
32DB20160709,Waveglider0004_Bering,Autonomous Surface Vehicle,Univ Alaska : NOAA PMEL,"Monacci, N. : Battisti R. : Cross, J. : Maenner-Jones, S. : Sutton, A.",USA
32DB20170317,Saildrone1001_Coastal_CA,Autonomous Surface Vehicle,NOAA PMEL,"Sutton, A.",USA
32DB20170716,Saildrone1002_Chukchi,Autonomous Surface Vehicle,NOAA PMEL : Univ Alaska,"Cross, J. : Monacci, N. : Wang, H. : Sutton, A. : Maenner Jones, S. : Meinig, C. : Mordy, C.",USA
32DB20170717,Saildrone1003,Autonomous Surface Vehicle,NOAA PMEL : Univ Alaska,"Cross, J. : Monacci, N. : Wang, H. : Sutton, A. : Maenner Jones, S. : Meinig, C. : Mordy, C.",USA
32DB20170727,USWestCoast_WG2_1741,Autonomous Surface Vehicle,NOAA PMEL,"Alin, S. : Sutton, A. : Feely, R.",USA
32DB20170902,TPOS_2017_SD1006,Autonomous Surface Vehicle,NOAA PMEL,"Sutton, A.",USA
32DB20170902-2,TPOS_2017_SD1005,Autonomous Surface Vehicle,NOAA PMEL,"Sutton, A.",USA
32DB20180327,Saildrone1003_Coastal_Tasmania,Autonomous Surface Vehicle,NOAA PMEL,"Sutton, A. : Tilbook B.",USA
32DB20180428,Waveglider1741_SouthPacific,Autonomous Surface Vehicle,NOAA PMEL,"Sutton, A.",USA
32DB20180630,Saildrone1020_Chukchi,Autonomous Surface Vehicle,NOAA PMEL : Univ Alaska,"Cross, J. : Monacci, N. : Wang, H. : Sutton, A. : Maenner Jones, S. : Meinig, C. : Mordy, C.",USA
32DB20180630-2,Saildrone1021_Chukchi,Autonomous Surface Vehicle,NOAA PMEL : Univ Alaska,"Cross, J. : Monacci, N. : Wang, H. : Sutton, A. : Maenner Jones, S. : Meinig, C. : Mordy, C.",USA
32DB20181003,ASV_Saildrone1029_TPOS,Autonomous Surface Vehicle,NOAA PMEL,"Sutton, A.",USA
32DB20181004,ASV_Saildrone1030_TPOS,Autonomous Surface Vehicle,NOAA PMEL,"Sutton, A.",USA
32DB20190119,Saildrone1020_Antarctic,Autonomous Surface Vehicle,NOAA PMEL,"Sutton, A.",USA
32DB20190130,Saildrone1021_Gulfstream,Autonomous Surface Vehicle,NOAA PMEL,"Palter, J. : Nickford, S. : Sutton, A.",USA
32DB20190514,Saildrone1033_Chukchi,Autonomous Surface Vehicle,NOAA PMEL : Univ Alaska,"Cross, J. : Monacci, N. : Wang, H. : Sutton, A. : Maenner Jones, S. : Meinig, C. : Mordy, C.",USA
32DB20190514-2,Saildrone1034_Chukchi,Autonomous Surface Vehicle,NOAA PMEL : Univ Alaska,"Cross, J. : Monacci, N. : Wang, H. : Sutton, A. : Maenner Jones, S. : Meinig, C. : Mordy, C.",USA
32DB20190608,ASV_Saildrone1066_TPOS_Jun2019_Jan2020,Autonomous Surface Vehicle,NOAA PMEL,"Sutton, A.",USA
32DB20191017,Saildrone1030,Autonomous Surface Vehicle,"NORCE, GEOMAR, UiB","Skjelvan, I. : Fiedler, B. : Pfeil, B. : Jones",Norway
32DB20210722,ASV_Saildrone1066_TPOS_Jul2021_Mar2022,Autonomous Surface Vehicle,NOAA PMEL,"Sutton, A.",USA
32DB20210918,Saildrone 1079 EuroSea 2021,Ship,Geomar,"Wimart-Rousseau, C., Sutton, A. And Fiedler, B.",Germany
32EV19960301,Endeavor,Ship,LDEO Columbia Univ,"Takahashi, T.",USA
32EV20171124,R/V Endeavor,Research Ship,Dalhousie Univ,"Azetsu-Scott, K. : Arruda, R.",USA
32GY19930511,Gyre,Ship,LDEO Columbia Univ,"Takahashi, T.",USA
32H619820214,Hudson,Ship,Scripps Inst Ocean,"Weiss, R.",USA
32H619820325,Hudson,Ship,Scripps Inst Ocean,"Weiss, R.",USA
32KZ20050106,Cape Hatteras,Ship,Univ Delaware,"Cai, W.-J.",USA
32KZ20050319,Cape Hatteras,Ship,Univ Delaware,"Cai, W.-J.",USA
32KZ20050727,Cape Hatteras,Ship,Univ Delaware,"Cai, W.-J.",USA
32KZ20051008,Cape Hatteras,Ship,Univ Delaware,"Cai, W.-J.",USA
32KZ20051216,Cape Hatteras,Ship,Univ Delaware,"Cai, W.-J.",USA
32KZ20060517,Cape Hatteras,Ship,Univ Delaware,"Cai, W.-J.",USA
32KZ20090109,Cape Hatteras,Ship,Univ Delaware,"Cai, W.-J.",USA
32KZ20090719,Cape Hatteras,Ship,Univ Delaware,"Cai, W.-J.",USA
32KZ20100311,Cape Hatteras,Ship,Univ Delaware,"Cai, W.-J.",USA
32OC19940418,Oceanus,Ship,LDEO Columbia Univ,"Takahashi, T.",USA
32OC19960201,Oceanus,Ship,LDEO Columbia Univ,"Takahashi, T.",USA
32OC19960506,Oceanus,Ship,LDEO Columbia Univ,"Takahashi, T.",USA
32OC19961007,Oceanus,Ship,LDEO Columbia Univ,"Takahashi, T.",USA
32P120200801,1 degree,Ship,The Ocean Race,"Gutekunst, S.",Germany
32P120201027,1 degree,Ship,The Ocean Race,"Gutekunst, S.",Germany
32PE20130909,Pelican,Ship,Univ New Hampshire,"Salisbury, J.",USA
32PZ20011102,Polar Star,Ship,NOAA AOML,"Wanninkhof, R.",USA
32PZ20011115,Polar Star,Ship,NOAA AOML,"Wanninkhof, R.",USA
32PZ20011211,Polar Star,Ship,NOAA AOML,"Wanninkhof, R.",USA
32PZ20020121,Polar Star,Ship,NOAA AOML,"Wanninkhof, R.",USA
32PZ20020311,Polar Star,Ship,NOAA AOML,"Wanninkhof, R.",USA
32WC19790706,Wecoma,Ship,Scripps Inst Ocean,"Weiss, R.",USA
32WC19790819,Wecoma,Ship,Scripps Inst Ocean,"Weiss, R.",USA
32WC19791031,Wecoma,Ship,Scripps Inst Ocean,"Weiss, R.",USA
32WC19800318,Wecoma,Ship,Scripps Inst Ocean,"Weiss, R.",USA
32WC19800518,Wecoma,Ship,Scripps Inst Ocean,"Weiss, R.",USA
32WC20110812,Wecoma,Ship,NOAA PMEL,"Alin, S. : Feely, R. : Juranek, L. : Cosca, C.",USA
331I20190611,BlueFin,Ship,NOAA PMEL,"Alin, S. : Collins, A. : Herndon, J : Feely, R. : Cosca, C.",USA
331I20190725,BlueFin,Ship,NOAA PMEL,"Alin, S. : Collins, A. : Herndon, J : Feely, R. : Cosca, C.",USA
331I20190811,BlueFin,Ship,NOAA PMEL,"Alin, S. : Collins, A. : Herndon, J : Feely, R. : Cosca, C.",USA
331I20190928,BlueFin,Ship,NOAA PMEL,"Alin, S. : Collins, A. : Herndon, J : Feely, R. : Cosca, C.",USA
331I20191102,BlueFin,Ship,NOAA PMEL,"Alin, S. : Collins, A. : Herndon, J : Feely, R. : Cosca, C.",USA
331I20191115,BlueFin,Ship,NOAA PMEL,"Alin, S. : Collins, A. : Herndon, J : Feely, R. : Cosca, C.",USA
331I20200226,BlueFin,Ship,NOAA PMEL,"Alin, S. : Feely, R.",USA
331I20200307,BlueFin,Ship,NOAA PMEL,"Alin, S. : Feely, R.",USA
331I20200411,BlueFin,Ship,NOAA PMEL,"Alin, S. : Feely, R.",USA
331I20200504,BlueFin,Ship,NOAA PMEL,"Alin, S. : Feely, R.",USA
331I20200518,BlueFin,Ship,NOAA PMEL,"Alin, S. : Feely, R.",USA
331I20200527,BlueFin,Ship,NOAA PMEL,"Alin, S. : Feely, R.",USA
331I20200623,BlueFin,Ship,NOAA PMEL,"Alin, S. : Feely, R.",USA
331I20200708,BlueFin,Ship,NOAA PMEL,"Alin, S. : Feely, R.",USA
331I20200728,BlueFin,Ship,NOAA PMEL,"Alin, S. : Feely, R.",USA
331I20200821,BlueFin,Ship,NOAA PMEL,"Alin, S. : Feely, R.",USA
331I20200926,BlueFin,Ship,NOAA PMEL,"Alin, S. : Feely, R.",USA
331I20201012,BlueFin,Ship,NOAA PMEL,"Alin, S. : Feely, R.",USA
331I20210311,BlueFin,Ship,NOAA PMEL,"Alin, S. : Feely, R.",USA
331I20210413,BlueFin,Ship,NOAA PMEL,"Alin, S. : Feely, R.",USA
331I20210503,BlueFin,Ship,NOAA PMEL,"Alin, S. : Feely, R.",USA
331I20210518,BlueFin,Ship,NOAA PMEL,"Alin, S. : Feely, R.",USA
331I20210527,BlueFin,Ship,NOAA PMEL,"Alin, S. : Feely, R.",USA
331I20210805,BlueFin,Ship,NOAA PMEL,"Alin, S. : Feely, R.",USA
331I20210817,BlueFin,Ship,NOAA PMEL,"Alin, S. : Feely, R.",USA
331I20210829,BlueFin,Ship,NOAA PMEL,"Alin, S. : Feely, R.",USA
331I20210908,BlueFin,Ship,NOAA PMEL,"Alin, S. : Feely, R.",USA
331I20210926,BlueFin,Ship,NOAA PMEL,"Alin, S. : Feely, R.",USA
331I20211008,BlueFin,Ship,NOAA PMEL,"Alin, S. : Feely, R.",USA
332220110627,Bell M. Shimada,Ship,NOAA PMEL,"Cosca, C.",USA
332220110716,Bell M. Shimada,Ship,NOAA PMEL,"Cosca, C.",USA
332220110802,Bell M. Shimada,Ship,NOAA PMEL,"Cosca, C.",USA
332220110820,Bell M. Shimada,Ship,NOAA PMEL,"Cosca, C.",USA
332220120220,Bell M. Shimada,Ship,NOAA PMEL,"Cosca, C.",USA
332220120327,Bell M. Shimada,Ship,NOAA PMEL,"Cosca, C.",USA
332220120717,Bell M. Shimada,Ship,NOAA PMEL,"Cosca, C.",USA
332220120905,Bell M. Shimada,Ship,NOAA PMEL,"Cosca, C.",USA
332220190617,Bell M. Shimada,Ship,NOAA PMEL,"Alin, S. : Feely, R.",USA
332220190708,Bell M. Shimada,Ship,NOAA PMEL,"Alin, S. : Feely, R.",USA
332220190725,Bell M. Shimada,Ship,NOAA PMEL,"Alin, S. : Feely, R.",USA
332220190806,Bell M. Shimada,Ship,NOAA PMEL,"Alin, S. : Feely, R.",USA
332220190911,Bell M. Shimada,Ship,NOAA PMEL,"Alin, S. : Feely, R.",USA
332220190921,Bell M. Shimada,Ship,NOAA PMEL,"Alin, S. : Feely, R.",USA
332220220201,Bell M. Shimada,Ship,NOAA PMEL,"Alin, S. : Feely, R.",USA
332220220221,Bell M. Shimada,Ship,NOAA PMEL,"Alin, S. : Feely, R.",USA
332220220330,Bell M. Shimada,Ship,NOAA PMEL,"Alin, S. : Feely, R.",USA
332220220407,Bell M. Shimada,Ship,NOAA PMEL,"Alin, S. : Feely, R.",USA
332220220506,Bell M. Shimada,Ship,NOAA PMEL,"Alin, S. : Feely, R.",USA
332220220524,Bell M. Shimada,Ship,NOAA PMEL,"Alin, S. : Feely, R.",USA
332220220614,Bell M. Shimada,Ship,NOAA PMEL,"Alin, S. : Feely, R.",USA
332220220629,Bell M. Shimada,Ship,NOAA PMEL,"Alin, S. : Feely, R.",USA
332220220713,Bell M. Shimada,Ship,NOAA PMEL,"Alin, S. : Feely, R.",USA
332220220812,Bell M. Shimada,Ship,NOAA PMEL,"Alin, S. : Feely, R.",USA
332220220906,Bell M. Shimada,Ship,NOAA PMEL,"Alin, S. : Feely, R.",USA
332220220923,Bell M. Shimada,Ship,NOAA PMEL,"Alin, S. : Feely, R.",USA
332220230302,Bell M. Shimada,Ship,NOAA PMEL,"Alin, S. : Feely, R.",USA
332220230325,Bell M. Shimada,Ship,NOAA PMEL,"Alin, S. : Feely, R.",USA
332220230502,Bell M. Shimada,Ship,NOAA PMEL,"Alin, S. : Feely, R.",USA
332220230522,Bell M. Shimada,Ship,NOAA PMEL,"Alin, S. : Feely, R.",USA
332220230708,Bell M. Shimada,Ship,NOAA PMEL,"Alin, S. : Feely, R.",USA
332220230922,Bell M. Shimada,Ship,NOAA PMEL,"Alin, S. : Feely, R.",USA
332220231012,Bell M. Shimada,Ship,NOAA PMEL,"Alin, S. : Feely, R.",USA
332220240502,Bell M. Shimada,Ship,NOAA PMEL,"Alin, S. : Feeley, R.",USA
332220240518,Bell M. Shimada,Ship,NOAA PMEL,"Alin, S. : Feeley, R.",USA
332220240531,Bell M. Shimada,Ship,NOAA PMEL,"Alin, S. : Feeley, R.",USA
332220240705,Bell M. Shimada,Ship,NOAA PMEL,"Alin, S. : Feeley, R.",USA
332220240829,Bell M. Shimada,Ship,NOAA PMEL,"Alin, S. : Feeley, R.",USA
332220240919,Bell M. Shimada,Ship,NOAA PMEL,"Alin, S. : Feeley, R.",USA
33AT20120324,Atlantis,Ship,NOAA AOML,"Castle, R.D. : Curry, R.",USA
33AT20120419,Atlantis,Ship,NOAA AOML,"Castle, R.D. : McCartney, M.",USA
33BI20150813,Sikuliaq,Ship,LDEO Columbia Univ : NOAA ESRL CIRES,"Sutherland, S.C. : Newberger, T. : Takahashi, T.",USA
33BI20160407,Sikuliaq,Ship,LDEO Columbia Univ : NOAA ESRL CIRES,"Takahashi, T. : Sutherland, S.C. : Sweeney, C.",USA
33BI20160529,Sikuliaq,Ship,LDEO Columbia Univ : NOAA ESRL CIRES,"Takahashi, T. : Sutherland, S.C. : Sweeney, C.",USA
33BI20160711,Sikuliaq,Ship,LDEO Columbia Univ : NOAA ESRL CIRES,"Takahashi, T. : Sutherland, S.C. : Sweeney, C.",USA
33BI20160808,Sikuliaq,Ship,LDEO Columbia Univ : NOAA ESRL CIRES,"Takahashi, T. : Sutherland, S.C. : Sweeney, C.",USA
33BI20160827,Sikuliaq,Ship,LDEO Columbia Univ : NOAA ESRL CIRES,"Takahashi, T. : Sutherland, S.C. : Sweeney, C.",USA
33BI20161015,Sikuliaq,Ship,LDEO Columbia Univ : NOAA ESRL CIRES,"Takahashi, T. : Sutherland, S.C. : Sweeney, C.",USA
33BI20161114,Sikuliaq,Ship,LDEO Columbia Univ : NOAA ESRL CIRES,"Takahashi, T. : Sutherland, S.C. : Sweeney, C.",USA
33BI20161204,Sikuliaq,Ship,LDEO Columbia Univ : NOAA ESRL CIRES,"Takahashi, T. : Sutherland, S.C. : Sweeney, C.",USA
33BI20161221,Sikuliaq,Ship,LDEO Columbia Univ : NOAA ESRL CIRES,"Takahashi, T. : Sutherland, S.C. : Sweeney, C.",USA
33BI20161231,Sikuliaq,Ship,LDEO Columbia Univ : NOAA ESRL CIRES,"Takahashi, T. : Sutherland, S.C. : Sweeney, C.",USA
33BI20170125,Sikuliaq,Ship,LDEO Columbia Univ : NOAA ESRL CIRES,"Takahashi, T. : Sutherland, S.C. : Sweeney, C.",USA
33BI20170218,Sikuliaq,Ship,LDEO Columbia Univ : NOAA ESRL CIRES,"Takahashi, T. : Sutherland, S.C. : Sweeney, C.",USA
33BI20170304,Sikuliaq,Ship,LDEO Columbia Univ : NOAA ESRL CIRES,"Takahashi, T. : Sutherland, S.C. : Sweeney, C.",USA
33BI20170411,Sikuliaq,Ship,LDEO Columbia Univ : NOAA ESRL CIRES,"Takahashi, T. : Sutherland, S.C. : Sweeney, C.",USA
33BI20170528,Sikuliaq,Ship,LDEO Columbia Univ : NOAA ESRL CIRES,"Takahashi, T. : Sutherland, S.C. : Sweeney, C.",USA
33BI20170605,Sikuliaq,Ship,LDEO Columbia Univ : NOAA ESRL CIRES,"Takahashi, T. : Sutherland, S.C. : Sweeney, C.",USA
33BI20170803,Sikuliaq,Ship,LDEO Columbia Univ : NOAA ESRL CIRES,"Takahashi, T. : Sutherland, S.C. : Sweeney, C.",USA
33BI20170825,Sikuliaq,Ship,LDEO Columbia Univ : NOAA ESRL CIRES,"Takahashi, T. : Sutherland, S.C. : Sweeney, C.",USA
33BI20170920,Sikuliaq,Ship,LDEO Columbia Univ : NOAA ESRL CIRES,"Takahashi, T. : Sutherland, S.C. : Sweeney, C.",USA
33BI20171002,Sikuliaq,Ship,LDEO Columbia Univ : NOAA ESRL CIRES,"Takahashi, T. : Sutherland, S.C. : Sweeney, C.",USA
33BI20171018,Sikuliaq,Ship,LDEO Columbia Univ : NOAA ESRL CIRES,"Takahashi, T. : Sutherland, S.C. : Sweeney, C.",USA
33BI20180205,Sikuliaq,Ship,LDEO Columbia Univ : NOAA ESRL CIRES : IAAR Univ Colorado,"Takahashi, T. : Sweeney, C. : Newberger, T. : Sutherland, S.C. : Munro, D.R.",USA
33BI20180215,Sikuliaq,Ship,LDEO Columbia Univ : NOAA ESRL CIRES : IAAR Univ Colorado,"Takahashi, T. : Sweeney, C. : Newberger, T. : Sutherland, S.C. : Munro, D.R.",USA
33BI20180308,Sikuliaq,Ship,LDEO Columbia Univ : NOAA ESRL CIRES : IAAR Univ Colorado,"Takahashi, T. : Sweeney, C. : Newberger, T. : Sutherland, S.C. : Munro, D.R.",USA
33BI20180414,Sikuliaq,Ship,LDEO Columbia Univ : NOAA ESRL CIRES : IAAR Univ Colorado,"Takahashi, T. : Sweeney, C. : Newberger, T. : Sutherland, S.C. : Munro, D.R.",USA
33BI20180509,Sikuliaq,Ship,LDEO Columbia Univ : NOAA ESRL CIRES : IAAR Univ Colorado,"Takahashi, T. : Sweeney, C. : Newberger, T. : Sutherland, S.C. : Munro, D.R.",USA
33BI20180601,Sikuliaq,Ship,LDEO Columbia Univ : NOAA ESRL CIRES : IAAR Univ Colorado,"Takahashi, T. : Sweeney, C. : Newberger, T. : Sutherland, S.C. : Munro, D.R.",USA
33BI20180711,Sikuliaq,Ship,LDEO Columbia Univ : NOAA ESRL CIRES : IAAR Univ Colorado,"Takahashi, T. : Sweeney, C. : Newberger, T. : Sutherland, S.C. : Munro, D.R.",USA
33BI20180727,Sikuliaq,Ship,LDEO Columbia Univ : NOAA ESRL CIRES : IAAR Univ Colorado,"Takahashi, T. : Sweeney, C. : Newberger, T. : Sutherland, S.C. : Munro, D.R.",USA
33BI20180901,Sikuliaq,Ship,LDEO Columbia Univ : NOAA ESRL CIRES : IAAR Univ Colorado,"Takahashi, T. : Sweeney, C. : Newberger, T. : Sutherland, S.C. : Munro, D.R.",USA
33BI20181128,Sikuliaq,Ship,LDEO Columbia Univ : NOAA ESRL CIRES : IAAR Univ Colorado,"Takahashi, T. : Sweeney, C. : Newberger, T. : Sutherland, S.C. : Munro, D.R.",USA
33BI20181209,Sikuliaq,Ship,LDEO Columbia Univ : NOAA ESRL CIRES : IAAR Univ Colorado,"Takahashi, T. : Sweeney, C. : Newberger, T. : Sutherland, S.C. : Munro, D.R.",USA
33BI20190301,Sikuliaq,Ship,LDEO Columbia Univ : NOAA ESRL CIRES : IAAR Univ Colorado,"Takahashi, T. : Sweeney, C. : Newberger, T. : Sutherland, S.C. : Munro, D.R.",USA
33BI20190323,Sikuliaq,Ship,LDEO Columbia Univ : NOAA ESRL CIRES : IAAR Univ Colorado,"Takahashi, T. : Sweeney, C. : Newberger, T. : Sutherland, S.C. : Munro, D.R.",USA
33BI20190424,Sikuliaq,Ship,LDEO Columbia Univ : NOAA ESRL CIRES : IAAR Univ Colorado,"Takahashi, T. : Sweeney, C. : Newberger, T. : Sutherland, S.C. : Munro, D.R.",USA
33BI20190515,Sikuliaq,Ship,LDEO Columbia Univ : NOAA ESRL CIRES : IAAR Univ Colorado,"Takahashi, T. : Sweeney, C. : Newberger, T. : Sutherland, S.C. : Munro, D.R.",USA
33BI20190629,Sikuliaq,Ship,LDEO Columbia Univ : NOAA ESRL CIRES : IAAR Univ Colorado,"Takahashi, T. : Sweeney, C. : Newberger, T. : Sutherland, S.C. : Munro, D.R.",USA
33BI20190721,Sikuliaq,Ship,LDEO Columbia Univ : NOAA ESRL CIRES : IAAR Univ Colorado,"Takahashi, T. : Sweeney, C. : Newberger, T. : Sutherland, S.C. : Munro, D.R.",USA
33BI20190811,Sikuliaq,Ship,LDEO Columbia Univ : NOAA ESRL CIRES : IAAR Univ Colorado,"Takahashi, T. : Sweeney, C. : Newberger, T. : Sutherland, S.C. : Munro, D.R.",USA
33BI20190901,Sikuliaq,Ship,LDEO Columbia Univ : NOAA ESRL CIRES : IAAR Univ Colorado,"Takahashi, T. : Sweeney, C. : Newberger, T. : Sutherland, S.C. : Munro, D.R.",USA
33BI20190920,Sikuliaq,Ship,LDEO Columbia Univ : NOAA ESRL CIRES : IAAR Univ Colorado,"Takahashi, T. : Sweeney, C. : Newberger, T. : Sutherland, S.C. : Munro, D.R.",USA
33BI20191011,Sikuliaq,Ship,LDEO Columbia Univ : NOAA ESRL CIRES : IAAR Univ Colorado,"Takahashi, T. : Sweeney, C. : Newberger, T. : Sutherland, S.C. : Munro, D.R.",USA
33BI20191027,Sikuliaq,Ship,LDEO Columbia Univ : NOAA ESRL CIRES : IAAR Univ Colorado,"Takahashi, T. : Sweeney, C. : Newberger, T. : Sutherland, S.C. : Munro, D.R.",USA
33BI20200321,Sikuliaq,Ship,NOAA ESRL CIRES : LDEO Columbia Univ : IAAR Univ Colorado,"Sweeney, C. : Newberger, T. : Sutherland, S.C. : Munro, D.R.",USA
33BI20200504,Sikuliaq,Ship,NOAA ESRL CIRES : LDEO Columbia Univ : IAAR Univ Colorado,"Sweeney, C. : Newberger, T. : Sutherland, S.C. : Munro, D.R.",USA
33BI20200615,Sikuliaq,Ship,NOAA ESRL CIRES : LDEO Columbia Univ : IAAR Univ Colorado,"Sweeney, C. : Newberger, T. : Sutherland, S.C. : Munro, D.R.",USA
33BI20200702,Sikuliaq,Ship,NOAA ESRL CIRES : LDEO Columbia Univ : IAAR Univ Colorado,"Sweeney, C. : Newberger, T. : Sutherland, S.C. : Munro, D.R.",USA
33BI20200901,Sikuliaq,Ship,NOAA ESRL CIRES : LDEO Columbia Univ : IAAR Univ Colorado,"Sweeney, C. : Newberger, T. : Sutherland, S.C. : Munro, D.R.",USA
33BI20200914,Sikuliaq,Ship,NOAA ESRL CIRES : LDEO Columbia Univ : IAAR Univ Colorado,"Sweeney, C. : Newberger, T. : Sutherland, S.C. : Munro, D.R.",USA
33BI20201019,Sikuliaq,Ship,NOAA ESRL CIRES : LDEO Columbia Univ : IAAR Univ Colorado,"Sweeney, C. : Newberger, T. : Sutherland, S.C. : Munro, D.R.",USA
33BI20201104,Sikuliaq,Ship,NOAA ESRL CIRES : LDEO Columbia Univ : IAAR Univ Colorado,"Sweeney, C. : Newberger, T. : Sutherland, S.C. : Munro, D.R.",USA
33BI20201122,Sikuliaq,Ship,NOAA ESRL CIRES : LDEO Columbia Univ : IAAR Univ Colorado,"Sweeney, C. : Newberger, T. : Sutherland, S.C. : Munro, D.R.",USA
33BI20201202,Sikuliaq,Ship,NOAA ESRL CIRES : LDEO Columbia Univ : IAAR Univ Colorado,"Sweeney, C. : Newberger, T. : Sutherland, S.C. : Munro, D.R.",USA
33BI20210305,Sikuliaq,Ship,NOAA ESRL CIRES : LDEO Columbia Univ : IAAR Univ Colorado,"Sweeney, C. : Newberger, T. : Sutherland, S.C. : Munro, D.R.",USA
33BI20210312,Sikuliaq,Ship,NOAA ESRL CIRES : LDEO Columbia Univ : IAAR Univ Colorado,"Sweeney, C. : Newberger, T. : Sutherland, S.C. : Munro, D.R.",USA
33BI20210324,Sikuliaq,Ship,NOAA ESRL CIRES : LDEO Columbia Univ : IAAR Univ Colorado,"Sweeney, C. : Newberger, T. : Sutherland, S.C. : Munro, D.R.",USA
33BI20210330,Sikuliaq,Ship,NOAA ESRL CIRES : LDEO Columbia Univ : IAAR Univ Colorado,"Sweeney, C. : Newberger, T. : Sutherland, S.C. : Munro, D.R.",USA
33BI20210414,Sikuliaq,Ship,NOAA ESRL CIRES : LDEO Columbia Univ : IAAR Univ Colorado,"Sweeney, C. : Newberger, T. : Sutherland, S.C. : Munro, D.R.",USA
33BI20210423,Sikuliaq,Ship,NOAA ESRL CIRES : LDEO Columbia Univ : IAAR Univ Colorado,"Sweeney, C. : Newberger, T. : Sutherland, S.C. : Munro, D.R.",USA
33BI20210509,Sikuliaq,Ship,NOAA ESRL CIRES : LDEO Columbia Univ : IAAR Univ Colorado,"Sweeney, C. : Newberger, T. : Sutherland, S.C. : Munro, D.R.",USA
33BI20210520,Sikuliaq,Ship,NOAA ESRL CIRES : LDEO Columbia Univ : IAAR Univ Colorado,"Sweeney, C. : Newberger, T. : Sutherland, S.C. : Munro, D.R.",USA
33BI20210626,Sikuliaq,Ship,NOAA ESRL CIRES : LDEO Columbia Univ : IAAR Univ Colorado,"Sweeney, C. : Newberger, T. : Sutherland, S.C. : Munro, D.R.",USA
33BI20210718,Sikuliaq,Ship,NOAA ESRL CIRES : LDEO Columbia Univ : IAAR Univ Colorado,"Sweeney, C. : Newberger, T. : Sutherland, S.C. : Munro, D.R.",USA
33BI20210811,Sikuliaq,Ship,NOAA ESRL CIRES : LDEO Columbia Univ : IAAR Univ Colorado,"Sweeney, C. : Newberger, T. : Sutherland, S.C. : Munro, D.R.",USA
33BI20211008,Sikuliaq,Ship,NOAA ESRL CIRES : LDEO Columbia Univ : IAAR Univ Colorado,"Sweeney, C. : Newberger, T. : Sutherland, S.C. : Munro, D.R.",USA
33BI20211108,Sikuliaq,Ship,NOAA ESRL CIRES : LDEO Columbia Univ : IAAR Univ Colorado,"Sweeney, C. : Newberger, T. : Sutherland, S.C. : Munro, D.R.",USA
33BI20220221,Sikuliaq,Ship,NOAA ESRL CIRES : IAAR Univ Colorado,"Sweeney, C. : Newberger, T. : Munro, D.R.",USA
33BI20220301,Sikuliaq,Ship,NOAA ESRL CIRES : IAAR Univ Colorado,"Sweeney, C. : Newberger, T. : Munro, D.R.",USA
33BI20220321,Sikuliaq,Ship,NOAA ESRL CIRES : IAAR Univ Colorado,"Sweeney, C. : Newberger, T. : Munro, D.R.",USA
33BI20220409,Sikuliaq,Ship,NOAA ESRL CIRES : IAAR Univ Colorado,"Sweeney, C. : Newberger, T. : Munro, D.R.",USA
33BI20220421,Sikuliaq,Ship,NOAA ESRL CIRES : IAAR Univ Colorado,"Sweeney, C. : Newberger, T. : Munro, D.R.",USA
33BI20220512,Sikuliaq,Ship,NOAA ESRL CIRES : IAAR Univ Colorado,"Sweeney, C. : Newberger, T. : Munro, D.R.",USA
33BI20220606,Sikuliaq,Ship,NOAA ESRL CIRES : IAAR Univ Colorado,"Sweeney, C. : Newberger, T. : Munro, D.R.",USA
33BI20220702,Sikuliaq,Ship,NOAA ESRL CIRES : IAAR Univ Colorado,"Sweeney, C. : Newberger, T. : Munro, D.R.",USA
33BI20220731,Sikuliaq,Ship,NOAA ESRL CIRES : IAAR Univ Colorado,"Sweeney, C. : Newberger, T. : Munro, D.R.",USA
33BI20220826,Sikuliaq,Ship,NOAA ESRL CIRES : IAAR Univ Colorado,"Sweeney, C. : Newberger, T. : Munro, D.R.",USA
33BI20220906,Sikuliaq,Ship,NOAA ESRL CIRES : IAAR Univ Colorado,"Sweeney, C. : Newberger, T. : Munro, D.R.",USA
33BI20220914,Sikuliaq,Ship,NOAA ESRL CIRES : IAAR Univ Colorado,"Sweeney, C. : Newberger, T. : Munro, D.R.",USA
33BI20221101,Sikuliaq,Ship,NOAA ESRL CIRES : IAAR Univ Colorado,"Sweeney, C. : Newberger, T. : Munro, D.R.",USA
33BI20221207,Sikuliaq,Ship,NOAA ESRL CIRES : IAAR Univ Colorado,"Sweeney, C. : Newberger, T. : Munro, D.R.",USA
33BI20230211,Sikuliaq,Ship,NOAA ESRL CIRES : IAAR Univ Colorado,"Sweeney, C. : Newberger, T. : Munro, D.R.",USA
33BI20230216,Sikuliaq,Ship,NOAA ESRL CIRES : IAAR Univ Colorado,"Sweeney, C. : Newberger, T. : Munro, D.R.",USA
33BI20230224,Sikuliaq,Ship,NOAA ESRL CIRES : IAAR Univ Colorado,"Sweeney, C. : Newberger, T. : Munro, D.R.",USA
33BI20230307,Sikuliaq,Ship,NOAA ESRL CIRES : IAAR Univ Colorado,"Sweeney, C. : Newberger, T. : Munro, D.R.",USA
33BI20230327,Sikuliaq,Ship,NOAA ESRL CIRES : IAAR Univ Colorado,"Sweeney, C. : Newberger, T. : Munro, D.R.",USA
33BI20230410,Sikuliaq,Ship,NOAA ESRL CIRES : IAAR Univ Colorado,"Sweeney, C. : Newberger, T. : Munro, D.R.",USA
33BI20230422,Sikuliaq,Ship,NOAA ESRL CIRES : IAAR Univ Colorado,"Sweeney, C. : Newberger, T. : Munro, D.R.",USA
33BI20230513,Sikuliaq,Ship,NOAA ESRL CIRES : IAAR Univ Colorado,"Sweeney, C. : Newberger, T. : Munro, D.R.",USA
33BI20230606,Sikuliaq,Ship,NOAA ESRL CIRES : IAAR Univ Colorado,"Sweeney, C. : Newberger, T. : Munro, D.R.",USA
33BI20230616,Sikuliaq,Ship,NOAA ESRL CIRES : IAAR Univ Colorado,"Sweeney, C. : Newberger, T. : Munro, D.R.",USA
33BI20230807,Sikuliaq,Ship,NOAA ESRL CIRES : IAAR Univ Colorado,"Sweeney, C. : Newberger, T. : Munro, D.R.",USA
33BI20230910,Sikuliaq,Ship,NOAA ESRL CIRES : IAAR Univ Colorado,"Sweeney, C. : Newberger, T. : Munro, D.R.",USA
33BI20231023,Sikuliaq,Ship,NOAA ESRL CIRES : IAAR Univ Colorado,"Sweeney, C. : Newberger, T. : Munro, D.R.",USA
33BI20240227,Sikuliaq,Ship,NOAA ESRL CIRES : IAAR Univ Colorado,"Sweeney, C. : Newberger, T. : Munro, D.R. : Fay A.R.",USA
33BI20240305,Sikuliaq,Ship,NOAA ESRL CIRES : IAAR Univ Colorado,"Sweeney, C. : Newberger, T. : Munro, D.R. : Fay A.R.",USA
33BI20240317,Sikuliaq,Ship,NOAA ESRL CIRES : IAAR Univ Colorado,"Sweeney, C. : Newberger, T. : Munro, D.R. : Fay A.R.",USA
33BI20240330,Sikuliaq,Ship,NOAA ESRL CIRES : IAAR Univ Colorado,"Sweeney, C. : Newberger, T. : Munro, D.R. : Fay A.R.",USA
33BI20240415,Sikuliaq,Ship,NOAA ESRL CIRES : IAAR Univ Colorado,"Sweeney, C. : Newberger, T. : Munro, D.R. : Fay A.R.",USA
33BI20240426,Sikuliaq,Ship,NOAA ESRL CIRES : IAAR Univ Colorado,"Sweeney, C. : Newberger, T. : Munro, D.R. : Fay A.R.",USA
33BI20240512,Sikuliaq,Ship,NOAA ESRL CIRES : IAAR Univ Colorado,"Sweeney, C. : Newberger, T. : Munro, D.R. : Fay A.R.",USA
33BI20240529,Sikuliaq,Ship,NOAA ESRL CIRES : IAAR Univ Colorado,"Sweeney, C. : Newberger, T. : Munro, D.R. : Fay A.R.",USA
33BI20240621,Sikuliaq,Ship,NOAA ESRL CIRES : IAAR Univ Colorado,"Sweeney, C. : Newberger, T. : Munro, D.R. : Fay A.R.",USA
33BI20240709,Sikuliaq,Ship,NOAA ESRL CIRES : IAAR Univ Colorado,"Sweeney, C. : Newberger, T. : Munro, D.R. : Fay A.R.",USA
33BI20240727,Sikuliaq,Ship,NOAA ESRL CIRES : IAAR Univ Colorado,"Sweeney, C. : Newberger, T. : Munro, D.R. : Fay A.R.",USA
33BI20240730,Sikuliaq,Ship,NOAA ESRL CIRES : IAAR Univ Colorado,"Sweeney, C. : Newberger, T. : Munro, D.R. : Fay A.R.",USA
33BI20240806,Sikuliaq,Ship,NOAA ESRL CIRES : IAAR Univ Colorado,"Sweeney, C. : Newberger, T. : Munro, D.R. : Fay A.R.",USA
33BI20240901,Sikuliaq,Ship,NOAA ESRL CIRES : IAAR Univ Colorado,"Sweeney, C. : Newberger, T. : Munro, D.R. : Fay A.R.",USA
33BI20240920,Sikuliaq,Ship,NOAA ESRL CIRES : IAAR Univ Colorado,"Sweeney, C. : Newberger, T. : Munro, D.R. : Fay A.R.",USA
33BI20241004,Sikuliaq,Ship,NOAA ESRL CIRES : IAAR Univ Colorado,"Sweeney, C. : Newberger, T. : Munro, D.R. : Fay A.R.",USA
33BI20241023,Sikuliaq,Ship,NOAA ESRL CIRES : IAAR Univ Colorado,"Sweeney, C. : Newberger, T. : Munro, D.R. : Fay A.R.",USA
33BI20241105,Sikuliaq,Ship,NOAA ESRL CIRES : IAAR Univ Colorado,"Sweeney, C. : Newberger, T. : Munro, D.R. : Fay A.R.",USA
33BI20241214,Sikuliaq,Ship,NOAA ESRL CIRES : IAAR Univ Colorado,"Sweeney, C. : Newberger, T. : Munro, D.R. : Fay A.R.",USA
33BW20020617,Mytilus,Ship,OMEX,"Frankignoulle, M.",Belgium
33GC20040510,Gulf Challenger,Ship,Univ New Hampshire,"Vandemark, D.",USA
33GC20040511,Gulf Challenger,Ship,Univ New Hampshire,"Vandemark, D.",USA
33GC20040512,Gulf Challenger,Ship,Univ New Hampshire,"Vandemark, D.",USA
33GC20040521,Gulf Challenger,Ship,Univ New Hampshire,"Vandemark, D.",USA
33GC20040602,Gulf Challenger,Ship,Univ New Hampshire,"Vandemark, D.",USA
33GC20040603,Gulf Challenger,Ship,Univ New Hampshire,"Vandemark, D.",USA
33GC20040605,Gulf Challenger,Ship,Univ New Hampshire,"Vandemark, D.",USA
33GC20040611,Gulf Challenger,Ship,Univ New Hampshire,"Vandemark, D.",USA
33GC20040612,Gulf Challenger,Ship,Univ New Hampshire,"Vandemark, D.",USA
33GC20040616,Gulf Challenger,Ship,Univ New Hampshire,"Vandemark, D.",USA
33GC20040617,Gulf Challenger,Ship,Univ New Hampshire,"Vandemark, D.",USA
33GC20040618,Gulf Challenger,Ship,Univ New Hampshire,"Vandemark, D.",USA
33GC20040701,Gulf Challenger,Ship,Univ New Hampshire,"Vandemark, D.",USA
33GC20040702,Gulf Challenger,Ship,Univ New Hampshire,"Vandemark, D.",USA
33GC20040721,Gulf Challenger,Ship,Univ New Hampshire,"Vandemark, D.",USA
33GC20040727,Gulf Challenger,Ship,Univ New Hampshire,"Vandemark, D.",USA
33GC20040728,Gulf Challenger,Ship,Univ New Hampshire,"Vandemark, D.",USA
33GC20040729,Gulf Challenger,Ship,Univ New Hampshire,"Vandemark, D.",USA
33GC20040730,Gulf Challenger,Ship,Univ New Hampshire,"Vandemark, D.",USA
33GC20040816,Gulf Challenger,Ship,Univ New Hampshire,"Vandemark, D.",USA
33GC20040908,Gulf Challenger,Ship,Univ New Hampshire,"Vandemark, D.",USA
33GC20040924,Gulf Challenger,Ship,Univ New Hampshire,"Vandemark, D.",USA
33GC20041006,Gulf Challenger,Ship,Univ New Hampshire,"Vandemark, D.",USA
33GC20041028,Gulf Challenger,Ship,Univ New Hampshire,"Vandemark, D.",USA
33GC20041029,Gulf Challenger,Ship,Univ New Hampshire,"Vandemark, D.",USA
33GC20041104,Gulf Challenger,Ship,Univ New Hampshire,"Vandemark, D.",USA
33GC20041108,Gulf Challenger,Ship,Univ New Hampshire,"Vandemark, D.",USA
33GC20041206,Gulf Challenger,Ship,Univ New Hampshire,"Vandemark, D.",USA
33GC20041209,Gulf Challenger,Ship,Univ New Hampshire,"Vandemark, D.",USA
33GC20050130,Gulf Challenger,Ship,Univ New Hampshire,"Vandemark, D.",USA
33GC20050131,Gulf Challenger,Ship,Univ New Hampshire,"Vandemark, D.",USA
33GC20050217,Gulf Challenger,Ship,Univ New Hampshire,"Vandemark, D.",USA
33GC20050315,Gulf Challenger,Ship,Univ New Hampshire,"Vandemark, D.",USA
33GC20050316,Gulf Challenger,Ship,Univ New Hampshire,"Vandemark, D.",USA
33GC20050317,Gulf Challenger,Ship,Univ New Hampshire,"Vandemark, D.",USA
33GC20050318,Gulf Challenger,Ship,Univ New Hampshire,"Vandemark, D.",USA
33GC20050406,Gulf Challenger,Ship,Univ New Hampshire,"Vandemark, D.",USA
33GC20050407,Gulf Challenger,Ship,Univ New Hampshire,"Vandemark, D.",USA
33GC20050419,Gulf Challenger,Ship,Univ New Hampshire,"Vandemark, D.",USA
33GC20050420,Gulf Challenger,Ship,Univ New Hampshire,"Vandemark, D.",USA
33GC20050510,Gulf Challenger,Ship,Univ New Hampshire,"Vandemark, D.",USA
33GC20050511,Gulf Challenger,Ship,Univ New Hampshire,"Vandemark, D.",USA
33GC20050512,Gulf Challenger,Ship,Univ New Hampshire,"Vandemark, D.",USA
33GC20050518,Gulf Challenger,Ship,Univ New Hampshire,"Vandemark, D.",USA
33GC20050519,Gulf Challenger,Ship,Univ New Hampshire,"Vandemark, D.",USA
33GC20050617,Gulf Challenger,Ship,Univ New Hampshire,"Vandemark, D.",USA
33GC20050629,Gulf Challenger,Ship,Univ New Hampshire,"Vandemark, D.",USA
33GC20050630,Gulf Challenger,Ship,Univ New Hampshire,"Vandemark, D.",USA
33GC20050712,Gulf Challenger,Ship,Univ New Hampshire,"Vandemark, D.",USA
33GC20050713,Gulf Challenger,Ship,Univ New Hampshire,"Vandemark, D.",USA
33GC20050714,Gulf Challenger,Ship,Univ New Hampshire,"Vandemark, D.",USA
33GC20050721,Gulf Challenger,Ship,Univ New Hampshire,"Vandemark, D.",USA
33GC20050722,Gulf Challenger,Ship,Univ New Hampshire,"Vandemark, D.",USA
33GC20050816,Gulf Challenger,Ship,Univ New Hampshire,"Vandemark, D.",USA
33GC20050817,Gulf Challenger,Ship,Univ New Hampshire,"Vandemark, D.",USA
33GC20050818,Gulf Challenger,Ship,Univ New Hampshire,"Vandemark, D.",USA
33GC20050913,Gulf Challenger,Ship,Univ New Hampshire,"Vandemark, D.",USA
33GC20050914,Gulf Challenger,Ship,Univ New Hampshire,"Vandemark, D.",USA
33GC20050915,Gulf Challenger,Ship,Univ New Hampshire,"Vandemark, D.",USA
33GC20051004,Gulf Challenger,Ship,Univ New Hampshire,"Vandemark, D.",USA
33GC20051005,Gulf Challenger,Ship,Univ New Hampshire,"Vandemark, D.",USA
33GC20051006,Gulf Challenger,Ship,Univ New Hampshire,"Vandemark, D.",USA
33GC20051018,Gulf Challenger,Ship,Univ New Hampshire,"Vandemark, D.",USA
33GC20051019,Gulf Challenger,Ship,Univ New Hampshire,"Vandemark, D.",USA
33GC20051021,Gulf Challenger,Ship,Univ New Hampshire,"Vandemark, D.",USA
33GC20051115,Gulf Challenger,Ship,Univ New Hampshire,"Vandemark, D.",USA
33GC20051118,Gulf Challenger,Ship,Univ New Hampshire,"Vandemark, D.",USA
33GC20051219,Gulf Challenger,Ship,Univ New Hampshire,"Vandemark, D.",USA
33GC20051220,Gulf Challenger,Ship,Univ New Hampshire,"Vandemark, D.",USA
33GC20051221,Gulf Challenger,Ship,Univ New Hampshire,"Vandemark, D.",USA
33GC20060221,Gulf Challenger,Ship,Univ New Hampshire,"Vandemark, D.",USA
33GC20060222,Gulf Challenger,Ship,Univ New Hampshire,"Vandemark, D.",USA
33GC20060223,Gulf Challenger,Ship,Univ New Hampshire,"Vandemark, D.",USA
33GC20060322,Gulf Challenger,Ship,Univ New Hampshire,"Vandemark, D.",USA
33GC20060323,Gulf Challenger,Ship,Univ New Hampshire,"Vandemark, D.",USA
33GC20060324,Gulf Challenger,Ship,Univ New Hampshire,"Vandemark, D.",USA
33GC20060407,Gulf Challenger,Ship,Univ New Hampshire,"Vandemark, D.",USA
33GC20060410,Gulf Challenger,Ship,Univ New Hampshire,"Vandemark, D.",USA
33GC20060508,Gulf Challenger,Ship,Univ New Hampshire,"Vandemark, D.",USA
33GC20060523,Gulf Challenger,Ship,Univ New Hampshire,"Vandemark, D.",USA
33GC20060524,Gulf Challenger,Ship,Univ New Hampshire,"Vandemark, D.",USA
33GC20060529,Gulf Challenger,Ship,Univ New Hampshire,"Vandemark, D.",USA
33GC20060530,Gulf Challenger,Ship,Univ New Hampshire,"Vandemark, D.",USA
33GC20060531,Gulf Challenger,Ship,Univ New Hampshire,"Vandemark, D.",USA
33GC20060601,Gulf Challenger,Ship,Univ New Hampshire,"Vandemark, D.",USA
33GC20060602,Gulf Challenger,Ship,Univ New Hampshire,"Vandemark, D.",USA
33GC20060605,Gulf Challenger,Ship,Univ New Hampshire,"Vandemark, D.",USA
33GC20060606,Gulf Challenger,Ship,Univ New Hampshire,"Vandemark, D.",USA
33GC20060626,Gulf Challenger,Ship,Univ New Hampshire,"Vandemark, D.",USA
33GC20060628,Gulf Challenger,Ship,Univ New Hampshire,"Vandemark, D.",USA
33GC20060629,Gulf Challenger,Ship,Univ New Hampshire,"Vandemark, D.",USA
33GC20060711,Gulf Challenger,Ship,Univ New Hampshire,"Vandemark, D.",USA
33GC20060713,Gulf Challenger,Ship,Univ New Hampshire,"Vandemark, D.",USA
33GC20060718,Gulf Challenger,Ship,Univ New Hampshire,"Vandemark, D.",USA
33GC20060719,Gulf Challenger,Ship,Univ New Hampshire,"Vandemark, D.",USA
33GC20060720,Gulf Challenger,Ship,Univ New Hampshire,"Vandemark, D.",USA
33GC20060814,Gulf Challenger,Ship,Univ New Hampshire,"Vandemark, D.",USA
33GC20060816,Gulf Challenger,Ship,Univ New Hampshire,"Vandemark, D.",USA
33GC20060817,Gulf Challenger,Ship,Univ New Hampshire,"Vandemark, D.",USA
33GC20060901,Gulf Challenger,Ship,Univ New Hampshire,"Vandemark, D.",USA
33GC20060914,Gulf Challenger,Ship,Univ New Hampshire,"Vandemark, D.",USA
33GC20060915,Gulf Challenger,Ship,Univ New Hampshire,"Vandemark, D.",USA
33GC20061004,Gulf Challenger,Ship,Univ New Hampshire,"Vandemark, D.",USA
33GC20061005,Gulf Challenger,Ship,Univ New Hampshire,"Vandemark, D.",USA
33GC20061009,Gulf Challenger,Ship,Univ New Hampshire,"Vandemark, D.",USA
33GC20061010,Gulf Challenger,Ship,Univ New Hampshire,"Vandemark, D.",USA
33GC20061031,Oceanus,Ship,Univ New Hampshire,"Vandemark, D. : Salisbury, J.",USA
33GC20061101,Oceanus,Ship,Univ New Hampshire,"Vandemark, D. : Salisbury, J.",USA
33GC20061102,Oceanus,Ship,Univ New Hampshire,"Vandemark, D. : Salisbury, J.",USA
33GC20061103,Oceanus,Ship,Univ New Hampshire,"Vandemark, D. : Salisbury, J.",USA
33GC20061104,Oceanus,Ship,Univ New Hampshire,"Vandemark, D. : Salisbury, J.",USA
33GC20061105,Oceanus,Ship,Univ New Hampshire,"Vandemark, D. : Salisbury, J.",USA
33GC20061106,Oceanus,Ship,Univ New Hampshire,"Vandemark, D. : Salisbury, J.",USA
33GC20061107,Oceanus,Ship,Univ New Hampshire,"Vandemark, D. : Salisbury, J.",USA
33GC20061108,Oceanus,Ship,Univ New Hampshire,"Vandemark, D. : Salisbury, J.",USA
33GC20061109,Oceanus,Ship,Univ New Hampshire,"Vandemark, D. : Salisbury, J.",USA
33GC20061110,Oceanus,Ship,Univ New Hampshire,"Vandemark, D. : Salisbury, J.",USA
33GC20061111,Oceanus,Ship,Univ New Hampshire,"Vandemark, D. : Salisbury, J.",USA
33GC20061120,Gulf Challenger,Ship,Univ New Hampshire,"Vandemark, D.",USA
33GC20061121,Gulf Challenger,Ship,Univ New Hampshire,"Vandemark, D.",USA
33GC20061212,Gulf Challenger,Ship,Univ New Hampshire,"Vandemark, D.",USA
33GC20061214,Gulf Challenger,Ship,Univ New Hampshire,"Vandemark, D.",USA
33GC20061215,Gulf Challenger,Ship,Univ New Hampshire,"Vandemark, D.",USA
33GC20070123,Gulf Challenger,Ship,Univ New Hampshire,"Vandemark, D.",USA
33GC20070221,Gulf Challenger,Ship,Univ New Hampshire,"Vandemark, D.",USA
33GC20070222,Gulf Challenger,Ship,Univ New Hampshire,"Vandemark, D.",USA
33GC20070321,Gulf Challenger,Ship,Univ New Hampshire,"Vandemark, D.",USA
33GC20070410,Gulf Challenger,Ship,Univ New Hampshire,"Vandemark, D.",USA
33GC20070411,Gulf Challenger,Ship,Univ New Hampshire,"Vandemark, D.",USA
33GC20070426,Gulf Challenger,Ship,Univ New Hampshire,"Vandemark, D.",USA
33GC20070501,Gulf Challenger,Ship,Univ New Hampshire,"Vandemark, D.",USA
33GC20070502,Gulf Challenger,Ship,Univ New Hampshire,"Vandemark, D.",USA
33GC20070507,Gulf Challenger,Ship,Univ New Hampshire,"Vandemark, D.",USA
33GC20070508,Gulf Challenger,Ship,Univ New Hampshire,"Vandemark, D.",USA
33GC20070509,Gulf Challenger,Ship,Univ New Hampshire,"Vandemark, D.",USA
33GC20070510,Gulf Challenger,Ship,Univ New Hampshire,"Vandemark, D.",USA
33GC20070521,Gulf Challenger,Ship,Univ New Hampshire,"Vandemark, D.",USA
33GC20070523,Gulf Challenger,Ship,Univ New Hampshire,"Vandemark, D.",USA
33GC20070606,Gulf Challenger,Ship,Univ New Hampshire,"Vandemark, D.",USA
33GC20070607,Gulf Challenger,Ship,Univ New Hampshire,"Vandemark, D.",USA
33GC20070608,Gulf Challenger,Ship,Univ New Hampshire,"Vandemark, D.",USA
33GC20070618,Gulf Challenger,Ship,Univ New Hampshire,"Vandemark, D.",USA
33GC20070619,Gulf Challenger,Ship,Univ New Hampshire,"Vandemark, D.",USA
33GC20070620,Gulf Challenger,Ship,Univ New Hampshire,"Vandemark, D.",USA
33GC20070717,Gulf Challenger,Ship,Univ New Hampshire,"Vandemark, D.",USA
33GC20070719,Gulf Challenger,Ship,Univ New Hampshire,"Vandemark, D.",USA
33GC20070820,Gulf Challenger,Ship,Univ New Hampshire,"Vandemark, D.",USA
33GC20070821,Gulf Challenger,Ship,Univ New Hampshire,"Vandemark, D.",USA
33GC20070822,Gulf Challenger,Ship,Univ New Hampshire,"Vandemark, D.",USA
33GC20070911,Gulf Challenger,Ship,Univ New Hampshire,"Vandemark, D.",USA
33GC20070913,Gulf Challenger,Ship,Univ New Hampshire,"Vandemark, D.",USA
33GC20071008,Oceanus,Ship,Univ New Hampshire,"Vandemark, D. : Salisbury, J.",USA
33GC20071009,Oceanus,Ship,Univ New Hampshire,"Vandemark, D. : Salisbury, J.",USA
33GC20071010,Oceanus,Ship,Univ New Hampshire,"Vandemark, D. : Salisbury, J.",USA
33GC20071011,Oceanus,Ship,Univ New Hampshire,"Vandemark, D. : Salisbury, J.",USA
33GC20071012,Oceanus,Ship,Univ New Hampshire,"Vandemark, D. : Salisbury, J.",USA
33GC20071013,Oceanus,Ship,Univ New Hampshire,"Vandemark, D. : Salisbury, J.",USA
33GC20071014,Oceanus,Ship,Univ New Hampshire,"Vandemark, D. : Salisbury, J.",USA
33GC20071015,Oceanus,Ship,Univ New Hampshire,"Vandemark, D. : Salisbury, J.",USA
33GC20071016,Oceanus,Ship,Univ New Hampshire,"Vandemark, D. : Salisbury, J.",USA
33GC20071017,Oceanus,Ship,Univ New Hampshire,"Vandemark, D. : Salisbury, J.",USA
33GC20071025,Gulf Challenger,Ship,Univ New Hampshire,"Vandemark, D.",USA
33GC20071026,Gulf Challenger,Ship,Univ New Hampshire,"Vandemark, D.",USA
33GC20071113,Gulf Challenger,Ship,Univ New Hampshire,"Vandemark, D.",USA
33GC20071210,Gulf Challenger,Ship,Univ New Hampshire,"Vandemark, D.",USA
33GC20071211,Gulf Challenger,Ship,Univ New Hampshire,"Vandemark, D.",USA
33GC20080116,Gulf Challenger,Ship,Univ New Hampshire,"Vandemark, D.",USA
33GC20080117,Gulf Challenger,Ship,Univ New Hampshire,"Vandemark, D.",USA
33GC20080212,Gulf Challenger,Ship,Univ New Hampshire,"Vandemark, D.",USA
33GC20080318,Gulf Challenger,Ship,Univ New Hampshire,"Vandemark, D.",USA
33GC20080414,Gulf Challenger,Ship,Univ New Hampshire,"Vandemark, D.",USA
33GC20080415,Gulf Challenger,Ship,Univ New Hampshire,"Vandemark, D.",USA
33GC20080416,Gulf Challenger,Ship,Univ New Hampshire,"Vandemark, D.",USA
33GC20080417,Gulf Challenger,Ship,Univ New Hampshire,"Vandemark, D.",USA
33GC20080515,Gulf Challenger,Ship,Univ New Hampshire,"Vandemark, D.",USA
33GC20080516,Gulf Challenger,Ship,Univ New Hampshire,"Vandemark, D.",USA
33GC20080528,Gulf Challenger,Ship,Univ New Hampshire,"Vandemark, D.",USA
33GC20080609,Gulf Challenger,Ship,Univ New Hampshire,"Vandemark, D.",USA
33GC20080610,Gulf Challenger,Ship,Univ New Hampshire,"Vandemark, D.",USA
33GC20080623,Gulf Challenger,Ship,Univ New Hampshire,"Vandemark, D.",USA
33GC20080709,Gulf Challenger,Ship,Univ New Hampshire,"Vandemark, D.",USA
33GC20080710,Gulf Challenger,Ship,Univ New Hampshire,"Vandemark, D.",USA
33GC20080711,Gulf Challenger,Ship,Univ New Hampshire,"Vandemark, D.",USA
33GC20080805,Gulf Challenger,Ship,Univ New Hampshire,"Vandemark, D.",USA
33GC20080911,Gulf Challenger,Ship,Univ New Hampshire,"Vandemark, D.",USA
33GC20081006,Gulf Challenger,Ship,Univ New Hampshire,"Vandemark, D.",USA
33GC20090206,Gulf Challenger,Ship,Univ New Hampshire,"Vandemark, D.",USA
33GC20090218,Gulf Challenger,Ship,Univ New Hampshire,"Vandemark, D.",USA
33GC20090312,Gulf Challenger,Ship,Univ New Hampshire,"Vandemark, D.",USA
33GC20090317,Gulf Challenger,Ship,Univ New Hampshire,"Vandemark, D.",USA
33GC20090402,Gulf Challenger,Ship,Univ New Hampshire,"Vandemark, D.",USA
33GC20090410,Gulf Challenger,Ship,Univ New Hampshire,"Vandemark, D.",USA
33GC20090414,Gulf Challenger,Ship,Univ New Hampshire,"Vandemark, D.",USA
33GC20090415,Gulf Challenger,Ship,Univ New Hampshire,"Vandemark, D.",USA
33GC20090513,Gulf Challenger,Ship,Univ New Hampshire,"Vandemark, D.",USA
33GC20090707,Gulf Challenger,Ship,Univ New Hampshire,"Vandemark, D.",USA
33GC20090710,Gulf Challenger,Ship,Univ New Hampshire,"Vandemark, D.",USA
33GC20090821,Gulf Challenger,Ship,Univ New Hampshire,"Vandemark, D.",USA
33GC20090930,Gulf Challenger,Ship,Univ New Hampshire,"Vandemark, D.",USA
33GC20091118,Gulf Challenger,Ship,Univ New Hampshire,"Vandemark, D.",USA
33GC20100310,Gulf Challenger,Ship,Univ New Hampshire,"Vandemark, D.",USA
33GC20100406,Gulf Challenger,Ship,Univ New Hampshire,"Vandemark, D.",USA
33GC20100616,Gulf Challenger,Ship,Univ New Hampshire,"Vandemark, D.",USA
33GC20100618,Gulf Challenger,Ship,Univ New Hampshire,"Vandemark, D.",USA
33GC20100625,Gulf Challenger,Ship,Univ New Hampshire,"Vandemark, D.",USA
33GC20100627,Gulf Challenger,Ship,Univ New Hampshire,"Vandemark, D.",USA
33GC20100630,Gulf Challenger,Ship,Univ New Hampshire,"Vandemark, D.",USA
33GC20100702,Gulf Challenger,Ship,Univ New Hampshire,"Vandemark, D.",USA
33GC20101012,Gulf Challenger,Ship,Univ New Hampshire,"Vandemark, D.",USA
33GC20101121,Gulf Challenger,Ship,Univ New Hampshire,"Vandemark, D.",USA
33GC20101217,Gulf Challenger,Ship,Univ New Hampshire,"Vandemark, D.",USA
33GC20110603,Gulf Challenger,Ship,Univ New Hampshire,"Vandemark, D.",USA
33GC20110616,Gulf Challenger,Ship,Univ New Hampshire,"Vandemark, D.",USA
33GC20110830,Gulf Challenger,Ship,Univ New Hampshire,"Vandemark, D.",USA
33GC20120111,Gulf Challenger,Ship,Univ New Hampshire,"Vandemark, D.",USA
33GC20120207,Gulf Challenger,Ship,Univ New Hampshire,"Vandemark, D.",USA
33GC20120406,Gulf Challenger,Ship,Univ New Hampshire,"Vandemark, D.",USA
33GC20120611,Gulf Challenger,Ship,Univ New Hampshire,"Vandemark, D.",USA
33GC20120703,Gulf Challenger,Ship,Univ New Hampshire,"Vandemark, D.",USA
33GC20120913,Gulf Challenger,Ship,Univ New Hampshire,"Vandemark, D.",USA
33GC20120914,Gulf Challenger,Ship,Univ New Hampshire,"Vandemark, D.",USA
33GC20121106,Gulf Challenger,Ship,Univ New Hampshire,"Vandemark, D.",USA
33GC20130415,Gulf Challenger,Ship,Univ New Hampshire,"Vandemark, D.",USA
33GC20130521,Gulf Challenger,Ship,Univ New Hampshire,"Vandemark, D.",USA
33GC20130815,Gulf Challenger,Ship,Univ New Hampshire,"Vandemark, D.",USA
33GC20140421,Gulf Challenger,Ship,Univ New Hampshire,"Salisbury, J. : Vandemark, D. : Hunt, C.W.",USA
33GC20141104,Gulf Challenger,Ship,Univ New Hampshire,"Salisbury, J. : Vandemark, D. : Hunt, C.W.",USA
33GC20150313,Gulf Challenger,Ship,Univ New Hampshire,"Salisbury, J. : Vandemark, D. : Hunt, C.W.",USA
33GC20150605,Gulf Challenger,Ship,Univ New Hampshire,"Salisbury, J. : Vandemark, D. : Hunt, C.W.",USA
33GC20150826,Gulf Challenger,Ship,Univ New Hampshire,"Salisbury, J. : Vandemark, D. : Hunt, C.W.",USA
33GC20151007,Gulf Challenger,Ship,Univ New Hampshire,"Salisbury, J. : Vandemark, D. : Hunt, C.W.",USA
33GC20151118,Gulf Challenger,Ship,Univ New Hampshire,"Salisbury, J. : Vandemark, D. : Hunt, C.W.",USA
33GC20160202,Gulf Challenger,Ship,Univ New Hampshire,"Salisbury, J. : Vandemark, D. : Hunt, C.W.",USA
33GC20160727,Gulf Challenger,Ship,Univ New Hampshire,"Salisbury, J. : Vandemark, D. : Hunt, C.W.",USA
33GC20161207,Gulf Challenger,Ship,Univ New Hampshire,"Salisbury, J. : Vandemark, D. : Hunt, C.W.",USA
33GC20170317,Gulf Challenger,Ship,Univ New Hampshire,"Salisbury, J. : Vandemark, D. : Hunt, C.W.",USA
33GC20170414,Gulf Challenger,Ship,Univ New Hampshire,"Salisbury, J. : Vandemark, D. : Hunt, C.W.",USA
33GC20170502,Gulf Challenger,Ship,Univ New Hampshire,"Salisbury, J. : Vandemark, D. : Hunt, C.W.",USA
33GC20170815,Gulf Challenger,Ship,Univ New Hampshire,"Salisbury, J. : Vandemark, D. : Hunt, C.W.",USA
33GC20171113,Gulf Challenger,Ship,Univ New Hampshire,"Salisbury, J. : Vandemark, D. : Hunt, C.W.",USA
33GC20180530,Gulf Challenger,Ship,Univ New Hampshire,"Salisbury, J. : Vandemark, D. : Hunt, C.W.",USA
33GC20181130,Gulf Challenger,Ship,Univ New Hampshire,"Salisbury, J. : Vandemark, D. : Hunt, C.W.",USA
33GC20190223,Gulf Challenger,Ship,Univ New Hampshire,"Salisbury, J. : Vandemark, D. : Hunt, C.W.",USA
33GC20190521,Gulf Challenger,Ship,Univ New Hampshire,"Salisbury, J. : Vandemark, D. : Hunt, C.W.",USA
33GC20190523,Gulf Challenger,Ship,Univ New Hampshire,"Salisbury, J. : Vandemark, D. : Hunt, C.W.",USA
33GC20190710,Gulf Challenger,Ship,Univ New Hampshire,"Salisbury, J. : Vandemark, D. : Hunt, C.W.",USA
33GC20191022,Gulf Challenger,Ship,Univ New Hampshire,"Salisbury, J. : Vandemark, D. : Hunt, C.W.",USA
33GC20191024,Gulf Challenger,Ship,Univ New Hampshire,"Salisbury, J. : Vandemark, D. : Hunt, C.W.",USA
33GC20200104,Gulf Challenger,Ship,Univ New Hampshire,"Salisbury, J. : Vandemark, D. : Hunt, C.W.",USA
33GC20200813,Gulf Challenger,Ship,Univ New Hampshire,"Salisbury, J. : Vandemark, D. : Hunt, C.W.",USA
33GC20201108,Gulf Challenger,Ship,Univ New Hampshire,"Salisbury, J. : Vandemark, D. : Hunt, C.W.",USA
33GC20210114,Gulf Challenger,Ship,Univ New Hampshire,"Salisbury, J. : Vandemark, D. : Hunt, C.W.",USA
33GC20210323,Gulf Challenger,Ship,Univ New Hampshire,"Salisbury, J. : Vandemark, D. : Hunt, C.W.",USA
33GC20210428,Gulf Challenger,Ship,Univ New Hampshire,"Salisbury, J. : Vandemark, D. : Hunt, C.W.",USA
33GC20210714,Gulf Challenger,Ship,Univ New Hampshire,"Salisbury, J. : Vandemark, D. : Hunt, C.W.",USA
33GC20210901,Gulf Challenger,Ship,Univ New Hampshire,"Salisbury, J. : Vandemark, D. : Hunt, C.W.",USA
33GC20211108,Gulf Challenger,Ship,Univ New Hampshire,"Salisbury, J. : Vandemark, D. : Hunt, C.W.",USA
33GG20080403,Gordon Gunter,Ship,NOAA AOML,"Wanninkhof, R.",USA
33GG20080419,Gordon Gunter,Ship,NOAA AOML,"Wanninkhof, R.",USA
33GG20080512,Gordon Gunter,Ship,NOAA AOML,"Wanninkhof, R.",USA
33GG20080920,Gordon Gunter,Ship,NOAA AOML,"Wanninkhof, R.",USA
33GG20081014,Gordon Gunter,Ship,NOAA AOML,"Wanninkhof, R.",USA
33GG20081028,Gordon Gunter,Ship,NOAA AOML,"Wanninkhof, R.",USA
33GG20081114,Gordon Gunter,Ship,NOAA AOML,"Wanninkhof, R.",USA
33GG20090204,Gordon Gunter,Ship,NOAA AOML,"Wanninkhof, R.",USA
33GG20090227,Gordon Gunter,Ship,NOAA AOML,"Wanninkhof, R.",USA
33GG20090407,Gordon Gunter,Ship,NOAA AOML,"Wanninkhof, R.",USA
33GG20090419,Gordon Gunter,Ship,NOAA AOML,"Wanninkhof, R.",USA
33GG20090513,Gordon Gunter,Ship,NOAA AOML,"Wanninkhof, R.",USA
33GG20090611,Gordon Gunter,Ship,NOAA AOML,"Wanninkhof, R.",USA
33GG20090701,Gordon Gunter,Ship,NOAA AOML,"Wanninkhof, R.",USA
33GG20090727,Gordon Gunter,Ship,NOAA AOML,"Wanninkhof, R.",USA
33GG20090830,Gordon Gunter,Ship,NOAA AOML,"Wanninkhof, R.",USA
33GG20090915,Gordon Gunter,Ship,NOAA AOML,"Wanninkhof, R.",USA
33GG20091019,Gordon Gunter,Ship,NOAA AOML,"Wanninkhof, R.",USA
33GG20091101,Gordon Gunter,Ship,NOAA AOML,"Wanninkhof, R.",USA
33GG20100408,Gordon Gunter,Ship,NOAA AOML,"Wanninkhof, R. : Pierrot, D.",USA
33GG20100422,Gordon Gunter,Ship,NOAA AOML,"Wanninkhof, R. : Pierrot, D.",USA
33GG20100502,Gordon Gunter,Ship,NOAA AOML,"Wanninkhof, R. : Pierrot, D.",USA
33GG20100824,Gordon Gunter,Ship,NOAA AOML,"Wanninkhof, R. : Pierrot, D.",USA
33GG20100915,Gordon Gunter,Ship,NOAA AOML,"Wanninkhof, R. : Pierrot, D.",USA
33GG20101008,Gordon Gunter,Ship,NOAA AOML,"Wanninkhof, R. : Pierrot, D.",USA
33GG20101105,Gordon Gunter,Ship,NOAA AOML,"Wanninkhof, R. : Pierrot, D.",USA
33GG20110324,Gordon Gunter,Ship,NOAA AOML,"Wanninkhof, R. : Pierrot, D.",USA
33GG20110414,Gordon Gunter,Ship,NOAA AOML,"Wanninkhof, R. : Pierrot, D.",USA
33GG20110617,Gordon Gunter,Ship,NOAA AOML,"Wanninkhof, R. : Pierrot, D.",USA
33GG20110712,Gordon Gunter,Ship,NOAA AOML,"Wanninkhof, R. : Pierrot, D.",USA
33GG20110822,Gordon Gunter,Ship,NOAA AOML,"Wanninkhof, R. : Pierrot, D.",USA
33GG20110913,Gordon Gunter,Ship,NOAA AOML,"Wanninkhof, R. : Pierrot, D.",USA
33GG20111007,Gordon Gunter,Ship,NOAA AOML,"Wanninkhof, R. : Pierrot, D.",USA
33GG20111102,Gordon Gunter,Ship,NOAA AOML,"Wanninkhof, R. : Pierrot, D.",USA
33GG20120429,Gordon Gunter,Ship,NOAA AOML,"Wanninkhof, R. : Pierrot, D.",USA
33GG20120515,Gordon Gunter,Ship,NOAA AOML,"Wanninkhof, R. : Pierrot, D.",USA
33GG20120609,Gordon Gunter,Ship,NOAA AOML,"Wanninkhof, R. : Pierrot, D.",USA
33GG20120629,Gordon Gunter,Ship,NOAA AOML,"Wanninkhof, R. : Pierrot, D.",USA
33GG20120720,Gordon Gunter,Ship,NOAA AOML,"Wanninkhof, R. : Pierrot, D.",USA
33GG20120822,Gordon Gunter,Ship,NOAA AOML,"Wanninkhof, R. : Pierrot, D.",USA
33GG20120911,Gordon Gunter,Ship,NOAA AOML,"Wanninkhof, R. : Pierrot, D.",USA
33GG20121108,Gordon Gunter,Ship,NOAA AOML,"Wanninkhof, R. : Pierrot, D.",USA
33GG20130418,Gordon Gunter,Ship,NOAA AOML,"Wanninkhof, R. : Pierrot, D.",USA
33GG20130430,Gordon Gunter,Ship,NOAA AOML,"Wanninkhof, R. : Pierrot, D.",USA
33GG20130520,Gordon Gunter,Ship,NOAA AOML,"Wanninkhof, R. : Pierrot, D.",USA
33GG20130609,Gordon Gunter,Ship,NOAA AOML,"Wanninkhof, R. : Pierrot, D.",USA
33GG20130704,Gordon Gunter,Ship,NOAA AOML,"Wanninkhof, R. : Pierrot, D.",USA
33GG20130716,Gordon Gunter,Ship,NOAA AOML,"Wanninkhof, R. : Pierrot, D.",USA
33GG20130810,Gordon Gunter,Ship,NOAA AOML,"Wanninkhof, R. : Pierrot, D.",USA
33GG20130828,Gordon Gunter,Ship,NOAA AOML,"Wanninkhof, R. : Pierrot, D.",USA
33GG20131113,Gordon Gunter,Ship,NOAA AOML,"Wanninkhof, R. : Pierrot, D.",USA
33GG20131126,Gordon Gunter,Ship,NOAA AOML,"Wanninkhof, R. : Pierrot, D.",USA
33GG20140215,Gordon Gunter,Ship,NOAA AOML,"Wanninkhof, R. : Pierrot, D.",USA
33GG20140301,Gordon Gunter,Ship,NOAA AOML,"Wanninkhof, R. : Pierrot, D.",USA
33GG20140311,Gordon Gunter,Ship,NOAA AOML,"Wanninkhof, R. : Pierrot, D.",USA
33GG20140407,Gordon Gunter,Ship,NOAA AOML,"Wanninkhof, R. : Pierrot, D.",USA
33GG20140605,Gordon Gunter,Ship,NOAA AOML,"Wanninkhof, R. : Pierrot, D.",USA
33GG20140704,Gordon Gunter,Ship,NOAA AOML,"Wanninkhof, R. : Pierrot, D.",USA
33GG20140720,Gordon Gunter,Ship,NOAA AOML,"Wanninkhof, R. : Pierrot, D.",USA
33GG20140821,Gordon Gunter,Ship,NOAA AOML,"Wanninkhof, R. : Pierrot, D.",USA
33GG20141031,Gordon Gunter,Ship,NOAA AOML,"Wanninkhof, R. : Pierrot, D.",USA
33GG20150303,Gordon Gunter,Ship,NOAA AOML,"Wanninkhof, R. : Pierrot, D.",USA
33GG20150317,Gordon Gunter,Ship,NOAA AOML,"Wanninkhof, R. : Pierrot, D.",USA
33GG20150414,Gordon Gunter,Ship,NOAA AOML,"Wanninkhof, R. : Pierrot, D.",USA
33GG20150515,Gordon Gunter,Ship,NOAA AOML,"Wanninkhof, R. : Pierrot, D.",USA
33GG20150609,Gordon Gunter,Ship,NOAA AOML,"Wanninkhof, R. : Pierrot, D.",USA
33GG20150619,Gordon Gunter,Ship,NOAA AOML,"Wanninkhof, R. : Pierrot, D.",USA
33GG20150708,Gordon Gunter,Ship,NOAA AOML,"Wanninkhof, R. : Pierrot, D.",USA
33GG20150730,Gordon Gunter,Ship,NOAA AOML,"Wanninkhof, R. : Pierrot, D.",USA
33GG20150822,Gordon Gunter,Ship,NOAA AOML,"Wanninkhof, R. : Pierrot, D.",USA
33GG20150912,Gordon Gunter,Ship,NOAA AOML,"Wanninkhof, R. : Pierrot, D.",USA
33GG20151006,Gordon Gunter,Ship,NOAA AOML,"Wanninkhof, R. : Pierrot, D.",USA
33GG20151012,Gordon Gunter,Ship,NOAA AOML,"Wanninkhof, R. : Pierrot, D.",USA
33GG20160410,Gordon Gunter,Ship,NOAA AOML,"Wanninkhof, R. : Pierrot, D.",USA
33GG20160422,Gordon Gunter,Ship,NOAA AOML,"Wanninkhof, R. : Pierrot, D.",USA
33GG20160428,Gordon Gunter,Ship,NOAA AOML,"Wanninkhof, R. : Pierrot, D.",USA
33GG20160521,Gordon Gunter,Ship,NOAA AOML,"Wanninkhof, R. : Pierrot, D.",USA
33GG20160607,Gordon Gunter,Ship,NOAA AOML,"Wanninkhof, R. : Pierrot, D.",USA
33GG20160630,Gordon Gunter,Ship,NOAA AOML,"Wanninkhof, R. : Pierrot, D.",USA
33GG20160719,Gordon Gunter,Ship,NOAA AOML,"Wanninkhof, R. : Pierrot, D.",USA
33GG20160809,Gordon Gunter,Ship,NOAA AOML,"Wanninkhof, R. : Pierrot, D.",USA
33GG20160902,Gordon Gunter,Ship,NOAA AOML,"Wanninkhof, R. : Pierrot, D.",USA
33GG20160918,Gordon Gunter,Ship,NOAA AOML,"Wanninkhof, R. : Pierrot, D.",USA
33GG20161025,Gordon Gunter,Ship,NOAA AOML,"Wanninkhof, R. : Pierrot, D.",USA
33GG20161103,Gordon Gunter,Ship,NOAA AOML,"Wanninkhof, R. : Pierrot, D.",USA
33GG20161118,Gordon Gunter,Ship,NOAA AOML,"Wanninkhof, R. : Pierrot, D.",USA
33GG20170505,Gordon Gunter,Ship,NOAA AOML,"Wanninkhof, R. : Pierrot, D.",USA
33GG20170516,Gordon Gunter,Ship,NOAA AOML,"Wanninkhof, R. : Pierrot, D.",USA
33GG20170530,Gordon Gunter,Ship,NOAA AOML,"Wanninkhof, R. : Pierrot, D.",USA
33GG20170610,Gordon Gunter,Ship,NOAA AOML,"Wanninkhof, R. : Pierrot, D.",USA
33GG20170627,Gordon Gunter,Ship,NOAA AOML,"Wanninkhof, R. : Pierrot, D.",USA
33GG20170702,Gordon Gunter,Ship,NOAA AOML,"Wanninkhof, R. : Pierrot, D.",USA
33GG20170721,Gordon Gunter,Ship,NOAA AOML,"Wanninkhof, R. : Pierrot, D.",USA
33GG20170809,Gordon Gunter,Ship,NOAA AOML,"Wanninkhof, R. : Pierrot, D.",USA
33GG20170904,Gordon Gunter,Ship,NOAA AOML,"Wanninkhof, R. : Pierrot, D.",USA
33GG20170917,Gordon Gunter,Ship,NOAA AOML,"Wanninkhof, R. : Pierrot, D.",USA
33GG20171010,Gordon Gunter,Ship,NOAA AOML,"Wanninkhof, R. : Pierrot, D.",USA
33GG20171031,Gordon Gunter,Ship,NOAA AOML,"Wanninkhof, R. : Pierrot, D.",USA
33GG20171112,Gordon Gunter,Ship,NOAA AOML,"Wanninkhof, R. : Pierrot, D.",USA
33GG20180114,Gordon Gunter,Ship,NOAA AOML,"Wanninkhof, R. : Pierrot, D.",USA
33GG20180126,Gordon Gunter,Ship,NOAA AOML,"Wanninkhof, R. : Pierrot, D.",USA
33GG20180212,Gordon Gunter,Ship,NOAA AOML,"Wanninkhof, R. : Pierrot, D.",USA
33GG20180301,Gordon Gunter,Ship,NOAA AOML,"Wanninkhof, R. : Pierrot, D.",USA
33GG20180624,Gordon Gunter,Ship,NOAA AOML,"Wanninkhof, R. : Pierrot, D.",USA
33GG20180711,Gordon Gunter,Ship,NOAA AOML,"Wanninkhof, R. : Pierrot, D.",USA
33GG20180720,Gordon Gunter,Ship,NOAA AOML,"Wanninkhof, R. : Pierrot, D.",USA
33GG20180806,Gordon Gunter,Ship,NOAA AOML,"Wanninkhof, R. : Pierrot, D.",USA
33GG20180822,Gordon Gunter,Ship,NOAA AOML,"Wanninkhof, R. : Pierrot, D.",USA
33GG20180902,Gordon Gunter,Ship,NOAA AOML,"Wanninkhof, R. : Pierrot, D.",USA
33GG20180911,Gordon Gunter,Ship,NOAA AOML,"Wanninkhof, R. : Pierrot, D.",USA
33GG20181110,Gordon Gunter,Ship,NOAA AOML,"Wanninkhof, R. : Pierrot, D.",USA
33GG20190508,Gordon Gunter,Ship,NOAA AOML,"Wanninkhof, R. : Pierrot, D.",USA
33GG20190529,Gordon Gunter,Ship,NOAA AOML,"Wanninkhof, R. : Pierrot, D.",USA
33GG20190615,Gordon Gunter,Ship,NOAA AOML,"Wanninkhof, R. : Pierrot, D.",USA
33GG20190702,Gordon Gunter,Ship,NOAA AOML,"Wanninkhof, R. : Pierrot, D.",USA
33GG20190719,Gordon Gunter,Ship,NOAA AOML,"Wanninkhof, R. : Pierrot, D.",USA
33GG20190807,Gordon Gunter,Ship,NOAA AOML,"Wanninkhof, R. : Pierrot, D.",USA
33GG20190908,Gordon Gunter,Ship,NOAA AOML,"Wanninkhof, R. : Pierrot, D.",USA
33GG20191002,Gordon Gunter,Ship,NOAA AOML,"Wanninkhof, R. : Pierrot, D.",USA
33GG20191015,Gordon Gunter,Ship,NOAA AOML,"Wanninkhof, R. : Pierrot, D.",USA
33GG20191104,Gordon Gunter,Ship,NOAA AOML,"Wanninkhof, R. : Pierrot, D.",USA
33GG20210420,Gordon Gunter,Ship,NOAA AOML,"Wanninkhof, R. : Pierrot, D.",USA
33GG20210501,Gordon Gunter,Ship,NOAA AOML,"Wanninkhof, R. : Pierrot, D.",USA
33GG20210514,Gordon Gunter,Ship,NOAA AOML,"Wanninkhof, R. : Pierrot, D.",USA
33GG20210612,Gordon Gunter,Ship,NOAA AOML,"Wanninkhof, R. : Pierrot, D.",USA
33GG20210709,Gordon Gunter,Ship,NOAA AOML,"Wanninkhof, R. : Pierrot, D.",USA
33GG20210816,Gordon Gunter,Ship,NOAA AOML,"Wanninkhof, R. : Pierrot, D.",USA
33GG20210910,Gordon Gunter,Ship,NOAA AOML,"Wanninkhof, R. : Pierrot, D.",USA
33GG20210922,Gordon Gunter,Ship,NOAA AOML,"Wanninkhof, R. : Pierrot, D.",USA
33GG20220829,Gordon Gunter,Ship,NOAA AOML,"Wanninkhof, R. : Pierrot, D.",USA
33GG20220914,Gordon Gunter,Ship,NOAA AOML,"Wanninkhof, R. : Pierrot, D.",USA
33GG20230317,Gordon Gunter,Ship,NOAA AOML,"Wanninkhof, R. : Pierrot, D.",USA
33GG20230404,Gordon Gunter,Ship,NOAA AOML,"Wanninkhof, R. : Pierrot, D.",USA
33GG20230508,Gordon Gunter,Ship,NOAA AOML,"Wanninkhof, R. : Pierrot, D.",USA
33GG20230522,Gordon Gunter,Ship,NOAA AOML,"Wanninkhof, R. : Pierrot, D.",USA
33GG20230621,Gordon Gunter,Ship,NOAA AOML,"Wanninkhof, R. : Pierrot, D.",USA
33GG20230720,Gordon Gunter,Ship,NOAA AOML,"Wanninkhof, R. : Pierrot, D.",USA
33GG20230906,Gordon Gunter,Ship,NOAA AOML,"Wanninkhof, R. : Pierrot, D.",USA
33GG20230919,Gordon Gunter,Ship,NOAA AOML,"Wanninkhof, R. : Pierrot, D.",USA
33GG20240123,Gordon Gunter,Ship,NOAA AOML,"Wanninkhof, R. : Pierrot, D.",USA
33GG20240204,Gordon Gunter,Ship,NOAA AOML,"Wanninkhof, R. : Pierrot, D.",USA
33GG20240304,Gordon Gunter,Ship,NOAA AOML,"Wanninkhof, R. : Pierrot, D.",USA
33GG20240405,Gordon Gunter,Ship,NOAA AOML,"Wanninkhof, R. : Pierrot, D.",USA
33GG20240601,Gordon Gunter,Ship,NOAA AOML,"Wanninkhof, R. : Pierrot, D.",USA
33GG20240701,Gordon Gunter,Ship,NOAA AOML,"Wanninkhof, R. : Pierrot, D.",USA
33GG20240727,Gordon Gunter,Ship,NOAA AOML,"Wanninkhof, R. : Pierrot, D.",USA
33GG20240828,Gordon Gunter,Ship,NOAA AOML,"Wanninkhof, R. : Pierrot, D.",USA
33GG20240918,Gordon Gunter,Ship,NOAA AOML,"Wanninkhof, R. : Pierrot, D.",USA
33H320100507,Marcus G. Langseth,Ship,LDEO Columbia Univ : NOAA ESRL CIRES,"Takahashi, T. : Sweeney, C. : Sutherland, S.C.",USA
33H320100717,Marcus G. Langseth,Ship,LDEO Columbia Univ : NOAA ESRL CIRES,"Takahashi, T. : Sweeney, C. : Sutherland, S.C.",USA
33H320100922,Marcus G. Langseth,Ship,LDEO Columbia Univ : NOAA ESRL CIRES,"Takahashi, T. : Sweeney, C. : Sutherland, S.C.",USA
33H320110413,Marcus G. Langseth,Ship,LDEO Columbia Univ : NOAA ESRL CIRES,"Takahashi, T. : Sweeney, C. : Sutherland, S.C.",USA
33H320110527,Marcus G. Langseth,Ship,LDEO Columbia Univ : NOAA ESRL CIRES,"Takahashi, T. : Sweeney, C. : Sutherland, S.C.",USA
33H320110713,Marcus G. Langseth,Ship,LDEO Columbia Univ : NOAA ESRL CIRES,"Takahashi, T. : Sweeney, C. : Sutherland, S.C.",USA
33H320110812,Marcus G. Langseth,Ship,LDEO Columbia Univ : NOAA ESRL CIRES,"Takahashi, T. : Sweeney, C. : Sutherland, S.C.",USA
33H320111013,Marcus G. Langseth,Ship,LDEO Columbia Univ : NOAA ESRL CIRES,"Takahashi, T. : Sweeney, C. : Sutherland, S.C.",USA
33H320111127,Marcus G. Langseth,Ship,LDEO Columbia Univ : NOAA ESRL CIRES,"Takahashi, T. : Sweeney, C. : Sutherland, S.C.",USA
33H320120515,Marcus G. Langseth,Ship,LDEO Columbia Univ : NOAA ESRL CIRES,"Takahashi, T. : Sweeney, C. : Sutherland, S.C.",USA
33H320120617,Marcus G. Langseth,Ship,LDEO Columbia Univ : NOAA ESRL CIRES,"Takahashi, T. : Sweeney, C. : Sutherland, S.C.",USA
33H320120714,Marcus G. Langseth,Ship,LDEO Columbia Univ : NOAA ESRL CIRES,"Takahashi, T. : Sweeney, C. : Sutherland, S.C.",USA
33H320120819,Marcus G. Langseth,Ship,LDEO Columbia Univ : NOAA ESRL CIRES,"Takahashi, T. : Sweeney, C. : Sutherland, S.C.",USA
33H320130228,Marcus G. Langseth,Ship,LDEO Columbia Univ : NOAA ESRL CIRES,"Takahashi, T. : Sweeney, C. : Sutherland, S.C.",USA
33H320130401,Marcus G. Langseth,Ship,LDEO Columbia Univ : NOAA ESRL CIRES,"Sutherland, S.C. : Newberger, T. : Takahashi, T. : Sweeney, C.",USA
33H320130422,Marcus G. Langseth,Ship,LDEO Columbia Univ : NOAA ESRL CIRES,"Takahashi, T. : Sweeney, C. : Sutherland, S.C.",USA
33H320130601,Marcus G. Langseth,Ship,LDEO Columbia Univ : NOAA ESRL CIRES,"Takahashi, T. : Sweeney, C. : Sutherland, S.C.",USA
33H320141004,Marcus G. Langseth,Ship,LDEO Columbia Univ : NOAA ESRL CIRES,"Takahashi, T. : Sweeney, C. : Sutherland, S.C.",USA
33H320150413,Marcus G. Langseth,Ship,LDEO Columbia Univ : NOAA ESRL CIRES,"Takahashi, T. : Sweeney, C. : Sutherland, S.C.",USA
33H320150601,Marcus G. Langseth,Ship,LDEO Columbia Univ : NOAA ESRL CIRES,"Takahashi, T. : Sweeney, C. : Sutherland, S.C.",USA
33H320150731,Marcus G. Langseth,Ship,LDEO Columbia Univ : NOAA ESRL CIRES,"Takahashi, T. : Sweeney, C. : Sutherland, S.C.",USA
33H320151024,Marcus G. Langseth,Ship,LDEO Columbia Univ : NOAA ESRL CIRES,"Takahashi, T. : Sweeney, C. : Sutherland, S.C.",USA
33H320170110,Marcus G. Langseth,Ship,LDEO Columbia Univ : NOAA ESRL CIRES,"Takahashi, T. : Sutherland, S.C. : Sweeney, C.",USA
33H320170413,Marcus G. Langseth,Ship,LDEO Columbia Univ : NOAA ESRL CIRES,"Takahashi, T. : Sutherland, S.C. : Sweeney, C.",USA
33H320170927,Marcus G. Langseth,Ship,LDEO Columbia Univ : NOAA ESRL CIRES,"Takahashi, T. : Sutherland, S.C. : Sweeney, C.",USA
33H320171101,Marcus G. Langseth,Ship,LDEO Columbia Univ : NOAA ESRL CIRES,"Takahashi, T. : Sutherland, S.C. : Sweeney, C.",USA
33H320180106,Marcus G. Langseth,Ship,LDEO Columbia Univ : NOAA ESRL CIRES : IAAR Univ Colorado,"Takahashi, T. : Sweeney, C. : Newberger, T. : Sutherland, S.C. : Munro, D.R.",USA
33H320180218,Marcus G. Langseth,Ship,LDEO Columbia Univ : NOAA ESRL CIRES : IAAR Univ Colorado,"Takahashi, T. : Sweeney, C. : Newberger, T. : Sutherland, S.C. : Munro, D.R.",USA
33H420190527,Atlantic Explorer,Ship,Bermuda Inst Ocean Sci,"Bates, N.R.",Bermuda
33H420190605,Atlantic Explorer,Ship,Bermuda Inst Ocean Sci,"Bates, N.R.",Bermuda
33H420190616,Atlantic Explorer,Ship,Bermuda Institute of Ocean Sciences,"Bates, N.R.",Bermuda
33H420190630,Atlantic Explorer,Ship,Bermuda Institute of Ocean Sciences,"Bates, N.R.",Bermuda
33H420190705,Atlantic Explorer,Ship,Bermuda Inst Ocean Sci,"Bates, N.R.",Bermuda
33H420190708,Atlantic Explorer,Ship,Bermuda Inst Ocean Sci,"Bates, N.R.",Bermuda
33H420190729,Atlantic Explorer,Ship,Bermuda Institute of Ocean Sciences,"Bates, N.R.",Bermuda
33H420190808,Atlantic Explorer,Ship,Bermuda Institute of Ocean Sciences,"Bates, N.R.",Bermuda
33H420190816,Atlantic Explorer,Ship,Bermuda Inst Ocean Sci,"Bates, N.R.",Bermuda
33H420190907,Atlantic Explorer,Ship,Bermuda Institute of Ocean Sciences,"Bates, N.R.",Bermuda
33H420190916,Atlantic Explorer,Ship,Bermuda Inst Ocean Sci,"Bates, N.R.",Bermuda
33H420190926,Atlantic Explorer,Ship,Bermuda Inst Ocean Sci,"Bates, N.R.",Bermuda
33H420191012,Atlantic Explorer,Ship,Bermuda Inst Ocean Sci,"Bates, N.R.",Bermuda
33H420191023,Atlantic Explorer,Ship,Bermuda Inst Ocean Sci,"Bates, N.R.",Bermuda
33H420191029,Atlantic Explorer,Ship,Bermuda Inst Ocean Sci,"Bates, N.R.",Bermuda
33H420191107,Atlantic Explorer,Ship,Bermuda Inst Ocean Sci,"Bates, N.R.",Bermuda
33H420191115,Atlantic Explorer,Ship,Bermuda Inst Ocean Sci,"Bates, N.R.",Bermuda
33H420191127,Atlantic Explorer,Ship,Bermuda Inst Ocean Sci,"Bates, N.R.",Bermuda
33H420191209,Atlantic Explorer,Ship,Bermuda Inst Ocean Sci,"Bates, N.R.",Bermuda
33H420200121,Atlantic Explorer,Ship,Bermuda Inst Ocean Sci,"Bates, N.R.",Bermuda
33H420200806,Atlantic Explorer,Ship,Bermuda Inst Ocean Sci,"Bates, N.R.",Bermuda
33H420200817,Atlantic Explorer,Ship,Bermuda Inst Ocean Sci,"Bates, N.R.",Bermuda
33H420200823,Atlantic Explorer,Ship,Bermuda Inst Ocean Sci,"Bates, N.R.",Bermuda
33H420200916,Atlantic Explorer,Ship,Bermuda Inst Ocean Sci,"Bates, N.R.",Bermuda
33H420200923,Atlantic Explorer,Ship,Bermuda Inst Ocean Sci,"Bates, N.R.",Bermuda
33H420201029,Atlantic Explorer,Ship,Bermuda Inst Ocean Sci,"Bates, N.R.",Bermuda
33H420201114,Atlantic Explorer,Ship,Bermuda Inst Ocean Sci,"Bates, N.R.",Bermuda
33H420201202,Atlantic Explorer,Ship,Bermuda Inst Ocean Sci,"Bates, N.R.",Bermuda
33H420201209,Atlantic Explorer,Ship,Bermuda Inst Ocean Sci,"Bates, N.R.",Bermuda
33H420201226,Atlantic Explorer,Ship,Bermuda Inst Ocean Sci,"Bates, N.R.",Bermuda
33H420210211,Atlantic Explorer,Ship,Bermuda Inst Ocean Sci,"Bates, N.R.",Bermuda
33H420210314,Atlantic Explorer,Ship,Bermuda Inst Ocean Sci,"Bates, N.R.",Bermuda
33H420210405,Atlantic Explorer,Ship,Bermuda Inst Ocean Sci,"Bates, N.R.",Bermuda
33H420210428,Atlantic Explorer,Ship,Bermuda Inst Ocean Sci,"Bates, N.R.",Bermuda
33H420210511,Atlantic Explorer,Ship,Bermuda Inst Ocean Sci,"Bates, N.R.",Bermuda
33H420210614,Atlantic Explorer,Ship,Bermuda Inst Ocean Sci,"Bates, N.R.",Bermuda
33H420210624,Atlantic Explorer,Ship,Bermuda Inst Ocean Sci,"Bates, N.R.",Bermuda
33H420210708,Atlantic Explorer,Ship,Bermuda Inst Ocean Sci,"Bates, N.R.",Bermuda
33H420210722,Atlantic Explorer,Ship,Bermuda Inst Ocean Sci,"Bates, N.R.",Bermuda
33H420210805,Atlantic Explorer,Ship,Bermuda Inst Ocean Sci,"Bates, N.R.",Bermuda
33H420210811,Atlantic Explorer,Ship,Bermuda Inst Ocean Sci,"Bates, N.R.",Bermuda
33H420210815,Atlantic Explorer,Ship,Bermuda Inst Ocean Sci,"Bates, N.R.",Bermuda
33H420210911,Atlantic Explorer,Ship,Bermuda Inst Ocean Sci,"Bates, N.R.",Bermuda
33H420210929,Atlantic Explorer,Ship,Bermuda Inst Ocean Sci,"Bates, N.R.",Bermuda
33H420211011,Atlantic Explorer,Ship,Bermuda Inst Ocean Sci,"Bates, N.R.",Bermuda
33H420211208,Atlantic Explorer,Ship,Bermuda Inst Ocean Sci,"Bates, N.R.",Bermuda
33H420220329,Atlantic Explorer,Ship,Bermuda Inst Ocean Sci,"Bates, N.R.",Bermuda
33H420220406,Atlantic Explorer,Ship,Bermuda Inst Ocean Sci,"Bates, N.R.",Bermuda
33H420220413,Atlantic Explorer,Ship,Bermuda Inst Ocean Sci,"Bates, N.R.",Bermuda
33H420220422,Atlantic Explorer,Ship,Bermuda Inst Ocean Sci,"Bates, N.R.",Bermuda
33H420220430,Atlantic Explorer,Ship,Bermuda Inst Ocean Sci,"Bates, N.R.",Bermuda
33H420220512,Atlantic Explorer,Ship,Bermuda Inst Ocean Sci,"Bates, N.R.",Bermuda
33H420220607,Atlantic Explorer,Ship,Bermuda Inst Ocean Sci,"Bates, N.R.",Bermuda
33H420220627,Atlantic Explorer,Ship,Bermuda Inst Ocean Sci,"Bates, N.R.",Bermuda
33H420220707,Atlantic Explorer,Ship,Bermuda Inst Ocean Sci,"Bates, N.R.",Bermuda
33H420220713,Atlantic Explorer,Ship,Bermuda Inst Ocean Sci,"Bates, N.R.",Bermuda
33H420220721,Atlantic Explorer,Ship,Bermuda Inst Ocean Sci,"Bates, N.R.",Bermuda
33H420220803,Atlantic Explorer,Ship,Bermuda Inst Ocean Sci,"Bates, N.R.",Bermuda
33H420220812,Atlantic Explorer,Ship,Bermuda Inst Ocean Sci,"Bates, N.R.",Bermuda
33H420220818,Atlantic Explorer,Ship,Bermuda Inst Ocean Sci,"Bates, N.R.",Bermuda
33H420220915,Atlantic Explorer,Ship,Bermuda Inst Ocean Sci,"Bates, N.R.",Bermuda
33H420220928,Atlantic Explorer,Ship,Bermuda Inst Ocean Sci,"Bates, N.R.",Bermuda
33H420221003,Atlantic Explorer,Ship,Bermuda Inst Ocean Sci,"Bates, N.R.",Bermuda
33H420221030,Atlantic Explorer,Ship,Bermuda Inst Ocean Sci,"Bates, N.R.",Bermuda
33H420221123,Atlantic Explorer,Ship,Bermuda Inst Ocean Sci,"Bates, N.R.",Bermuda
33H420221206,Atlantic Explorer,Ship,Bermuda Inst Ocean Sci,"Bates, N.R.",Bermuda
33H420221212,Atlantic Explorer,Ship,Bermuda Inst Ocean Sci,"Bates, N.R.",Bermuda
33H420221219,Atlantic Explorer,Ship,Bermuda Inst Ocean Sci,"Bates, N.R.",Bermuda
33H420230103,Atlantic Explorer,Ship,Bermuda Inst Ocean Sci,"Bates, N.R.",Bermuda
33H420230109,Atlantic Explorer,Ship,Bermuda Inst Ocean Sci,"Bates, N.R.",Bermuda
33H420230118,Atlantic Explorer,Ship,Bermuda Inst Ocean Sci,"Bates, N.R.",Bermuda
33H420230204,Atlantic Explorer,Ship,Bermuda Inst Ocean Sci,"Bates, N.R.",Bermuda
33H420230210,Atlantic Explorer,Ship,Bermuda Inst Ocean Sci,"Bates, N.R.",Bermuda
33H420230318,Atlantic Explorer,Ship,Bermuda Inst Ocean Sci,"Bates, N.R.",Bermuda
33H420230412,Atlantic Explorer,Ship,Bermuda Inst Ocean Sci,"Bates, N.R.",Bermuda
33H420230503,Atlantic Explorer,Ship,Bermuda Inst Ocean Sci,"Bates, N.R.",Bermuda
33H420230511,Atlantic Explorer,Ship,Bermuda Inst Ocean Sci,"Bates, N.R.",Bermuda
33H420230521,Atlantic Explorer,Ship,Bermuda Inst Ocean Sci,"Bates, N.R.",Bermuda
33H420230726,Atlantic Explorer,Ship,Bermuda Inst Ocean Sci,"Bates, N.R.",Bermuda
33H420230814,Atlantic Explorer,Ship,Bermuda Inst Ocean Sci,"Bates, N.R.",Bermuda
33H420230822,Atlantic Explorer,Ship,Bermuda Inst Ocean Sci,"Bates, N.R.",Bermuda
33H420230905,Atlantic Explorer,Ship,Bermuda Inst Ocean Sci,"Bates, N.R. : Enright M",Bermuda
33H420230917,Atlantic Explorer,Ship,Bermuda Inst Ocean Sci,"Bates, N.R. : Enright M",Bermuda
33H420231016,Atlantic Explorer,Ship,Bermuda Inst Ocean Sci,"Bates, N.R. : Enright M",Bermuda
33H420231031,Atlantic Explorer,Ship,Bermuda Inst Ocean Sci,"Bates, N.R. : Enright M",Bermuda
33H420231116,Atlantic Explorer,Ship,Bermuda Inst Ocean Sci,"Bates, N.R. : Enright M",Bermuda
33H420231128,Atlantic Explorer,Ship,Bermuda Inst Ocean Sci,"Bates, N.R. : Enright M",Bermuda
33H420231211,Atlantic Explorer,Ship,Bermuda Inst Ocean Sci,"Bates, N.R. : Enright M",Bermuda
33H420240115,Atlantic Explorer,Ship,Bermuda Inst Ocean Sci,"Bates, N.R. : Enright M",Bermuda
33H420240213,Atlantic Explorer,Ship,Bermuda Inst Ocean Sci,"Bates, N.R. : Enright M",Bermuda
33H420240227,Atlantic Explorer,Ship,Bermuda Inst Ocean Sci,"Bates, N.R. : Enright M",Bermuda
33H420240305,Atlantic Explorer,Ship,Bermuda Inst Ocean Sci,"Bates, N.R. : Enright M",Bermuda
33H420240310,Atlantic Explorer,Ship,Bermuda Inst Ocean Sci,"Bates, N.R. : Enright M",Bermuda
33H420240319,Atlantic Explorer,Ship,Bermuda Inst Ocean Sci,"Bates, N.R. : Enright M",Bermuda
33H420240325,Atlantic Explorer,Ship,Bermuda Inst Ocean Sci,"Bates, N.R. : Enright M",Bermuda
33H420240406,Atlantic Explorer,Ship,Bermuda Inst Ocean Sci,"Bates, N.R. : Enright M",Bermuda
33H420240415,Atlantic Explorer,Ship,Bermuda Inst Ocean Sci,"Bates, N.R. : Enright M",Bermuda
33H420240425,Atlantic Explorer,Ship,Bermuda Inst Ocean Sci,"Bates, N.R. : Enright M",Bermuda
33H420240502,Atlantic Explorer,Ship,Bermuda Inst Ocean Sci,"Bates, N.R. : Enright M",Bermuda
33H420240606,Atlantic Explorer,Ship,Bermuda Inst Ocean Sci,"Bates, N.R. : Enright M",Bermuda
33H420240624,Atlantic Explorer,Ship,Bermuda Inst Ocean Sci,"Bates, N.R. : Enright M",Bermuda
33H420240716,Atlantic Explorer,Ship,Bermuda Inst Ocean Sci,"Bates, N.R. : Enright M",Bermuda
33H420240731,Atlantic Explorer,Ship,Bermuda Inst Ocean Sci,"Bates, N.R. : Enright M",Bermuda
33H420240819,Atlantic Explorer,Ship,Bermuda Inst Ocean Sci,"Bates, N.R. : Enright M",Bermuda
33H420240830,Atlantic Explorer,Ship,Bermuda Inst Ocean Sci,"Bates, N.R. : Enright M",Bermuda
33H420240902,Atlantic Explorer,Ship,Bermuda Inst Ocean Sci,"Bates, N.R. : Enright M",Bermuda
33H420240911,Atlantic Explorer,Ship,Bermuda Inst Ocean Sci,"Bates, N.R. : Enright M",Bermuda
33H420240919,Atlantic Explorer,Ship,Bermuda Inst Ocean Sci,"Bates, N.R. : Enright M",Bermuda
33H420241007,Atlantic Explorer,Ship,Bermuda Inst Ocean Sci,"Bates, N.R. : Enright M",Bermuda
33H420241013,Atlantic Explorer,Ship,Bermuda Inst Ocean Sci,"Bates, N.R. : Enright M",Bermuda
33H420241025,Atlantic Explorer,Ship,Bermuda Inst Ocean Sci,"Bates, N.R. : Enright M",Bermuda
33H620140402,Savannah,Ship,Univ Delaware,"Cai, W.-J. : Reimer, J.J.",USA
33H620140515,Savannah,Ship,Univ Delaware,"Cai, W.-J. : Reimer, J.J.",USA
33H620140715,Savannah,Ship,Univ Delaware,"Cai, W.-J. : Reimer, J.J.",USA
33H620141103,Savannah,Ship,Univ Delaware,"Cai, W.-J. : Reimer, J.J.",USA
33H620141204,Savannah,Ship,Univ Delaware,"Cai, W.-J. : Reimer, J.J.",USA
33H620160417,Savannah,Ship,Univ Delaware,"Cai, W.-J. : Reimer, J.J.",USA
33HH20110301,Henry B. Bigelow,Ship,NOAA AOML,"Wanninkhof, R.",USA
33HH20110604,Henry B. Bigelow,Ship,NOAA AOML,"Wanninkhof, R.",USA
33HH20110805,Henry B. Bigelow,Ship,NOAA AOML,"Wanninkhof, R.",USA
33HH20110909,Henry B. Bigelow,Ship,NOAA AOML,"Wanninkhof, R.",USA
33HH20120227,Henry B. Bigelow,Ship,NOAA AOML,"Wanninkhof, R.",USA
33HH20120402,Henry B. Bigelow,Ship,NOAA AOML,"Wanninkhof, R.",USA
33HH20120531,Henry B. Bigelow,Ship,NOAA AOML,"Wanninkhof, R.",USA
33HH20120618,Henry B. Bigelow,Ship,NOAA AOML,"Wanninkhof, R.",USA
33HH20120706,Henry B. Bigelow,Ship,NOAA AOML,"Wanninkhof, R.",USA
33HH20120807,Henry B. Bigelow,Ship,NOAA AOML,"Wanninkhof, R.",USA
33HH20120907,Henry B. Bigelow,Ship,NOAA AOML,"Wanninkhof, R. : Pierrot, D.",USA
33HH20130314,Henry B. Bigelow,Ship,NOAA AOML,"Wanninkhof, R.",USA
33HH20130610,Henry B. Bigelow,Ship,NOAA AOML,"Wanninkhof, R.",USA
33HH20130701,Henry B. Bigelow,Ship,NOAA AOML,"Wanninkhof, R.",USA
33HH20130903,Henry B. Bigelow,Ship,NOAA AOML,"Wanninkhof, R.",USA
33HH20140329,Henry B. Bigelow,Ship,NOAA AOML,"Wanninkhof, R. : Pierrot, D.",USA
33HH20140411,Henry B. Bigelow,Ship,NOAA AOML,"Wanninkhof, R. : Pierrot, D.",USA
33HH20140506,Henry B. Bigelow,Ship,NOAA AOML,"Wanninkhof, R. : Pierrot, D.",USA
33HH20140516,Henry B. Bigelow,Ship,NOAA AOML,"Wanninkhof, R. : Pierrot, D.",USA
33HH20140527,Henry B. Bigelow,Ship,NOAA AOML,"Wanninkhof, R. : Pierrot, D.",USA
33HH20140618,Henry B. Bigelow,Ship,NOAA AOML,"Wanninkhof, R. : Pierrot, D.",USA
33HH20140725,Henry B. Bigelow,Ship,NOAA AOML,"Wanninkhof, R. : Pierrot, D.",USA
33HH20140805,Henry B. Bigelow,Ship,NOAA AOML,"Wanninkhof, R. : Pierrot, D.",USA
33HH20140908,Henry B. Bigelow,Ship,NOAA AOML,"Wanninkhof, R. : Pierrot, D.",USA
33HH20140923,Henry B. Bigelow,Ship,NOAA AOML,"Wanninkhof, R. : Pierrot, D.",USA
33HH20141007,Henry B. Bigelow,Ship,NOAA AOML,"Wanninkhof, R. : Pierrot, D.",USA
33HH20141028,Henry B. Bigelow,Ship,NOAA AOML,"Wanninkhof, R. : Pierrot, D.",USA
33HH20150312,Henry B. Bigelow,Ship,NOAA AOML,"Wanninkhof, R. : Pierrot, D.",USA
33HH20150323,Henry B. Bigelow,Ship,NOAA AOML,"Wanninkhof, R. : Pierrot, D.",USA
33HH20150407,Henry B. Bigelow,Ship,NOAA AOML,"Wanninkhof, R. : Pierrot, D.",USA
33HH20150427,Henry B. Bigelow,Ship,NOAA AOML,"Wanninkhof, R. : Pierrot, D.",USA
33HH20150519,Henry B. Bigelow,Ship,NOAA AOML,"Wanninkhof, R.",USA
33HH20150610,Henry B. Bigelow,Ship,NOAA AOML,"Wanninkhof, R.",USA
33HH20150624,Henry B. Bigelow,Ship,NOAA AOML,"Wanninkhof, R.",USA
33HH20150727,Henry B. Bigelow,Ship,NOAA AOML,"Wanninkhof, R.",USA
33HH20150812,Henry B. Bigelow,Ship,NOAA AOML,"Wanninkhof, R.",USA
33HH20150901,Henry B. Bigelow,Ship,NOAA AOML,"Wanninkhof, R.",USA
33HH20150923,Henry B. Bigelow,Ship,NOAA AOML,"Wanninkhof, R.",USA
33HH20151007,Henry B. Bigelow,Ship,NOAA AOML,"Wanninkhof, R.",USA
33HH20151027,Henry B. Bigelow,Ship,NOAA AOML,"Wanninkhof, R.",USA
33HH20151112,Henry B. Bigelow,Ship,NOAA AOML,"Wanninkhof, R.",USA
33HH20160408,Henry B. Bigelow,Ship,NOAA AOML,"Wanninkhof, R.",USA
33HH20160506,Henry B. Bigelow,Ship,NOAA AOML,"Wanninkhof, R.",USA
33HH20160517,Henry B. Bigelow,Ship,NOAA AOML,"Wanninkhof, R.",USA
33HH20160606,Henry B. Bigelow,Ship,NOAA AOML,"Wanninkhof, R.",USA
33HH20160627,Henry B. Bigelow,Ship,NOAA AOML,"Wanninkhof, R.",USA
33HH20160718,Henry B. Bigelow,Ship,NOAA AOML,"Wanninkhof, R.",USA
33HH20160810,Henry B. Bigelow,Ship,NOAA AOML,"Wanninkhof, R.",USA
33HH20160831,Henry B. Bigelow,Ship,NOAA AOML,"Wanninkhof, R.",USA
33HH20160908,Henry B. Bigelow,Ship,NOAA AOML,"Wanninkhof, R.",USA
33HH20160928,Henry B. Bigelow,Ship,NOAA AOML,"Wanninkhof, R.",USA
33HH20161011,Henry B. Bigelow,Ship,NOAA AOML,"Wanninkhof, R.",USA
33HH20161101,Henry B. Bigelow,Ship,NOAA AOML,"Wanninkhof, R.",USA
33HH20161116,Henry B. Bigelow,Ship,NOAA AOML,"Wanninkhof, R.",USA
33HH20170211,Henry B. Bigelow,Ship,NOAA AOML,"Wanninkhof, R. : Pierrot, D.",USA
33HH20170306,Henry B. Bigelow,Ship,NOAA AOML,"Wanninkhof, R. : Pierrot, D.",USA
33HH20170328,Henry B. Bigelow,Ship,NOAA AOML,"Wanninkhof, R. : Pierrot, D.",USA
33HH20170412,Henry B. Bigelow,Ship,NOAA AOML,"Wanninkhof, R. : Pierrot, D.",USA
33HH20170502,Henry B. Bigelow,Ship,NOAA AOML,"Wanninkhof, R. : Pierrot, D.",USA
33HH20170609,Henry B. Bigelow,Ship,NOAA AOML,"Wanninkhof, R. : Pierrot, D.",USA
33HH20170706,Henry B. Bigelow,Ship,NOAA AOML,"Wanninkhof, R. : Pierrot, D.",USA
33HH20180314,Henry B. Bigelow,Ship,NOAA AOML,"Wanninkhof, R. : Pierrot, D.",USA
33HH20180328,Henry B. Bigelow,Ship,NOAA AOML,"Wanninkhof, R. : Pierrot, D.",USA
33HH20180414,Henry B. Bigelow,Ship,NOAA AOML,"Wanninkhof, R. : Pierrot, D.",USA
33HH20180502,Henry B. Bigelow,Ship,NOAA AOML,"Wanninkhof, R. : Pierrot, D.",USA
33HH20180521,Henry B. Bigelow,Ship,NOAA AOML,"Wanninkhof, R. : Pierrot, D.",USA
33HH20180523,Henry B. Bigelow,Ship,NOAA AOML,"Wanninkhof, R. : Pierrot, D.",USA
33HH20180625,Henry B. Bigelow,Ship,NOAA AOML,"Wanninkhof, R. : Pierrot, D.",USA
33HH20180718,Henry B. Bigelow,Ship,NOAA AOML,"Wanninkhof, R. : Pierrot, D.",USA
33HH20180801,Henry B. Bigelow,Ship,NOAA AOML,"Wanninkhof, R. : Pierrot, D.",USA
33HH20180812,Henry B. Bigelow,Ship,NOAA AOML,"Wanninkhof, R. : Pierrot, D.",USA
33HH20180904,Henry B. Bigelow,Ship,NOAA AOML,"Wanninkhof, R. : Pierrot, D.",USA
33HH20180925,Henry B. Bigelow,Ship,NOAA AOML,"Wanninkhof, R. : Pierrot, D.",USA
33HH20181009,Henry B. Bigelow,Ship,NOAA AOML,"Wanninkhof, R. : Pierrot, D.",USA
33HH20181030,Henry B. Bigelow,Ship,NOAA AOML,"Wanninkhof, R. : Pierrot, D.",USA
33HH20190308,Henry B. Bigelow,Ship,NOAA AOML,"Wanninkhof, R. : Pierrot, D.",USA
33HH20190326,Henry B. Bigelow,Ship,NOAA AOML,"Wanninkhof, R. : Pierrot, D.",USA
33HH20190411,Henry B. Bigelow,Ship,NOAA AOML,"Wanninkhof, R. : Pierrot, D.",USA
33HH20190501,Henry B. Bigelow,Ship,NOAA AOML,"Wanninkhof, R. : Pierrot, D.",USA
33HH20190522,Henry B. Bigelow,Ship,NOAA AOML,"Wanninkhof, R. : Pierrot, D.",USA
33HH20190614,Henry B. Bigelow,Ship,NOAA AOML,"Wanninkhof, R. : Pierrot, D.",USA
33HH20190725,Henry B. Bigelow,Ship,NOAA AOML,"Wanninkhof, R. : Pierrot, D.",USA
33HH20190819,Henry B. Bigelow,Ship,NOAA AOML,"Wanninkhof, R. : Pierrot, D.",USA
33HH20190903,Henry B. Bigelow,Ship,NOAA AOML,"Wanninkhof, R. : Pierrot, D.",USA
33HH20190925,Henry B. Bigelow,Ship,NOAA AOML,"Wanninkhof, R. : Pierrot, D.",USA
33HH20191012,Henry B. Bigelow,Ship,NOAA AOML,"Wanninkhof, R. : Pierrot, D.",USA
33HH20191030,Henry B. Bigelow,Ship,NOAA AOML,"Wanninkhof, R. : Pierrot, D.",USA
33HH20200302,Henry B. Bigelow,Ship,NOAA AOML,"Wanninkhof, R. : Pierrot, D.",USA
33HH20201002,Henry B. Bigelow,Ship,NOAA AOML,"Wanninkhof, R. : Pierrot, D.",USA
33HH20201008,Henry B. Bigelow,Ship,NOAA AOML,"Wanninkhof, R. : Pierrot, D.",USA
33HH20201027,Henry B. Bigelow,Ship,NOAA AOML,"Wanninkhof, R. : Pierrot, D.",USA
33HH20210312,Henry B. Bigelow,Ship,NOAA AOML,"Wanninkhof, R. : Pierrot, D.",USA
33HH20210410,Henry B. Bigelow,Ship,NOAA AOML,"Wanninkhof, R. : Pierrot, D.",USA
33HH20210512,Henry B. Bigelow,Ship,NOAA AOML,"Wanninkhof, R. : Pierrot, D.",USA
33HH20210616,Henry B. Bigelow,Ship,NOAA AOML,"Wanninkhof, R. : Pierrot, D.",USA
33HH20210728,Henry B. Bigelow,Ship,NOAA AOML,"Wanninkhof, R. : Pierrot, D.",USA
33HH20210909,Henry B. Bigelow,Ship,NOAA AOML,"Wanninkhof, R. : Pierrot, D.",USA
33HH20211013,Henry B. Bigelow,Ship,NOAA AOML,"Wanninkhof, R. : Pierrot, D.",USA
33HH20211103,Henry B. Bigelow,Ship,NOAA AOML,"Wanninkhof, R. : Pierrot, D.",USA
33HH20220209,Henry B. Bigelow,Ship,NOAA AOML,"Wanninkhof, R. : Pierrot, D.",USA
33HH20220301,Henry B. Bigelow,Ship,NOAA AOML,"Wanninkhof, R. : Pierrot, D.",USA
33HH20220330,Henry B. Bigelow,Ship,NOAA AOML,"Wanninkhof, R. : Pierrot, D.",USA
33HH20220413,Henry B. Bigelow,Ship,NOAA AOML,"Wanninkhof, R. : Pierrot, D.",USA
33HH20220503,Henry B. Bigelow,Ship,NOAA AOML,"Wanninkhof, R. : Pierrot, D.",USA
33HH20220524,Henry B. Bigelow,Ship,NOAA AOML,"Wanninkhof, R. : Pierrot, D.",USA
33HH20220531,Henry B. Bigelow,Ship,NOAA AOML,"Wanninkhof, R. : Pierrot, D.",USA
33HH20220804,Henry B. Bigelow,Ship,NOAA AOML,"Wanninkhof, R. : Pierrot, D.",USA
33HH20220907,Henry B. Bigelow,Ship,NOAA AOML,"Wanninkhof, R. : Pierrot, D.",USA
33HH20221007,Henry B. Bigelow,Ship,NOAA AOML,"Wanninkhof, R. : Pierrot, D.",USA
33HH20221022,Henry B. Bigelow,Ship,NOAA AOML,"Wanninkhof, R. : Pierrot, D.",USA
33HH20221101,Henry B. Bigelow,Ship,NOAA AOML,"Wanninkhof, R. : Pierrot, D.",USA
33HH20230426,Henry B. Bigelow,Ship,NOAA AOML,"Wanninkhof, R. : Pierrot, D.",USA
33HH20230508,Henry B. Bigelow,Ship,NOAA AOML,"Wanninkhof, R. : Pierrot, D.",USA
33HH20230609,Henry B. Bigelow,Ship,NOAA AOML,"Wanninkhof, R. : Pierrot, D.",USA
33HH20230719,Henry B. Bigelow,Ship,NOAA AOML,"Wanninkhof, R. : Pierrot, D.",USA
33HH20230808,Henry B. Bigelow,Ship,NOAA AOML,"Wanninkhof, R. : Pierrot, D.",USA
33HH20230907,Henry B. Bigelow,Ship,NOAA AOML,"Wanninkhof, R. : Pierrot, D.",USA
33HH20231005,Henry B. Bigelow,Ship,NOAA AOML,"Wanninkhof, R. : Pierrot, D.",USA
33HH20231030,Henry B. Bigelow,Ship,NOAA AOML,"Wanninkhof, R. : Pierrot, D.",USA
33HH20240216,Henry B. Bigelow,Ship,NOAA AOML,"Wanninkhof, R. : Pierrot, D.",USA
33HH20240304,Henry B. Bigelow,Ship,NOAA AOML,"Wanninkhof, R. : Pierrot, D.",USA
33HH20240401,Henry B. Bigelow,Ship,NOAA AOML,"Wanninkhof, R. : Pierrot, D.",USA
33HH20240425,Henry B. Bigelow,Ship,NOAA AOML,"Wanninkhof, R. : Pierrot, D.",USA
33HH20240525,Henry B. Bigelow,Ship,NOAA AOML,"Wanninkhof, R. : Pierrot, D.",USA
33HH20240624,Henry B. Bigelow,Ship,NOAA AOML,"Wanninkhof, R. : Pierrot, D.",USA
33HH20240812,Henry B. Bigelow,Ship,NOAA AOML,"Wanninkhof, R. : Pierrot, D.",USA
33HH20240906,Henry B. Bigelow,Ship,NOAA AOML,"Wanninkhof, R. : Pierrot, D.",USA
33HH20241002,Henry B. Bigelow,Ship,NOAA AOML,"Wanninkhof, R. : Pierrot, D.",USA
33HH20241028,Henry B. Bigelow,Ship,NOAA AOML,"Wanninkhof, R. : Pierrot, D.",USA
33HQ20110517,Healy,Ship,LDEO Columbia Univ : NOAA ESRL CIRES,"Takahashi, T. : Sweeney, C. : Sutherland, S.C.",USA
33HQ20110614,Healy,Ship,LDEO Columbia Univ : NOAA ESRL CIRES,"Takahashi, T. : Sweeney, C. : Sutherland, S.C.",USA
33HQ20110817,Healy,Ship,LDEO Columbia Univ : NOAA ESRL CIRES,"Takahashi, T. : Sweeney, C. : Sutherland, S.C.",USA
33HQ20111003,Healy,Ship,LDEO Columbia Univ : NOAA ESRL CIRES,"Takahashi, T. : Sweeney, C. : Sutherland, S.C.",USA
33HQ20111107,Healy,Ship,LDEO Columbia Univ : NOAA ESRL CIRES,"Takahashi, T. : Sweeney, C. : Sutherland, S.C.",USA
33HQ20120801,Healy,Ship,LDEO Columbia Univ : NOAA ESRL CIRES,"Takahashi, T. : Sweeney, C. : Sutherland, S.C.",USA
33HQ20120814,Healy,Ship,LDEO Columbia Univ : NOAA ESRL CIRES,"Takahashi, T. : Sweeney, C. : Sutherland, S.C.",USA
33HQ20121007,Healy,Ship,LDEO Columbia Univ : NOAA ESRL CIRES,"Takahashi, T. : Sweeney, C. : Sutherland, S.C.",USA
33HQ20130806,Healy,Ship,LDEO Columbia Univ : NOAA ESRL CIRES,"Takahashi, T. : Sweeney, C. : Sutherland, S.C.",USA
33HQ20131006,Healy,Ship,LDEO Columbia Univ : NOAA ESRL CIRES,"Takahashi, T. : Sweeney, C. : Sutherland, S.C.",USA
33HQ20140505,Healy,Ship,LDEO Columbia Univ : NOAA ESRL CIRES,"Takahashi, T. : Sweeney, C. : Sutherland, S.C.",USA
33HQ20140709,Healy,Ship,LDEO Columbia Univ : NOAA ESRL CIRES,"Takahashi, T. : Sweeney, C. : Sutherland, S.C.",USA
33HQ20140810,Healy,Ship,LDEO Columbia Univ : NOAA ESRL CIRES,"Takahashi, T. : Sweeney, C. : Sutherland, S.C.",USA
33HQ20150714,Healy,Ship,LDEO Columbia Univ : NOAA ESRL CIRES,"Takahashi, T. : Sweeney, C. : Sutherland, S.C.",USA
33HQ20150809,Healy,Ship,LDEO Columbia Univ : NOAA ESRL CIRES,"Takahashi, T. : Sweeney, C. : Sutherland, S.C.",USA
33HQ20151026,Healy,Ship,LDEO Columbia Univ : NOAA ESRL CIRES,"Takahashi, T. : Sweeney, C. : Sutherland, S.C.",USA
33HQ20160630,Healy,Ship,LDEO Columbia Univ : NOAA ESRL CIRES,"Takahashi, T. : Sutherland, S.C. : Sweeney, C.",USA
33HQ20170721,Healy,Ship,LDEO Columbia Univ : NOAA ESRL CIRES,"Takahashi, T. : Sutherland, S.C. : Sweeney, C.",USA
33HQ20170826,Healy,Ship,LDEO Columbia Univ : NOAA ESRL CIRES,"Takahashi, T. : Sutherland, S.C. : Sweeney, C.",USA
33HQ20170919,Healy,Ship,LDEO Columbia Univ : NOAA ESRL CIRES,"Takahashi, T. : Sutherland, S.C. : Sweeney, C.",USA
33HQ20171019,Healy,Ship,LDEO Columbia Univ : NOAA ESRL CIRES,"Takahashi, T. : Sutherland, S.C. : Sweeney, C.",USA
33HQ20180621,Healy,Ship,LDEO Columbia Univ : NOAA ESRL CIRES : IAAR Univ Colorado,"Takahashi, T. : Sweeney, C. : Newberger, T. : Sutherland, S.C. : Munro, D.R.",USA
33HQ20180725,Healy,Ship,LDEO Columbia Univ : NOAA ESRL CIRES : IAAR Univ Colorado,"Takahashi, T. : Sweeney, C. : Newberger, T. : Sutherland, S.C. : Munro, D.R.",USA
33HQ20180908,Healy,Ship,LDEO Columbia Univ : NOAA ESRL CIRES : IAAR Univ Colorado,"Takahashi, T. : Sweeney, C. : Newberger, T. : Sutherland, S.C. : Munro, D.R.",USA
33HQ20190725,Healy,Ship,LDEO Columbia Univ : NOAA ESRL CIRES : IAAR Univ Colorado,"Takahashi, T. : Sweeney, C. : Newberger, T. : Sutherland, S.C. : Munro, D.R.",USA
33HQ20190905,Healy,Ship,LDEO Columbia Univ : NOAA ESRL CIRES : IAAR Univ Colorado,"Takahashi, T. : Sweeney, C. : Newberger, T. : Sutherland, S.C. : Munro, D.R.",USA
33HQ20200707,Healy,Ship,NOAA ESRL CIRES : LDEO Columbia Univ : IAAR Univ Colorado,"Sweeney, C. : Newberger, T. : Sutherland, S.C. : Munro, D.R.",USA
33HQ20200712,Healy,Ship,NOAA ESRL CIRES : LDEO Columbia Univ : IAAR Univ Colorado,"Sweeney, C. : Newberger, T. : Sutherland, S.C. : Munro, D.R.",USA
33HQ20200721,Healy,Ship,NOAA ESRL CIRES : LDEO Columbia Univ : IAAR Univ Colorado,"Sweeney, C. : Newberger, T. : Sutherland, S.C. : Munro, D.R.",USA
33HQ20200819,Healy,Ship,NOAA ESRL CIRES : LDEO Columbia Univ : IAAR Univ Colorado,"Sweeney, C. : Newberger, T. : Sutherland, S.C. : Munro, D.R.",USA
33HQ20210715,Healy,Ship,NOAA ESRL CIRES : LDEO Columbia Univ : IAAR Univ Colorado,"Sweeney, C. : Newberger, T. : Sutherland, S.C. : Munro, D.R.",USA
33HQ20210723,Healy,Ship,NOAA ESRL CIRES : LDEO Columbia Univ : IAAR Univ Colorado,"Sweeney, C. : Newberger, T. : Sutherland, S.C. : Munro, D.R.",USA
33HQ20210826,Healy,Ship,NOAA ESRL CIRES : LDEO Columbia Univ : IAAR Univ Colorado,"Sweeney, C. : Newberger, T. : Sutherland, S.C. : Munro, D.R.",USA
33HQ20211012,Healy,Ship,NOAA ESRL CIRES : LDEO Columbia Univ : IAAR Univ Colorado,"Sweeney, C. : Newberger, T. : Sutherland, S.C. : Munro, D.R.",USA
33HQ20211017,Healy,Ship,NOAA ESRL CIRES : LDEO Columbia Univ : IAAR Univ Colorado,"Sweeney, C. : Newberger, T. : Sutherland, S.C. : Munro, D.R.",USA
33HQ20220520,Healy,Ship,NOAA ESRL CIRES : LDEO Columbia Univ : IAAR Univ Colorado,"Sweeney, C. : Newberger, T. : Sutherland, S.C. : Munro, D.R.",USA
33HQ20220604,Healy,Ship,NOAA ESRL CIRES : LDEO Columbia Univ : IAAR Univ Colorado,"Sweeney, C. : Newberger, T. : Sutherland, S.C. : Munro, D.R.",USA
33HQ20220712,Healy,Ship,NOAA ESRL CIRES : LDEO Columbia Univ : IAAR Univ Colorado,"Sweeney, C. : Newberger, T. : Sutherland, S.C. : Munro, D.R.",USA
33HQ20220728,Healy,Ship,NOAA ESRL CIRES : LDEO Columbia Univ : IAAR Univ Colorado,"Sweeney, C. : Newberger, T. : Sutherland, S.C. : Munro, D.R.",USA
33HQ20220914,Healy,Ship,NOAA ESRL CIRES : LDEO Columbia Univ : IAAR Univ Colorado,"Sweeney, C. : Newberger, T. : Sutherland, S.C. : Munro, D.R.",USA
33HQ20221028,Healy,Ship,NOAA ESRL CIRES : LDEO Columbia Univ : IAAR Univ Colorado,"Sweeney, C. : Newberger, T. : Sutherland, S.C. : Munro, D.R.",USA
33HQ20221108,Healy,Ship,NOAA ESRL CIRES : LDEO Columbia Univ : IAAR Univ Colorado,"Sweeney, C. : Newberger, T. : Sutherland, S.C. : Munro, D.R.",USA
33HQ20230713,Healy,Ship,NOAA ESRL CIRES : IAAR Univ Colorado,"Sweeney, C. : Newberger, T. : McAuliffe A.M. : Munro, D.R.",USA
33HQ20230722,Healy,Ship,NOAA ESRL CIRES : IAAR Univ Colorado,"Sweeney, C. : Newberger, T. : McAuliffe A.M. : Munro, D.R.",USA
33HQ20230827,Healy,Ship,NOAA ESRL CIRES : IAAR Univ Colorado,"Sweeney, C. : Newberger, T. : McAuliffe A.M. : Munro, D.R.",USA
33HQ20231024,Healy,Ship,NOAA ESRL CIRES : IAAR Univ Colorado,"Sweeney, C. : Newberger, T. : McAuliffe A.M. : Munro, D.R.",USA
33HQ20240704,Healy,Ship,NOAA ESRL CIRES : IAAR Univ Colorado,"Sweeney, C. : Newberger, T. : McAuliffe A.M. : Munro, D.R.",USA
33HQ20240808,Healy,Ship,NOAA ESRL CIRES : IAAR Univ Colorado,"Sweeney, C. : Newberger, T. : McAuliffe A.M. : Munro, D.R.",USA
33KF20020302,Explorer of the Seas,Ship,NOAA AOML,"Wanninkhof, R.",USA
33KF20020310,Explorer of the Seas,Ship,NOAA AOML,"Wanninkhof, R.",USA
33KF20020330,Explorer of the Seas,Ship,NOAA AOML,"Wanninkhof, R.",USA
33KF20020413,Explorer of the Seas,Ship,NOAA AOML,"Wanninkhof, R.",USA
33KF20020420,Explorer of the Seas,Ship,NOAA AOML,"Wanninkhof, R.",USA
33KF20020525,Explorer of the Seas,Ship,NOAA AOML,"Wanninkhof, R.",USA
33KF20020601,Explorer of the Seas,Ship,NOAA AOML,"Wanninkhof, R.",USA
33KF20020608,Explorer of the Seas,Ship,NOAA AOML,"Wanninkhof, R.",USA
33KF20020615,Explorer of the Seas,Ship,NOAA AOML,"Wanninkhof, R.",USA
33KF20020629,Explorer of the Seas,Ship,NOAA AOML,"Wanninkhof, R.",USA
33KF20020706,Explorer of the Seas,Ship,NOAA AOML,"Wanninkhof, R.",USA
33KF20020713,Explorer of the Seas,Ship,NOAA AOML,"Wanninkhof, R.",USA
33KF20020720,Explorer of the Seas,Ship,NOAA AOML,"Wanninkhof, R.",USA
33KF20020727,Explorer of the Seas,Ship,NOAA AOML,"Wanninkhof, R.",USA
33KF20020803,Explorer of the Seas,Ship,NOAA AOML,"Wanninkhof, R.",USA
33KF20020824,Explorer of the Seas,Ship,NOAA AOML,"Wanninkhof, R.",USA
33KF20020908,Explorer of the Seas,Ship,NOAA AOML,"Wanninkhof, R.",USA
33KF20020914,Explorer of the Seas,Ship,NOAA AOML,"Wanninkhof, R.",USA
33KF20020921,Explorer of the Seas,Ship,NOAA AOML,"Wanninkhof, R.",USA
33KF20020928,Explorer of the Seas,Ship,NOAA AOML,"Wanninkhof, R.",USA
33KF20021005,Explorer of the Seas,Ship,NOAA AOML,"Wanninkhof, R.",USA
33KF20021014,Explorer of the Seas,Ship,NOAA AOML,"Wanninkhof, R.",USA
33KF20021020,Explorer of the Seas,Ship,NOAA AOML,"Wanninkhof, R.",USA
33KF20021026,Explorer of the Seas,Ship,NOAA AOML,"Wanninkhof, R.",USA
33KF20021109,Explorer of the Seas,Ship,NOAA AOML,"Wanninkhof, R.",USA
33KF20021116,Explorer of the Seas,Ship,NOAA AOML,"Wanninkhof, R.",USA
33KF20021123,Explorer of the Seas,Ship,NOAA AOML,"Wanninkhof, R.",USA
33KF20021130,Explorer of the Seas,Ship,NOAA AOML,"Wanninkhof, R.",USA
33KF20021207,Explorer of the Seas,Ship,NOAA AOML,"Wanninkhof, R.",USA
33KF20021222,Explorer of the Seas,Ship,NOAA AOML,"Wanninkhof, R.",USA
33KF20030209,Explorer of the Seas,Ship,NOAA AOML,"Wanninkhof, R.",USA
33KF20030215,Explorer of the Seas,Ship,NOAA AOML,"Wanninkhof, R.",USA
33KF20030223,Explorer of the Seas,Ship,NOAA AOML,"Wanninkhof, R.",USA
33KF20030302,Explorer of the Seas,Ship,NOAA AOML,"Wanninkhof, R.",USA
33KF20030309,Explorer of the Seas,Ship,NOAA AOML,"Wanninkhof, R.",USA
33KF20030316,Explorer of the Seas,Ship,NOAA AOML,"Wanninkhof, R.",USA
33KF20030323,Explorer of the Seas,Ship,NOAA AOML,"Wanninkhof, R.",USA
33KF20030330,Explorer of the Seas,Ship,NOAA AOML,"Wanninkhof, R.",USA
33KF20030406,Explorer of the Seas,Ship,NOAA AOML,"Wanninkhof, R.",USA
33KF20030412,Explorer of the Seas,Ship,NOAA AOML,"Wanninkhof, R.",USA
33KF20030419,Explorer of the Seas,Ship,NOAA AOML,"Wanninkhof, R.",USA
33KF20030518,Explorer of the Seas,Ship,NOAA AOML,"Wanninkhof, R.",USA
33KF20030524,Explorer of the Seas,Ship,NOAA AOML,"Wanninkhof, R.",USA
33KF20030601,Explorer of the Seas,Ship,NOAA AOML,"Wanninkhof, R.",USA
33KF20030615,Explorer of the Seas,Ship,NOAA AOML,"Wanninkhof, R.",USA
33KF20030621,Explorer of the Seas,Ship,NOAA AOML,"Wanninkhof, R.",USA
33KF20030628,Explorer of the Seas,Ship,NOAA AOML,"Wanninkhof, R.",USA
33KF20030706,Explorer of the Seas,Ship,NOAA AOML,"Wanninkhof, R.",USA
33KF20030713,Explorer of the Seas,Ship,NOAA AOML,"Wanninkhof, R.",USA
33KF20030720,Explorer of the Seas,Ship,NOAA AOML,"Wanninkhof, R.",USA
33KF20030726,Explorer of the Seas,Ship,NOAA AOML,"Wanninkhof, R.",USA
33KF20030802,Explorer of the Seas,Ship,NOAA AOML,"Wanninkhof, R.",USA
33KF20030809,Explorer of the Seas,Ship,NOAA AOML,"Wanninkhof, R.",USA
33KF20030816,Explorer of the Seas,Ship,NOAA AOML,"Wanninkhof, R.",USA
33KF20030824,Explorer of the Seas,Ship,NOAA AOML,"Wanninkhof, R.",USA
33KF20030831,Explorer of the Seas,Ship,NOAA AOML,"Wanninkhof, R.",USA
33KF20030906,Explorer of the Seas,Ship,NOAA AOML,"Wanninkhof, R.",USA
33KF20030913,Explorer of the Seas,Ship,NOAA AOML,"Wanninkhof, R.",USA
33KF20030920,Explorer of the Seas,Ship,NOAA AOML,"Wanninkhof, R.",USA
33KF20030927,Explorer of the Seas,Ship,NOAA AOML,"Wanninkhof, R.",USA
33KF20031005,Explorer of the Seas,Ship,NOAA AOML,"Wanninkhof, R.",USA
33KF20031011,Explorer of the Seas,Ship,NOAA AOML,"Wanninkhof, R.",USA
33KF20031018,Explorer of the Seas,Ship,NOAA AOML,"Wanninkhof, R.",USA
33KF20031101,Explorer of the Seas,Ship,NOAA AOML,"Wanninkhof, R.",USA
33KF20031109,Explorer of the Seas,Ship,NOAA AOML,"Wanninkhof, R.",USA
33KF20031123,Explorer of the Seas,Ship,NOAA AOML,"Wanninkhof, R.",USA
33KF20031130,Explorer of the Seas,Ship,NOAA AOML,"Wanninkhof, R.",USA
33KF20031214,Explorer of the Seas,Ship,NOAA AOML,"Wanninkhof, R.",USA
33KF20031221,Explorer of the Seas,Ship,NOAA AOML,"Wanninkhof, R.",USA
33KF20031228,Explorer of the Seas,Ship,NOAA AOML,"Wanninkhof, R.",USA
33KF20040104,Explorer of the Seas,Ship,NOAA AOML,"Wanninkhof, R.",USA
33KF20040111,Explorer of the Seas,Ship,NOAA AOML,"Wanninkhof, R.",USA
33KF20040118,Explorer of the Seas,Ship,NOAA AOML,"Wanninkhof, R.",USA
33KF20040125,Explorer of the Seas,Ship,NOAA AOML,"Wanninkhof, R.",USA
33KF20040201,Explorer of the Seas,Ship,NOAA AOML,"Wanninkhof, R.",USA
33KF20040208,Explorer of the Seas,Ship,NOAA AOML,"Wanninkhof, R.",USA
33KF20040215,Explorer of the Seas,Ship,NOAA AOML,"Wanninkhof, R.",USA
33KF20040222,Explorer of the Seas,Ship,NOAA AOML,"Wanninkhof, R.",USA
33KF20040303,Explorer of the Seas,Ship,NOAA AOML,"Wanninkhof, R.",USA
33KF20040314,Explorer of the Seas,Ship,NOAA AOML,"Wanninkhof, R.",USA
33KF20040321,Explorer of the Seas,Ship,NOAA AOML,"Wanninkhof, R.",USA
33KF20040328,Explorer of the Seas,Ship,NOAA AOML,"Wanninkhof, R.",USA
33KF20040404,Explorer of the Seas,Ship,NOAA AOML,"Wanninkhof, R.",USA
33KF20040410,Explorer of the Seas,Ship,NOAA AOML,"Wanninkhof, R.",USA
33KF20040417,Explorer of the Seas,Ship,NOAA AOML,"Wanninkhof, R.",USA
33KF20040424,Explorer of the Seas,Ship,NOAA AOML,"Wanninkhof, R.",USA
33KF20040501,Explorer of the Seas,Ship,NOAA AOML,"Wanninkhof, R.",USA
33KF20040512,Explorer of the Seas,Ship,NOAA AOML,"Wanninkhof, R.",USA
33KF20040517,Explorer of the Seas,Ship,NOAA AOML,"Wanninkhof, R.",USA
33KF20040523,Explorer of the Seas,Ship,NOAA AOML,"Wanninkhof, R.",USA
33KF20040530,Explorer of the Seas,Ship,NOAA AOML,"Wanninkhof, R.",USA
33KF20040607,Explorer of the Seas,Ship,NOAA AOML,"Wanninkhof, R.",USA
33KF20040613,Explorer of the Seas,Ship,NOAA AOML,"Wanninkhof, R.",USA
33KF20040620,Explorer of the Seas,Ship,NOAA AOML,"Wanninkhof, R.",USA
33KF20040627,Explorer of the Seas,Ship,NOAA AOML,"Wanninkhof, R.",USA
33KF20040705,Explorer of the Seas,Ship,NOAA AOML,"Wanninkhof, R.",USA
33KF20040712,Explorer of the Seas,Ship,NOAA AOML,"Wanninkhof, R.",USA
33KF20040718,Explorer of the Seas,Ship,NOAA AOML,"Wanninkhof, R.",USA
33KF20040725,Explorer of the Seas,Ship,NOAA AOML,"Wanninkhof, R.",USA
33KF20040801,Explorer of the Seas,Ship,NOAA AOML,"Wanninkhof, R.",USA
33KF20040809,Explorer of the Seas,Ship,NOAA AOML,"Wanninkhof, R.",USA
33KF20040815,Explorer of the Seas,Ship,NOAA AOML,"Wanninkhof, R.",USA
33KF20040823,Explorer of the Seas,Ship,NOAA AOML,"Wanninkhof, R.",USA
33KF20040830,Explorer of the Seas,Ship,NOAA AOML,"Wanninkhof, R.",USA
33KF20040907,Explorer of the Seas,Ship,NOAA AOML,"Wanninkhof, R.",USA
33KF20040912,Explorer of the Seas,Ship,NOAA AOML,"Wanninkhof, R.",USA
33KF20040919,Explorer of the Seas,Ship,NOAA AOML,"Wanninkhof, R.",USA
33KF20041004,Explorer of the Seas,Ship,NOAA AOML,"Wanninkhof, R.",USA
33KF20041010,Explorer of the Seas,Ship,NOAA AOML,"Wanninkhof, R.",USA
33KF20041017,Explorer of the Seas,Ship,NOAA AOML,"Wanninkhof, R.",USA
33KF20041024,Explorer of the Seas,Ship,NOAA AOML,"Wanninkhof, R.",USA
33KF20041031,Explorer of the Seas,Ship,NOAA AOML,"Wanninkhof, R.",USA
33KF20041107,Explorer of the Seas,Ship,NOAA AOML,"Wanninkhof, R.",USA
33KF20041115,Explorer of the Seas,Ship,NOAA AOML,"Wanninkhof, R.",USA
33KF20041122,Explorer of the Seas,Ship,NOAA AOML,"Wanninkhof, R.",USA
33KF20041202,Explorer of the Seas,Ship,NOAA AOML,"Wanninkhof, R.",USA
33KF20041206,Explorer of the Seas,Ship,NOAA AOML,"Wanninkhof, R.",USA
33KF20041215,Explorer of the Seas,Ship,NOAA AOML,"Wanninkhof, R.",USA
33KF20041220,Explorer of the Seas,Ship,NOAA AOML,"Wanninkhof, R.",USA
33KF20041227,Explorer of the Seas,Ship,NOAA AOML,"Wanninkhof, R.",USA
33KF20050103,Explorer of the Seas,Ship,NOAA AOML,"Wanninkhof, R.",USA
33KF20050117,Explorer of the Seas,Ship,NOAA AOML,"Wanninkhof, R.",USA
33KF20050124,Explorer of the Seas,Ship,NOAA AOML,"Wanninkhof, R.",USA
33KF20050207,Explorer of the Seas,Ship,NOAA AOML,"Wanninkhof, R.",USA
33KF20050214,Explorer of the Seas,Ship,NOAA AOML,"Wanninkhof, R.",USA
33KF20050221,Explorer of the Seas,Ship,NOAA AOML,"Wanninkhof, R.",USA
33KF20050228,Explorer of the Seas,Ship,NOAA AOML,"Wanninkhof, R.",USA
33KF20050307,Explorer of the Seas,Ship,NOAA AOML,"Wanninkhof, R.",USA
33KF20050314,Explorer of the Seas,Ship,NOAA AOML,"Wanninkhof, R.",USA
33KF20050321,Explorer of the Seas,Ship,NOAA AOML,"Wanninkhof, R.",USA
33KF20050328,Explorer of the Seas,Ship,NOAA AOML,"Wanninkhof, R.",USA
33KF20050404,Explorer of the Seas,Ship,NOAA AOML,"Wanninkhof, R.",USA
33KF20050410,Explorer of the Seas,Ship,NOAA AOML,"Wanninkhof, R.",USA
33KF20050418,Explorer of the Seas,Ship,NOAA AOML,"Wanninkhof, R.",USA
33KF20050424,Explorer of the Seas,Ship,NOAA AOML,"Wanninkhof, R.",USA
33KF20050508,Explorer of the Seas,Ship,NOAA AOML,"Wanninkhof, R.",USA
33KF20050516,Explorer of the Seas,Ship,NOAA AOML,"Wanninkhof, R.",USA
33KF20050529,Explorer of the Seas,Ship,NOAA AOML,"Wanninkhof, R.",USA
33KF20050605,Explorer of the Seas,Ship,NOAA AOML,"Wanninkhof, R.",USA
33KF20050613,Explorer of the Seas,Ship,NOAA AOML,"Wanninkhof, R.",USA
33KF20050620,Explorer of the Seas,Ship,NOAA AOML,"Wanninkhof, R.",USA
33KF20050626,Explorer of the Seas,Ship,NOAA AOML,"Wanninkhof, R.",USA
33KF20050703,Explorer of the Seas,Ship,NOAA AOML,"Wanninkhof, R.",USA
33KF20050710,Explorer of the Seas,Ship,NOAA AOML,"Wanninkhof, R.",USA
33KF20050724,Explorer of the Seas,Ship,NOAA AOML,"Wanninkhof, R.",USA
33KF20050731,Explorer of the Seas,Ship,NOAA AOML,"Wanninkhof, R.",USA
33KF20050808,Explorer of the Seas,Ship,NOAA AOML,"Wanninkhof, R.",USA
33KF20050815,Explorer of the Seas,Ship,NOAA AOML,"Wanninkhof, R.",USA
33KF20050821,Explorer of the Seas,Ship,NOAA AOML,"Wanninkhof, R.",USA
33KF20050828,Explorer of the Seas,Ship,NOAA AOML,"Wanninkhof, R.",USA
33KF20050905,Explorer of the Seas,Ship,NOAA AOML,"Wanninkhof, R.",USA
33KF20050912,Explorer of the Seas,Ship,NOAA AOML,"Wanninkhof, R.",USA
33KF20050918,Explorer of the Seas,Ship,NOAA AOML,"Wanninkhof, R.",USA
33KF20051003,Explorer of the Seas,Ship,NOAA AOML,"Wanninkhof, R.",USA
33KF20051009,Explorer of the Seas,Ship,NOAA AOML,"Wanninkhof, R.",USA
33KF20051016,Explorer of the Seas,Ship,NOAA AOML,"Wanninkhof, R.",USA
33KF20051023,Explorer of the Seas,Ship,NOAA AOML,"Wanninkhof, R.",USA
33KF20051031,Explorer of the Seas,Ship,NOAA AOML,"Wanninkhof, R.",USA
33KF20051107,Explorer of the Seas,Ship,NOAA AOML,"Wanninkhof, R.",USA
33KF20051114,Explorer of the Seas,Ship,NOAA AOML,"Wanninkhof, R.",USA
33KF20051120,Explorer of the Seas,Ship,NOAA AOML,"Wanninkhof, R.",USA
33KF20051128,Explorer of the Seas,Ship,NOAA AOML,"Wanninkhof, R.",USA
33KF20051205,Explorer of the Seas,Ship,NOAA AOML,"Wanninkhof, R.",USA
33KF20051212,Explorer of the Seas,Ship,NOAA AOML,"Wanninkhof, R.",USA
33KF20060116,Explorer of the Seas,Ship,NOAA AOML,"Wanninkhof, R.",USA
33KF20060122,Explorer of the Seas,Ship,NOAA AOML,"Wanninkhof, R.",USA
33KF20060129,Explorer of the Seas,Ship,NOAA AOML,"Wanninkhof, R.",USA
33KF20060206,Explorer of the Seas,Ship,NOAA AOML,"Wanninkhof, R.",USA
33KF20060213,Explorer of the Seas,Ship,NOAA AOML,"Wanninkhof, R.",USA
33KF20060219,Explorer of the Seas,Ship,NOAA AOML,"Wanninkhof, R.",USA
33KF20060227,Explorer of the Seas,Ship,NOAA AOML,"Wanninkhof, R.",USA
33KF20060306,Explorer of the Seas,Ship,NOAA AOML,"Wanninkhof, R.",USA
33KF20060313,Explorer of the Seas,Ship,NOAA AOML,"Wanninkhof, R.",USA
33KF20060319,Explorer of the Seas,Ship,NOAA AOML,"Wanninkhof, R.",USA
33KF20060327,Explorer of the Seas,Ship,NOAA AOML,"Wanninkhof, R.",USA
33KF20060403,Explorer of the Seas,Ship,NOAA AOML,"Wanninkhof, R.",USA
33KF20060409,Explorer of the Seas,Ship,NOAA AOML,"Wanninkhof, R.",USA
33KF20060416,Explorer of the Seas,Ship,NOAA AOML,"Wanninkhof, R.",USA
33KF20060423,Explorer of the Seas,Ship,NOAA AOML,"Wanninkhof, R.",USA
33KF20060501,Explorer of the Seas,Ship,NOAA AOML,"Wanninkhof, R.",USA
33KF20060508,Explorer of the Seas,Ship,NOAA AOML,"Wanninkhof, R.",USA
33KF20060512,Explorer of the Seas,Ship,NOAA AOML,"Wanninkhof, R.",USA
33KF20060520,Explorer of the Seas,Ship,NOAA AOML,"Wanninkhof, R.",USA
33KF20060529,Explorer of the Seas,Ship,NOAA AOML,"Wanninkhof, R.",USA
33KF20060603,Explorer of the Seas,Ship,NOAA AOML,"Wanninkhof, R.",USA
33KF20060611,Explorer of the Seas,Ship,NOAA AOML,"Wanninkhof, R.",USA
33KF20060617,Explorer of the Seas,Ship,NOAA AOML,"Wanninkhof, R.",USA
33KF20060625,Explorer of the Seas,Ship,NOAA AOML,"Wanninkhof, R.",USA
33KF20060701,Explorer of the Seas,Ship,NOAA AOML,"Wanninkhof, R.",USA
33KF20060709,Explorer of the Seas,Ship,NOAA AOML,"Wanninkhof, R.",USA
33KF20060715,Explorer of the Seas,Ship,NOAA AOML,"Wanninkhof, R.",USA
33KF20060723,Explorer of the Seas,Ship,NOAA AOML,"Wanninkhof, R.",USA
33KF20060728,Explorer of the Seas,Ship,NOAA AOML,"Wanninkhof, R.",USA
33KF20060806,Explorer of the Seas,Ship,NOAA AOML,"Wanninkhof, R.",USA
33KF20060812,Explorer of the Seas,Ship,NOAA AOML,"Wanninkhof, R.",USA
33KF20060827,Explorer of the Seas,Ship,NOAA AOML,"Wanninkhof, R.",USA
33KF20060903,Explorer of the Seas,Ship,NOAA AOML,"Wanninkhof, R.",USA
33KF20060909,Explorer of the Seas,Ship,NOAA AOML,"Wanninkhof, R.",USA
33KF20060917,Explorer of the Seas,Ship,NOAA AOML,"Wanninkhof, R.",USA
33KF20060922,Explorer of the Seas,Ship,NOAA AOML,"Wanninkhof, R.",USA
33KF20061001,Explorer of the Seas,Ship,NOAA AOML,"Wanninkhof, R.",USA
33KF20061007,Explorer of the Seas,Ship,NOAA AOML,"Wanninkhof, R.",USA
33KF20061015,Explorer of the Seas,Ship,NOAA AOML,"Wanninkhof, R.",USA
33KF20061020,Explorer of the Seas,Ship,NOAA AOML,"Wanninkhof, R.",USA
33KF20061030,Explorer of the Seas,Ship,NOAA AOML,"Wanninkhof, R.",USA
33KF20061120,Explorer of the Seas,Ship,NOAA AOML,"Wanninkhof, R.",USA
33KF20061127,Explorer of the Seas,Ship,NOAA AOML,"Wanninkhof, R.",USA
33KF20061204,Explorer of the Seas,Ship,NOAA AOML,"Wanninkhof, R.",USA
33KF20061211,Explorer of the Seas,Ship,NOAA AOML,"Wanninkhof, R.",USA
33KF20061218,Explorer of the Seas,Ship,NOAA AOML,"Wanninkhof, R.",USA
33KF20070101,Explorer of the Seas,Ship,NOAA AOML,"Wanninkhof, R.",USA
33KF20070108,Explorer of the Seas,Ship,NOAA AOML,"Wanninkhof, R.",USA
33KF20070115,Explorer of the Seas,Ship,NOAA AOML,"Wanninkhof, R.",USA
33KF20070122,Explorer of the Seas,Ship,NOAA AOML,"Wanninkhof, R.",USA
33KF20070129,Explorer of the Seas,Ship,NOAA AOML,"Wanninkhof, R.",USA
33KF20070205,Explorer of the Seas,Ship,NOAA AOML,"Wanninkhof, R.",USA
33KF20070211,Explorer of the Seas,Ship,NOAA AOML,"Wanninkhof, R.",USA
33KF20070219,Explorer of the Seas,Ship,NOAA AOML,"Wanninkhof, R.",USA
33KF20070226,Explorer of the Seas,Ship,NOAA AOML,"Wanninkhof, R.",USA
33KF20070305,Explorer of the Seas,Ship,NOAA AOML,"Wanninkhof, R.",USA
33KF20070311,Explorer of the Seas,Ship,NOAA AOML,"Wanninkhof, R.",USA
33KF20070318,Explorer of the Seas,Ship,NOAA AOML,"Wanninkhof, R.",USA
33KF20070325,Explorer of the Seas,Ship,NOAA AOML,"Wanninkhof, R.",USA
33KF20070401,Explorer of the Seas,Ship,NOAA AOML,"Wanninkhof, R.",USA
33KF20070408,Explorer of the Seas,Ship,NOAA AOML,"Wanninkhof, R.",USA
33KF20070415,Explorer of the Seas,Ship,NOAA AOML,"Wanninkhof, R.",USA
33KF20070422,Explorer of the Seas,Ship,NOAA AOML,"Wanninkhof, R.",USA
33KF20070429,Explorer of the Seas,Ship,NOAA AOML,"Wanninkhof, R.",USA
33KF20070504,Explorer of the Seas,Ship,NOAA AOML,"Wanninkhof, R.",USA
33KF20070512,Explorer of the Seas,Ship,NOAA AOML,"Wanninkhof, R.",USA
33KF20070520,Explorer of the Seas,Ship,NOAA AOML,"Wanninkhof, R.",USA
33KF20070526,Explorer of the Seas,Ship,NOAA AOML,"Wanninkhof, R.",USA
33KF20070609,Explorer of the Seas,Ship,NOAA AOML,"Wanninkhof, R.",USA
33KF20070617,Explorer of the Seas,Ship,NOAA AOML,"Wanninkhof, R.",USA
33KF20070622,Explorer of the Seas,Ship,NOAA AOML,"Wanninkhof, R.",USA
33KF20070701,Explorer of the Seas,Ship,NOAA AOML,"Wanninkhof, R.",USA
33KF20070707,Explorer of the Seas,Ship,NOAA AOML,"Wanninkhof, R.",USA
33KF20070715,Explorer of the Seas,Ship,NOAA AOML,"Wanninkhof, R.",USA
33KF20070729,Explorer of the Seas,Ship,NOAA AOML,"Wanninkhof, R.",USA
33KF20070804,Explorer of the Seas,Ship,NOAA AOML,"Wanninkhof, R.",USA
33KF20070815,Explorer of the Seas,Ship,NOAA AOML,"Wanninkhof, R.",USA
33KF20070818,Explorer of the Seas,Ship,NOAA AOML,"Wanninkhof, R.",USA
33KF20070827,Explorer of the Seas,Ship,NOAA AOML,"Wanninkhof, R.",USA
33KF20070831,Explorer of the Seas,Ship,NOAA AOML,"Wanninkhof, R.",USA
33KF20070909,Explorer of the Seas,Ship,NOAA AOML,"Wanninkhof, R.",USA
33KF20070914,Explorer of the Seas,Ship,NOAA AOML,"Wanninkhof, R.",USA
33KF20070924,Explorer of the Seas,Ship,NOAA AOML,"Wanninkhof, R.",USA
33KF20070928,Explorer of the Seas,Ship,NOAA AOML,"Wanninkhof, R.",USA
33KF20071007,Explorer of the Seas,Ship,NOAA AOML,"Wanninkhof, R.",USA
33KF20071013,Explorer of the Seas,Ship,NOAA AOML,"Wanninkhof, R.",USA
33KF20071021,Explorer of the Seas,Ship,NOAA AOML,"Wanninkhof, R.",USA
33KF20071026,Explorer of the Seas,Ship,NOAA AOML,"Wanninkhof, R.",USA
33KF20071105,Explorer of the Seas,Ship,NOAA AOML,"Wanninkhof, R.",USA
33KF20071111,Explorer of the Seas,Ship,NOAA AOML,"Wanninkhof, R.",USA
33KF20071124,Explorer of the Seas,Ship,NOAA AOML,"Wanninkhof, R.",USA
33KF20080213,Explorer of the Seas,Ship,NOAA AOML,"Wanninkhof, R.",USA
33KF20080817,Explorer of the Seas,Ship,NOAA AOML,"Wanninkhof, R.",USA
33KF20081201,Explorer of the Seas,Ship,NOAA AOML,"Wanninkhof, R.",USA
33KF20090315,Explorer of the Seas,Ship,NOAA AOML,"Wanninkhof, R.",USA
33KF20090723,Explorer of the Seas,Ship,NOAA AOML,"Wanninkhof, R.",USA
33KF20090917,Explorer of the Seas,Ship,NOAA AOML,"Wanninkhof, R.",USA
33KF20090926,Explorer of the Seas,Ship,NOAA AOML,"Wanninkhof, R.",USA
33KF20091001,Explorer of the Seas,Ship,NOAA AOML,"Wanninkhof, R.",USA
33KF20091010,Explorer of the Seas,Ship,NOAA AOML,"Wanninkhof, R.",USA
33KF20091015,Explorer of the Seas,Ship,NOAA AOML,"Wanninkhof, R.",USA
33KF20091024,Explorer of the Seas,Ship,NOAA AOML,"Wanninkhof, R.",USA
33KF20091029,Explorer of the Seas,Ship,NOAA AOML,"Wanninkhof, R.",USA
33KF20091107,Explorer of the Seas,Ship,NOAA AOML,"Wanninkhof, R.",USA
33KF20091112,Explorer of the Seas,Ship,NOAA AOML,"Wanninkhof, R.",USA
33KF20091121,Explorer of the Seas,Ship,NOAA AOML,"Wanninkhof, R.",USA
33KF20091129,Explorer of the Seas,Ship,NOAA AOML,"Wanninkhof, R.",USA
33KF20091211,Explorer of the Seas,Ship,NOAA AOML,"Wanninkhof, R.",USA
33KF20100114,Explorer of the Seas,Ship,NOAA AOML,"Wanninkhof, R.",USA
33KF20100124,Explorer of the Seas,Ship,NOAA AOML,"Wanninkhof, R.",USA
33KF20100211,Explorer of the Seas,Ship,NOAA AOML,"Wanninkhof, R.",USA
33KF20100214,Explorer of the Seas,Ship,NOAA AOML,"Wanninkhof, R.",USA
33KF20100226,Explorer of the Seas,Ship,NOAA AOML,"Wanninkhof, R.",USA
33KF20100415,Explorer of the Seas,Ship,NOAA AOML,"Wanninkhof, R.",USA
33KF20100424,Explorer of the Seas,Ship,NOAA AOML,"Wanninkhof, R.",USA
33KF20100527,Explorer of the Seas,Ship,NOAA AOML,"Wanninkhof, R.",USA
33KF20100624,Explorer of the Seas,Ship,NOAA AOML,"Wanninkhof, R.",USA
33KF20100703,Explorer of the Seas,Ship,NOAA AOML,"Wanninkhof, R.",USA
33KF20100708,Explorer of the Seas,Ship,NOAA AOML,"Wanninkhof, R.",USA
33KF20100717,Explorer of the Seas,Ship,NOAA AOML,"Wanninkhof, R.",USA
33KF20100722,Explorer of the Seas,Ship,NOAA AOML,"Wanninkhof, R.",USA
33KF20100731,Explorer of the Seas,Ship,NOAA AOML,"Wanninkhof, R.",USA
33KF20100805,Explorer of the Seas,Ship,NOAA AOML,"Wanninkhof, R.",USA
33KF20100814,Explorer of the Seas,Ship,NOAA AOML,"Wanninkhof, R.",USA
33KF20100819,Explorer of the Seas,Ship,NOAA AOML,"Wanninkhof, R.",USA
33KF20100828,Explorer of the Seas,Ship,NOAA AOML,"Wanninkhof, R.",USA
33KF20100902,Explorer of the Seas,Ship,NOAA AOML,"Wanninkhof, R.",USA
33KF20100911,Explorer of the Seas,Ship,NOAA AOML,"Wanninkhof, R.",USA
33KF20100916,Explorer of the Seas,Ship,NOAA AOML,"Wanninkhof, R.",USA
33KF20100930,Explorer of the Seas,Ship,NOAA AOML,"Wanninkhof, R.",USA
33KF20101009,Explorer of the Seas,Ship,NOAA AOML,"Wanninkhof, R.",USA
33KF20101014,Explorer of the Seas,Ship,NOAA AOML,"Wanninkhof, R.",USA
33KF20101023,Explorer of the Seas,Ship,NOAA AOML,"Wanninkhof, R.",USA
33KF20101028,Explorer of the Seas,Ship,NOAA AOML,"Wanninkhof, R.",USA
33KF20101107,Explorer of the Seas,Ship,NOAA AOML,"Wanninkhof, R.",USA
33KF20101119,Explorer of the Seas,Ship,NOAA AOML,"Wanninkhof, R.",USA
33KF20101128,Explorer of the Seas,Ship,NOAA AOML,"Wanninkhof, R.",USA
33KF20101210,Explorer of the Seas,Ship,NOAA AOML,"Wanninkhof, R.",USA
33KF20101219,Explorer of the Seas,Ship,NOAA AOML,"Wanninkhof, R.",USA
33KF20110102,Explorer of the Seas,Ship,NOAA AOML,"Wanninkhof, R.",USA
33KF20110116,Explorer of the Seas,Ship,NOAA AOML,"Wanninkhof, R.",USA
33KF20110128,Explorer of the Seas,Ship,NOAA AOML,"Wanninkhof, R.",USA
33KF20110206,Explorer of the Seas,Ship,NOAA AOML,"Wanninkhof, R.",USA
33KF20110311,Explorer of the Seas,Ship,NOAA AOML,"Wanninkhof, R.",USA
33KF20110320,Explorer of the Seas,Ship,NOAA AOML,"Wanninkhof, R.",USA
33KF20110331,Explorer of the Seas,Ship,NOAA AOML,"Wanninkhof, R.",USA
33KF20110409,Explorer of the Seas,Ship,NOAA AOML,"Wanninkhof, R.",USA
33KF20110414,Explorer of the Seas,Ship,NOAA AOML,"Wanninkhof, R.",USA
33KF20110423,Explorer of the Seas,Ship,NOAA AOML,"Wanninkhof, R.",USA
33KF20110428,Explorer of the Seas,Ship,NOAA AOML,"Wanninkhof, R.",USA
33KF20110507,Explorer of the Seas,Ship,NOAA AOML,"Wanninkhof, R.",USA
33KF20110512,Explorer of the Seas,Ship,NOAA AOML,"Wanninkhof, R.",USA
33KF20110521,Explorer of the Seas,Ship,NOAA AOML,"Wanninkhof, R.",USA
33KF20110526,Explorer of the Seas,Ship,NOAA AOML,"Wanninkhof, R.",USA
33KF20110604,Explorer of the Seas,Ship,NOAA AOML,"Wanninkhof, R.",USA
33KF20110609,Explorer of the Seas,Ship,NOAA AOML,"Wanninkhof, R.",USA
33KF20110618,Explorer of the Seas,Ship,NOAA AOML,"Wanninkhof, R.",USA
33KF20110716,Explorer of the Seas,Ship,NOAA AOML,"Wanninkhof, R.",USA
33KF20110804,Explorer of the Seas,Ship,NOAA AOML,"Wanninkhof, R.",USA
33KF20110915,Explorer of the Seas,Ship,NOAA AOML,"Wanninkhof, R.",USA
33KF20110924,Explorer of the Seas,Ship,NOAA AOML,"Wanninkhof, R.",USA
33KF20110929,Explorer of the Seas,Ship,NOAA AOML,"Wanninkhof, R.",USA
33KF20111008,Explorer of the Seas,Ship,NOAA AOML,"Wanninkhof, R.",USA
33KF20111013,Explorer of the Seas,Ship,NOAA AOML,"Wanninkhof, R.",USA
33KF20111022,Explorer of the Seas,Ship,NOAA AOML,"Wanninkhof, R.",USA
33KF20111027,Explorer of the Seas,Ship,NOAA AOML,"Wanninkhof, R.",USA
33KF20111105,Explorer of the Seas,Ship,NOAA AOML,"Wanninkhof, R.",USA
33KF20111111,Explorer of the Seas,Ship,NOAA AOML,"Wanninkhof, R.",USA
33KF20120127,Explorer of the Seas,Ship,NOAA AOML,"Wanninkhof, R.",USA
33KF20120206,Explorer of the Seas,Ship,NOAA AOML,"Wanninkhof, R.",USA
33KF20120217,Explorer of the Seas,Ship,NOAA AOML,"Wanninkhof, R.",USA
33KF20120227,Explorer of the Seas,Ship,NOAA AOML,"Wanninkhof, R.",USA
33KF20120309,Explorer of the Seas,Ship,NOAA AOML,"Wanninkhof, R.",USA
33KF20120319,Explorer of the Seas,Ship,NOAA AOML,"Wanninkhof, R.",USA
33KF20120330,Explorer of the Seas,Ship,NOAA AOML,"Wanninkhof, R.",USA
33KF20120407,Explorer of the Seas,Ship,NOAA AOML,"Wanninkhof, R.",USA
33KF20120412,Explorer of the Seas,Ship,NOAA AOML,"Wanninkhof, R.",USA
33KF20120421,Explorer of the Seas,Ship,NOAA AOML,"Wanninkhof, R.",USA
33KF20120426,Explorer of the Seas,Ship,NOAA AOML,"Wanninkhof, R.",USA
33KF20120505,Explorer of the Seas,Ship,NOAA AOML,"Wanninkhof, R.",USA
33KF20120510,Explorer of the Seas,Ship,NOAA AOML,"Wanninkhof, R.",USA
33KF20120519,Explorer of the Seas,Ship,NOAA AOML,"Wanninkhof, R.",USA
33KF20120524,Explorer of the Seas,Ship,NOAA AOML,"Wanninkhof, R.",USA
33KF20120602,Explorer of the Seas,Ship,NOAA AOML,"Wanninkhof, R.",USA
33KF20120607,Explorer of the Seas,Ship,NOAA AOML,"Wanninkhof, R.",USA
33KF20120616,Explorer of the Seas,Ship,NOAA AOML,"Wanninkhof, R.",USA
33KF20120621,Explorer of the Seas,Ship,NOAA AOML,"Wanninkhof, R.",USA
33KF20120630,Explorer of the Seas,Ship,NOAA AOML,"Wanninkhof, R.",USA
33KF20120705,Explorer of the Seas,Ship,NOAA AOML,"Wanninkhof, R.",USA
33KF20120714,Explorer of the Seas,Ship,NOAA AOML,"Wanninkhof, R.",USA
33KF20120719,Explorer of the Seas,Ship,NOAA AOML,"Wanninkhof, R.",USA
33KF20120728,Explorer of the Seas,Ship,NOAA AOML,"Wanninkhof, R.",USA
33KF20120802,Explorer of the Seas,Ship,NOAA AOML,"Wanninkhof, R.",USA
33KF20120816,Explorer of the Seas,Ship,NOAA AOML,"Wanninkhof, R.",USA
33KF20120825,Explorer of the Seas,Ship,NOAA AOML,"Wanninkhof, R.",USA
33KF20120830,Explorer of the Seas,Ship,NOAA AOML,"Wanninkhof, R.",USA
33KF20121007,Explorer of the Seas,Ship,NOAA AOML,"Wanninkhof, R.",USA
33KF20121014,Explorer of the Seas,Ship,NOAA AOML,"Wanninkhof, R.",USA
33KF20121021,Explorer of the Seas,Ship,NOAA AOML,"Wanninkhof, R.",USA
33KF20121028,Explorer of the Seas,Ship,NOAA AOML,"Wanninkhof, R.",USA
33KF20121104,Explorer of the Seas,Ship,NOAA AOML,"Wanninkhof, R.",USA
33KF20121115,Explorer of the Seas,Ship,NOAA AOML,"Wanninkhof, R.",USA
33KF20130331,Explorer of the Seas,Ship,NOAA AOML,"Wanninkhof, R. : Pierrot, D.",USA
33KF20130418,Explorer of the Seas,Ship,NOAA AOML,"Wanninkhof, R.",USA
33KF20130427,Explorer of the Seas,Ship,NOAA AOML,"Wanninkhof, R.",USA
33KF20130502,Explorer of the Seas,Ship,NOAA AOML,"Wanninkhof, R.",USA
33KF20130516,Explorer of the Seas,Ship,NOAA AOML,"Wanninkhof, R.",USA
33KF20130622,Explorer of the Seas,Ship,NOAA AOML,"Wanninkhof, R. : Pierrot, D.",USA
33KF20130627,Explorer of the Seas,Ship,NOAA AOML,"Wanninkhof, R. : Pierrot, D.",USA
33KF20130706,Explorer of the Seas,Ship,NOAA AOML,"Wanninkhof, R. : Pierrot, D.",USA
33KF20130711,Explorer of the Seas,Ship,NOAA AOML,"Wanninkhof, R. : Pierrot, D.",USA
33KF20130720,Explorer of the Seas,Ship,NOAA AOML,"Wanninkhof, R. : Pierrot, D.",USA
33KF20130725,Explorer of the Seas,Ship,NOAA AOML,"Wanninkhof, R. : Pierrot, D.",USA
33KF20130803,Explorer of the Seas,Ship,NOAA AOML,"Wanninkhof, R. : Pierrot, D.",USA
33KF20130808,Explorer of the Seas,Ship,NOAA AOML,"Wanninkhof, R. : Pierrot, D.",USA
33KF20130817,Explorer of the Seas,Ship,NOAA AOML,"Wanninkhof, R. : Pierrot, D.",USA
33KF20130929,Explorer of the Seas,Ship,NOAA AOML,"Wanninkhof, R.",USA
33KF20131027,Explorer of the Seas,Ship,NOAA AOML,"Wanninkhof, R.",USA
33KF20131103,Explorer of the Seas,Ship,NOAA AOML,"Wanninkhof, R.",USA
33KF20131114,Explorer of the Seas,Ship,NOAA AOML,"Wanninkhof, R.",USA
33KF20131123,Explorer of the Seas,Ship,NOAA AOML,"Wanninkhof, R.",USA
33KF20131202,Explorer of the Seas,Ship,NOAA AOML,"Wanninkhof, R.",USA
33KF20131212,Explorer of the Seas,Ship,NOAA AOML,"Wanninkhof, R.",USA
33KF20131222,Explorer of the Seas,Ship,NOAA AOML,"Wanninkhof, R.",USA
33KF20140329,Explorer of the Seas,Ship,NOAA AOML,"Wanninkhof, R. : Pierrot, D.",USA
33KF20140405,Explorer of the Seas,Ship,NOAA AOML,"Wanninkhof, R. : Pierrot, D.",USA
33KF20140410,Explorer of the Seas,Ship,NOAA AOML,"Wanninkhof, R. : Pierrot, D.",USA
33KF20140419,Explorer of the Seas,Ship,NOAA AOML,"Wanninkhof, R. : Pierrot, D.",USA
33KF20140424,Explorer of the Seas,Ship,NOAA AOML,"Wanninkhof, R. : Pierrot, D.",USA
33KF20140503,Explorer of the Seas,Ship,NOAA AOML,"Wanninkhof, R. : Pierrot, D.",USA
33KF20140508,Explorer of the Seas,Ship,NOAA AOML,"Wanninkhof, R. : Pierrot, D.",USA
33KF20140517,Explorer of the Seas,Ship,NOAA AOML,"Wanninkhof, R. : Pierrot, D.",USA
33KF20140522,Explorer of the Seas,Ship,NOAA AOML,"Wanninkhof, R. : Pierrot, D.",USA
33KF20140531,Explorer of the Seas,Ship,NOAA AOML,"Wanninkhof, R. : Pierrot, D.",USA
33KF20140605,Explorer of the Seas,Ship,NOAA AOML,"Wanninkhof, R. : Pierrot, D.",USA
33KF20140614,Explorer of the Seas,Ship,NOAA AOML,"Wanninkhof, R. : Pierrot, D.",USA
33KF20140619,Explorer of the Seas,Ship,NOAA AOML,"Wanninkhof, R. : Pierrot, D.",USA
33KF20140628,Explorer of the Seas,Ship,NOAA AOML,"Wanninkhof, R. : Pierrot, D.",USA
33KF20140703,Explorer of the Seas,Ship,NOAA AOML,"Wanninkhof, R. : Pierrot, D.",USA
33KF20140712,Explorer of the Seas,Ship,NOAA AOML,"Wanninkhof, R. : Pierrot, D.",USA
33KF20140717,Explorer of the Seas,Ship,NOAA AOML,"Wanninkhof, R. : Pierrot, D.",USA
33KF20140726,Explorer of the Seas,Ship,NOAA AOML,"Wanninkhof, R. : Pierrot, D.",USA
33KF20140731,Explorer of the Seas,Ship,NOAA AOML,"Wanninkhof, R. : Pierrot, D.",USA
33KF20140809,Explorer of the Seas,Ship,NOAA AOML,"Wanninkhof, R. : Pierrot, D.",USA
33KF20140814,Explorer of the Seas,Ship,NOAA AOML,"Wanninkhof, R. : Pierrot, D.",USA
33KF20140823,Explorer of the Seas,Ship,NOAA AOML,"Wanninkhof, R. : Pierrot, D.",USA
33KF20140829,Explorer of the Seas,Ship,NOAA AOML,"Wanninkhof, R. : Pierrot, D.",USA
33KF20140906,Explorer of the Seas,Ship,NOAA AOML,"Wanninkhof, R. : Pierrot, D.",USA
33KF20140911,Explorer of the Seas,Ship,NOAA AOML,"Wanninkhof, R. : Pierrot, D.",USA
33KF20140920,Explorer of the Seas,Ship,NOAA AOML,"Wanninkhof, R. : Pierrot, D.",USA
33KF20140925,Explorer of the Seas,Ship,NOAA AOML,"Wanninkhof, R. : Pierrot, D.",USA
33KF20141004,Explorer of the Seas,Ship,NOAA AOML,"Wanninkhof, R. : Pierrot, D.",USA
33KF20141009,Explorer of the Seas,Ship,NOAA AOML,"Wanninkhof, R. : Pierrot, D.",USA
33KF20141018,Explorer of the Seas,Ship,NOAA AOML,"Wanninkhof, R. : Pierrot, D.",USA
33KF20141023,Explorer of the Seas,Ship,NOAA AOML,"Wanninkhof, R. : Pierrot, D.",USA
33KF20141101,Explorer of the Seas,Ship,NOAA AOML,"Wanninkhof, R. : Pierrot, D.",USA
33KF20141115,Explorer of the Seas,Ship,NOAA AOML,"Wanninkhof, R. : Pierrot, D.",USA
33KF20141124,Explorer of the Seas,Ship,NOAA AOML,"Wanninkhof, R. : Pierrot, D.",USA
33KF20141129,Explorer of the Seas,Ship,NOAA AOML,"Wanninkhof, R. : Pierrot, D.",USA
33KF20141204,Explorer of the Seas,Ship,NOAA AOML,"Wanninkhof, R. : Pierrot, D.",USA
33KF20141213,Explorer of the Seas,Ship,NOAA AOML,"Wanninkhof, R. : Pierrot, D.",USA
33KF20141218,Explorer of the Seas,Ship,NOAA AOML,"Wanninkhof, R. : Pierrot, D.",USA
33KF20141223,Explorer of the Seas,Ship,NOAA AOML,"Wanninkhof, R. : Pierrot, D.",USA
33KF20141227,Explorer of the Seas,Ship,NOAA AOML,"Wanninkhof, R. : Pierrot, D.",USA
33KF20150104,Explorer of the Seas,Ship,NOAA AOML,"Wanninkhof, R. : Pierrot, D.",USA
33KF20150109,Explorer of the Seas,Ship,NOAA AOML,"Wanninkhof, R. : Pierrot, D.",USA
33KF20150118,Explorer of the Seas,Ship,NOAA AOML,"Wanninkhof, R. : Pierrot, D.",USA
33KF20150124,Explorer of the Seas,Ship,NOAA AOML,"Wanninkhof, R. : Pierrot, D.",USA
33KF20150129,Explorer of the Seas,Ship,NOAA AOML,"Wanninkhof, R. : Pierrot, D.",USA
33KF20150207,Explorer of the Seas,Ship,NOAA AOML,"Wanninkhof, R. : Pierrot, D.",USA
33KF20150212,Explorer of the Seas,Ship,NOAA AOML,"Wanninkhof, R. : Pierrot, D.",USA
33KM19960620,Ka imimoana,Ship,NOAA PMEL,"Feely, R.",USA
33KM19960720,Ka imimoana,Ship,NOAA PMEL,"Feely, R.",USA
33KM19960827,Ka imimoana,Ship,NOAA PMEL,"Feely, R.",USA
33KM19960930,Ka imimoana,Ship,NOAA PMEL,"Feely, R.",USA
33KM19961111,Ka imimoana,Ship,NOAA PMEL,"Feely, R.",USA
33KM19970124,Ka imimoana,Ship,NOAA PMEL,"Feely, R.",USA
33KM19970328,Ka imimoana,Ship,NOAA PMEL,"Feely, R.",USA
33KM19970520,Ka imimoana,Ship,NOAA PMEL,"Feely, R.",USA
33KM19970608,Ka imimoana,Ship,NOAA PMEL,"Feely, R.",USA
33KM19970731,Ka imimoana,Ship,NOAA PMEL,"Feely, R.",USA
33KM19971003,Ka imimoana,Ship,NOAA PMEL,"Feely, R.",USA
33KM19971110,Ka imimoana,Ship,NOAA PMEL,"Feely, R.",USA
33KM19980214,Ka imimoana,Ship,NOAA PMEL,"Feely, R.",USA
33KM19980418,Ka imimoana,Ship,NOAA PMEL,"Feely, R.",USA
33KM19980603,Ka imimoana,Ship,NOAA PMEL,"Feely, R.",USA
33KM19980707,Ka imimoana,Ship,NOAA PMEL,"Feely, R.",USA
33KM19980906,Ka imimoana,Ship,NOAA PMEL,"Feely, R.",USA
33KM19981020,Ka imimoana,Ship,NOAA PMEL,"Feely, R.",USA
33KM19981129,Ka imimoana,Ship,NOAA PMEL,"Feely, R.",USA
33KM19990130,Ka imimoana,Ship,NOAA PMEL,"Feely, R.",USA
33KM19990506,Ka imimoana,Ship,NOAA PMEL,"Feely, R.",USA
33KM19990708,Ka imimoana,Ship,NOAA PMEL,"Feely, R.",USA
33KM20000420,Ka imimoana,Ship,NOAA PMEL,"Feely, R.",USA
33KM20000615,Ka imimoana,Ship,NOAA PMEL,"Feely, R.",USA
33KM20000719,Ka imimoana,Ship,NOAA PMEL,"Feely, R.",USA
33KM20000904,Ka imimoana,Ship,NOAA PMEL,"Feely, R.",USA
33KM20001015,Ka imimoana,Ship,NOAA PMEL,"Feely, R.",USA
33KM20001116,Ka imimoana,Ship,NOAA PMEL,"Feely, R.",USA
33KM20010118,Ka imimoana,Ship,NOAA PMEL,"Feely, R.",USA
33KM20010329,Ka imimoana,Ship,NOAA PMEL,"Feely, R.",USA
33KM20020306,Ka imimoana,Ship,NOAA PMEL,"Feely, R.",USA
33KM20020409,Ka imimoana,Ship,NOAA PMEL,"Feely, R.",USA
33KM20020530,Ka imimoana,Ship,NOAA PMEL,"Feely, R.",USA
33KM20020824,Ka imimoana,Ship,NOAA PMEL,"Feely, R.",USA
33KM20021004,Ka imimoana,Ship,NOAA PMEL,"Feely, R.",USA
33KM20030109,Ka imimoana,Ship,NOAA PMEL,"Feely, R.",USA
33KM20030329,Ka imimoana,Ship,NOAA PMEL,"Feely, R.",USA
33KM20030822,Ka imimoana,Ship,NOAA PMEL,"Feely, R.",USA
33KM20031017,Ka imimoana,Ship,NOAA PMEL,"Feely, R.",USA
33KM20031118,Ka imimoana,Ship,NOAA PMEL,"Feely, R.",USA
33KM20040327,Ka imimoana,Ship,NOAA PMEL,"Feely, R.",USA
33KM20040429,Ka imimoana,Ship,NOAA PMEL,"Feely, R.",USA
33KM20040619,Ka imimoana,Ship,NOAA PMEL,"Feely, R.",USA
33KM20040713,Ka imimoana,Ship,NOAA PMEL,"Feely, R.",USA
33KM20050218,Ka imimoana,Ship,NOAA PMEL,"Cosca, C.",USA
33KM20050406,Ka imimoana,Ship,NOAA PMEL,"Cosca, C.",USA
33KM20050610,Ka imimoana,Ship,NOAA PMEL,"Cosca, C.",USA
33KM20050716,Ka imimoana,Ship,NOAA PMEL,"Cosca, C.",USA
33KM20060113,Ka imimoana,Ship,NOAA PMEL,"Cosca, C.",USA
33KM20060401,Ka imimoana,Ship,NOAA PMEL,"Cosca, C.",USA
33KM20060531,Ka imimoana,Ship,NOAA PMEL,"Cosca, C.",USA
33KM20060707,Ka imimoana,Ship,NOAA PMEL,"Cosca, C.",USA
33KM20070328,Ka imimoana,Ship,NOAA PMEL,"Feely, R.",USA
33KM20070508,Ka imimoana,Ship,NOAA PMEL,"Feely, R.",USA
33KM20070716,Ka imimoana,Ship,NOAA PMEL,"Feely, R.",USA
33KM20070814,Ka imimoana,Ship,NOAA PMEL,"Feely, R.",USA
33KM20070920,Ka imimoana,Ship,NOAA PMEL,"Feely, R.",USA
33KM20080208,Ka imimoana,Ship,NOAA PMEL,"Feely, R.",USA
33KM20080312,Ka imimoana,Ship,NOAA PMEL,"Feely, R.",USA
33KM20080430,Ka imimoana,Ship,NOAA PMEL,"Feely, R.",USA
33KM20080607,Ka imimoana,Ship,NOAA PMEL,"Feely, R.",USA
33KM20080806,Ka imimoana,Ship,NOAA PMEL,"Feely, R.",USA
33KM20080906,Ka imimoana,Ship,NOAA PMEL,"Feely, R.",USA
33KM20081017,Ka imimoana,Ship,NOAA PMEL,"Feely, R.",USA
33KM20100106,Ka imimoana,Ship,NOAA PMEL,"Cosca, C.",USA
33KM20100214,Ka imimoana,Ship,NOAA PMEL,"Cosca, C.",USA
33KM20100401,Ka imimoana,Ship,NOAA PMEL,"Cosca, C.",USA
33KM20100725,Ka imimoana,Ship,NOAA PMEL,"Cosca, C.",USA
33KM20100902,Ka imimoana,Ship,NOAA PMEL,"Cosca, C.",USA
33LG20020307,Laurence M. Gould,Ship,LDEO Columbia Univ : NOAA ESRL CIRES,"Takahashi, T. : Sweeney, C. : Sutherland, S.C.",USA
33LG20020322,Laurence M. Gould,Ship,NOAA ESRL CIRES : LDEO Columbia Univ : IAAR Univ Colorado,"Sweeney, C. : Takahashi, T. : Newberger, T. : Sutherland, S.C. : Munro, D.R.",USA
33LG20020407,Laurence M. Gould,Ship,NOAA ESRL CIRES : LDEO Columbia Univ : IAAR Univ Colorado,"Sweeney, C. : Takahashi, T. : Newberger, T. : Sutherland, S.C. : Munro, D.R.",USA
33LG20020627,Laurence M. Gould,Ship,NOAA ESRL CIRES : LDEO Columbia Univ : IAAR Univ Colorado,"Sweeney, C. : Takahashi, T. : Newberger, T. : Sutherland, S.C. : Munro, D.R.",USA
33LG20020729,Laurence M. Gould,Ship,NOAA ESRL CIRES : LDEO Columbia Univ : IAAR Univ Colorado,"Sweeney, C. : Takahashi, T. : Newberger, T. : Sutherland, S.C. : Munro, D.R.",USA
33LG20021123,Laurence M. Gould,Ship,NOAA ESRL CIRES : LDEO Columbia Univ : IAAR Univ Colorado,"Sweeney, C. : Takahashi, T. : Newberger, T. : Sutherland, S.C. : Munro, D.R.",USA
33LG20021229,Laurence M. Gould,Ship,NOAA ESRL CIRES : LDEO Columbia Univ : IAAR Univ Colorado,"Sweeney, C. : Takahashi, T. : Newberger, T. : Sutherland, S.C. : Munro, D.R.",USA
33LG20030213,Laurence M. Gould,Ship,LDEO Columbia Univ : NOAA ESRL CIRES,"Takahashi, T. : Sweeney, C. : Sutherland, S.C.",USA
33LG20030312,Laurence M. Gould,Ship,NOAA ESRL CIRES : LDEO Columbia Univ : IAAR Univ Colorado,"Sweeney, C. : Takahashi, T. : Newberger, T. : Sutherland, S.C. : Munro, D.R.",USA
33LG20030405,Laurence M. Gould,Ship,NOAA ESRL CIRES : LDEO Columbia Univ : IAAR Univ Colorado,"Sweeney, C. : Takahashi, T. : Newberger, T. : Sutherland, S.C. : Munro, D.R.",USA
33LG20030510,Laurence M. Gould,Ship,NOAA ESRL CIRES : LDEO Columbia Univ : IAAR Univ Colorado,"Sweeney, C. : Takahashi, T. : Newberger, T. : Sutherland, S.C. : Munro, D.R.",USA
33LG20030615,Laurence M. Gould,Ship,NOAA ESRL CIRES : LDEO Columbia Univ : IAAR Univ Colorado,"Sweeney, C. : Takahashi, T. : Newberger, T. : Sutherland, S.C. : Munro, D.R.",USA
33LG20030815,Laurence M. Gould,Ship,NOAA ESRL CIRES : LDEO Columbia Univ : IAAR Univ Colorado,"Sweeney, C. : Takahashi, T. : Newberger, T. : Sutherland, S.C. : Munro, D.R.",USA
33LG20030923,Laurence M. Gould,Ship,NOAA ESRL CIRES : LDEO Columbia Univ : IAAR Univ Colorado,"Sweeney, C. : Takahashi, T. : Newberger, T. : Sutherland, S.C. : Munro, D.R.",USA
33LG20031010,Laurence M. Gould,Ship,NOAA ESRL CIRES : LDEO Columbia Univ : IAAR Univ Colorado,"Sweeney, C. : Takahashi, T. : Newberger, T. : Sutherland, S.C. : Munro, D.R.",USA
33LG20031107,Laurence M. Gould,Ship,NOAA ESRL CIRES : LDEO Columbia Univ : IAAR Univ Colorado,"Sweeney, C. : Takahashi, T. : Newberger, T. : Sutherland, S.C. : Munro, D.R.",USA
33LG20031123,Laurence M. Gould,Ship,NOAA ESRL CIRES : LDEO Columbia Univ : IAAR Univ Colorado,"Sweeney, C. : Takahashi, T. : Newberger, T. : Sutherland, S.C. : Munro, D.R.",USA
33LG20040101,Laurence M. Gould,Ship,NOAA ESRL CIRES : LDEO Columbia Univ : IAAR Univ Colorado,"Sweeney, C. : Takahashi, T. : Newberger, T. : Sutherland, S.C. : Munro, D.R.",USA
33LG20040212,Laurence M. Gould,Ship,NOAA ESRL CIRES : LDEO Columbia Univ : IAAR Univ Colorado,"Sweeney, C. : Takahashi, T. : Newberger, T. : Sutherland, S.C. : Munro, D.R.",USA
33LG20040401,Laurence M. Gould,Ship,NOAA ESRL CIRES : LDEO Columbia Univ : IAAR Univ Colorado,"Sweeney, C. : Takahashi, T. : Newberger, T. : Sutherland, S.C. : Munro, D.R.",USA
33LG20040424,Laurence M. Gould,Ship,NOAA ESRL CIRES : LDEO Columbia Univ : IAAR Univ Colorado,"Sweeney, C. : Takahashi, T. : Newberger, T. : Sutherland, S.C. : Munro, D.R.",USA
33LG20040514,Laurence M. Gould,Ship,NOAA ESRL CIRES : LDEO Columbia Univ : IAAR Univ Colorado,"Sweeney, C. : Takahashi, T. : Newberger, T. : Sutherland, S.C. : Munro, D.R.",USA
33LG20040530,Laurence M. Gould,Ship,NOAA ESRL CIRES : LDEO Columbia Univ : IAAR Univ Colorado,"Sweeney, C. : Takahashi, T. : Newberger, T. : Sutherland, S.C. : Munro, D.R.",USA
33LG20040613,Laurence M. Gould,Ship,NOAA ESRL CIRES : LDEO Columbia Univ : IAAR Univ Colorado,"Sweeney, C. : Takahashi, T. : Newberger, T. : Sutherland, S.C. : Munro, D.R.",USA
33LG20040706,Laurence M. Gould,Ship,NOAA ESRL CIRES : LDEO Columbia Univ : IAAR Univ Colorado,"Sweeney, C. : Takahashi, T. : Newberger, T. : Sutherland, S.C. : Munro, D.R.",USA
33LG20040825,Laurence M. Gould,Ship,NOAA ESRL CIRES : LDEO Columbia Univ : IAAR Univ Colorado,"Sweeney, C. : Takahashi, T. : Newberger, T. : Sutherland, S.C. : Munro, D.R.",USA
33LG20040929,Laurence M. Gould,Ship,NOAA ESRL CIRES : LDEO Columbia Univ : IAAR Univ Colorado,"Sweeney, C. : Takahashi, T. : Newberger, T. : Sutherland, S.C. : Munro, D.R.",USA
33LG20041018,Laurence M. Gould,Ship,NOAA ESRL CIRES : LDEO Columbia Univ : IAAR Univ Colorado,"Sweeney, C. : Takahashi, T. : Newberger, T. : Sutherland, S.C. : Munro, D.R.",USA
33LG20041108,Laurence M. Gould,Ship,NOAA ESRL CIRES : LDEO Columbia Univ : IAAR Univ Colorado,"Sweeney, C. : Takahashi, T. : Newberger, T. : Sutherland, S.C. : Munro, D.R.",USA
33LG20041124,Laurence M. Gould,Ship,NOAA ESRL CIRES : LDEO Columbia Univ : IAAR Univ Colorado,"Sweeney, C. : Takahashi, T. : Newberger, T. : Sutherland, S.C. : Munro, D.R.",USA
33LG20041231,Laurence M. Gould,Ship,NOAA ESRL CIRES : LDEO Columbia Univ : IAAR Univ Colorado,"Sweeney, C. : Takahashi, T. : Newberger, T. : Sutherland, S.C. : Munro, D.R.",USA
33LG20050211,Laurence M. Gould,Ship,NOAA ESRL CIRES : LDEO Columbia Univ : IAAR Univ Colorado,"Sweeney, C. : Takahashi, T. : Newberger, T. : Sutherland, S.C. : Munro, D.R.",USA
33LG20050315,Laurence M. Gould,Ship,NOAA ESRL CIRES : LDEO Columbia Univ : IAAR Univ Colorado,"Sweeney, C. : Takahashi, T. : Newberger, T. : Sutherland, S.C. : Munro, D.R.",USA
33LG20050404,Laurence M. Gould,Ship,NOAA ESRL CIRES : LDEO Columbia Univ : IAAR Univ Colorado,"Sweeney, C. : Takahashi, T. : Newberger, T. : Sutherland, S.C. : Munro, D.R.",USA
33LG20050421,Laurence M. Gould,Ship,NOAA ESRL CIRES : LDEO Columbia Univ : IAAR Univ Colorado,"Sweeney, C. : Takahashi, T. : Newberger, T. : Sutherland, S.C. : Munro, D.R.",USA
33LG20050519,Laurence M. Gould,Ship,NOAA ESRL CIRES : LDEO Columbia Univ : IAAR Univ Colorado,"Sweeney, C. : Takahashi, T. : Newberger, T. : Sutherland, S.C. : Munro, D.R.",USA
33LG20050614,Laurence M. Gould,Ship,NOAA ESRL CIRES : LDEO Columbia Univ : IAAR Univ Colorado,"Sweeney, C. : Takahashi, T. : Newberger, T. : Sutherland, S.C. : Munro, D.R.",USA
33LG20050711,Laurence M. Gould,Ship,NOAA ESRL CIRES : LDEO Columbia Univ : IAAR Univ Colorado,"Sweeney, C. : Takahashi, T. : Newberger, T. : Sutherland, S.C. : Munro, D.R.",USA
33LG20050822,Laurence M. Gould,Ship,NOAA ESRL CIRES : LDEO Columbia Univ : IAAR Univ Colorado,"Sweeney, C. : Takahashi, T. : Newberger, T. : Sutherland, S.C. : Munro, D.R.",USA
33LG20050917,Laurence M. Gould,Ship,NOAA ESRL CIRES : LDEO Columbia Univ : IAAR Univ Colorado,"Sweeney, C. : Takahashi, T. : Newberger, T. : Sutherland, S.C. : Munro, D.R.",USA
33LG20051023,Laurence M. Gould,Ship,NOAA ESRL CIRES : LDEO Columbia Univ : IAAR Univ Colorado,"Sweeney, C. : Takahashi, T. : Newberger, T. : Sutherland, S.C. : Munro, D.R.",USA
33LG20051108,Laurence M. Gould,Ship,NOAA ESRL CIRES : LDEO Columbia Univ : IAAR Univ Colorado,"Sweeney, C. : Takahashi, T. : Newberger, T. : Sutherland, S.C. : Munro, D.R.",USA
33LG20051128,Laurence M. Gould,Ship,NOAA ESRL CIRES : LDEO Columbia Univ : IAAR Univ Colorado,"Sweeney, C. : Takahashi, T. : Newberger, T. : Sutherland, S.C. : Munro, D.R.",USA
33LG20060101,Laurence M. Gould,Ship,NOAA ESRL CIRES : LDEO Columbia Univ : IAAR Univ Colorado,"Sweeney, C. : Takahashi, T. : Newberger, T. : Sutherland, S.C. : Munro, D.R.",USA
33LG20060214,Laurence M. Gould,Ship,NOAA ESRL CIRES : LDEO Columbia Univ : IAAR Univ Colorado,"Sweeney, C. : Takahashi, T. : Newberger, T. : Sutherland, S.C. : Munro, D.R.",USA
33LG20060321,Laurence M. Gould,Ship,NOAA ESRL CIRES : LDEO Columbia Univ : IAAR Univ Colorado,"Sweeney, C. : Takahashi, T. : Newberger, T. : Sutherland, S.C. : Munro, D.R.",USA
33LG20060408,Laurence M. Gould,Ship,NOAA ESRL CIRES : LDEO Columbia Univ : IAAR Univ Colorado,"Sweeney, C. : Takahashi, T. : Newberger, T. : Sutherland, S.C. : Munro, D.R.",USA
33LG20060426,Laurence M. Gould,Ship,NOAA ESRL CIRES : LDEO Columbia Univ : IAAR Univ Colorado,"Sweeney, C. : Takahashi, T. : Newberger, T. : Sutherland, S.C. : Munro, D.R.",USA
33LG20060514,Laurence M. Gould,Ship,NOAA ESRL CIRES : LDEO Columbia Univ : IAAR Univ Colorado,"Sweeney, C. : Takahashi, T. : Newberger, T. : Sutherland, S.C. : Munro, D.R.",USA
33LG20060620,Laurence M. Gould,Ship,NOAA ESRL CIRES : LDEO Columbia Univ : IAAR Univ Colorado,"Sweeney, C. : Takahashi, T. : Newberger, T. : Sutherland, S.C. : Munro, D.R.",USA
33LG20060806,Laurence M. Gould,Ship,NOAA ESRL CIRES : LDEO Columbia Univ : IAAR Univ Colorado,"Sweeney, C. : Takahashi, T. : Newberger, T. : Sutherland, S.C. : Munro, D.R.",USA
33LG20060916,Laurence M. Gould,Ship,NOAA ESRL CIRES : LDEO Columbia Univ : IAAR Univ Colorado,"Sweeney, C. : Takahashi, T. : Newberger, T. : Sutherland, S.C. : Munro, D.R.",USA
33LG20061006,Laurence M. Gould,Ship,NOAA ESRL CIRES : LDEO Columbia Univ : IAAR Univ Colorado,"Sweeney, C. : Takahashi, T. : Newberger, T. : Sutherland, S.C. : Munro, D.R.",USA
33LG20061029,Laurence M. Gould,Ship,NOAA ESRL CIRES : LDEO Columbia Univ : IAAR Univ Colorado,"Sweeney, C. : Takahashi, T. : Newberger, T. : Sutherland, S.C. : Munro, D.R.",USA
33LG20061113,Laurence M. Gould,Ship,NOAA ESRL CIRES : LDEO Columbia Univ : IAAR Univ Colorado,"Sweeney, C. : Takahashi, T. : Newberger, T. : Sutherland, S.C. : Munro, D.R.",USA
33LG20061206,Laurence M. Gould,Ship,NOAA ESRL CIRES : LDEO Columbia Univ : IAAR Univ Colorado,"Sweeney, C. : Takahashi, T. : Newberger, T. : Sutherland, S.C. : Munro, D.R.",USA
33LG20061214,Laurence M. Gould,Ship,NOAA ESRL CIRES : LDEO Columbia Univ : IAAR Univ Colorado,"Sweeney, C. : Takahashi, T. : Newberger, T. : Sutherland, S.C. : Munro, D.R.",USA
33LG20070102,Laurence M. Gould,Ship,NOAA ESRL CIRES : LDEO Columbia Univ : IAAR Univ Colorado,"Sweeney, C. : Takahashi, T. : Newberger, T. : Sutherland, S.C. : Munro, D.R.",USA
33LG20070216,Laurence M. Gould,Ship,NOAA ESRL CIRES : LDEO Columbia Univ : IAAR Univ Colorado,"Sweeney, C. : Takahashi, T. : Newberger, T. : Sutherland, S.C. : Munro, D.R.",USA
33LG20070308,Laurence M. Gould,Ship,NOAA ESRL CIRES : LDEO Columbia Univ : IAAR Univ Colorado,"Sweeney, C. : Takahashi, T. : Newberger, T. : Sutherland, S.C. : Munro, D.R.",USA
33LG20070324,Laurence M. Gould,Ship,NOAA ESRL CIRES : LDEO Columbia Univ : IAAR Univ Colorado,"Sweeney, C. : Takahashi, T. : Newberger, T. : Sutherland, S.C. : Munro, D.R.",USA
33LG20070411,Laurence M. Gould,Ship,NOAA ESRL CIRES : LDEO Columbia Univ : IAAR Univ Colorado,"Sweeney, C. : Takahashi, T. : Newberger, T. : Sutherland, S.C. : Munro, D.R.",USA
33LG20070513,Laurence M. Gould,Ship,NOAA ESRL CIRES : LDEO Columbia Univ : IAAR Univ Colorado,"Sweeney, C. : Takahashi, T. : Newberger, T. : Sutherland, S.C. : Munro, D.R.",USA
33LG20070606,Laurence M. Gould,Ship,NOAA ESRL CIRES : LDEO Columbia Univ : IAAR Univ Colorado,"Sweeney, C. : Takahashi, T. : Newberger, T. : Sutherland, S.C. : Munro, D.R.",USA
33LG20070913,Laurence M. Gould,Ship,NOAA ESRL CIRES : LDEO Columbia Univ : IAAR Univ Colorado,"Sweeney, C. : Takahashi, T. : Newberger, T. : Sutherland, S.C. : Munro, D.R.",USA
33LG20071008,Laurence M. Gould,Ship,NOAA ESRL CIRES : LDEO Columbia Univ : IAAR Univ Colorado,"Sweeney, C. : Takahashi, T. : Newberger, T. : Sutherland, S.C. : Munro, D.R.",USA
33LG20071104,Laurence M. Gould,Ship,NOAA ESRL CIRES : LDEO Columbia Univ : IAAR Univ Colorado,"Sweeney, C. : Takahashi, T. : Newberger, T. : Sutherland, S.C. : Munro, D.R.",USA
33LG20071122,Laurence M. Gould,Ship,NOAA ESRL CIRES : LDEO Columbia Univ : IAAR Univ Colorado,"Sweeney, C. : Takahashi, T. : Newberger, T. : Sutherland, S.C. : Munro, D.R.",USA
33LG20071230,Laurence M. Gould,Ship,NOAA ESRL CIRES : LDEO Columbia Univ : IAAR Univ Colorado,"Sweeney, C. : Takahashi, T. : Newberger, T. : Sutherland, S.C. : Munro, D.R.",USA
33LG20080215,Laurence M. Gould,Ship,NOAA ESRL CIRES : LDEO Columbia Univ : IAAR Univ Colorado,"Sweeney, C. : Takahashi, T. : Newberger, T. : Sutherland, S.C. : Munro, D.R.",USA
33LG20080323,Laurence M. Gould,Ship,NOAA ESRL CIRES : LDEO Columbia Univ : IAAR Univ Colorado,"Sweeney, C. : Takahashi, T. : Newberger, T. : Sutherland, S.C. : Munro, D.R.",USA
33LG20080409,Laurence M. Gould,Ship,NOAA ESRL CIRES : LDEO Columbia Univ : IAAR Univ Colorado,"Sweeney, C. : Takahashi, T. : Newberger, T. : Sutherland, S.C. : Munro, D.R.",USA
33LG20080427,Laurence M. Gould,Ship,NOAA ESRL CIRES : LDEO Columbia Univ : IAAR Univ Colorado,"Sweeney, C. : Takahashi, T. : Newberger, T. : Sutherland, S.C. : Munro, D.R.",USA
33LG20080528,Laurence M. Gould,Ship,NOAA ESRL CIRES : LDEO Columbia Univ : IAAR Univ Colorado,"Sweeney, C. : Takahashi, T. : Newberger, T. : Sutherland, S.C. : Munro, D.R.",USA
33LG20080624,Laurence M. Gould,Ship,NOAA ESRL CIRES : LDEO Columbia Univ : IAAR Univ Colorado,"Sweeney, C. : Takahashi, T. : Newberger, T. : Sutherland, S.C. : Munro, D.R.",USA
33LG20080711,Laurence M. Gould,Ship,NOAA ESRL CIRES : LDEO Columbia Univ : IAAR Univ Colorado,"Sweeney, C. : Takahashi, T. : Newberger, T. : Sutherland, S.C. : Munro, D.R.",USA
33LG20080813,Laurence M. Gould,Ship,NOAA ESRL CIRES : LDEO Columbia Univ : IAAR Univ Colorado,"Sweeney, C. : Takahashi, T. : Newberger, T. : Sutherland, S.C. : Munro, D.R.",USA
33LG20080914,Laurence M. Gould,Ship,NOAA ESRL CIRES : LDEO Columbia Univ : IAAR Univ Colorado,"Sweeney, C. : Takahashi, T. : Newberger, T. : Sutherland, S.C. : Munro, D.R.",USA
33LG20081016,Laurence M. Gould,Ship,NOAA ESRL CIRES : LDEO Columbia Univ : IAAR Univ Colorado,"Sweeney, C. : Takahashi, T. : Newberger, T. : Sutherland, S.C. : Munro, D.R.",USA
33LG20081231,Laurence M. Gould,Ship,NOAA ESRL CIRES : LDEO Columbia Univ : IAAR Univ Colorado,"Sweeney, C. : Takahashi, T. : Newberger, T. : Sutherland, S.C. : Munro, D.R.",USA
33LG20090212,Laurence M. Gould,Ship,NOAA ESRL CIRES : LDEO Columbia Univ : IAAR Univ Colorado,"Sweeney, C. : Takahashi, T. : Newberger, T. : Sutherland, S.C. : Munro, D.R.",USA
33LG20090322,Laurence M. Gould,Ship,NOAA ESRL CIRES : LDEO Columbia Univ : IAAR Univ Colorado,"Sweeney, C. : Takahashi, T. : Newberger, T. : Sutherland, S.C. : Munro, D.R.",USA
33LG20090412,Laurence M. Gould,Ship,NOAA ESRL CIRES : LDEO Columbia Univ : IAAR Univ Colorado,"Sweeney, C. : Takahashi, T. : Newberger, T. : Sutherland, S.C. : Munro, D.R.",USA
33LG20090616,Laurence M. Gould,Ship,NOAA ESRL CIRES : LDEO Columbia Univ : IAAR Univ Colorado,"Sweeney, C. : Takahashi, T. : Newberger, T. : Sutherland, S.C. : Munro, D.R.",USA
33LG20090712,Laurence M. Gould,Ship,NOAA ESRL CIRES : LDEO Columbia Univ : IAAR Univ Colorado,"Sweeney, C. : Takahashi, T. : Newberger, T. : Sutherland, S.C. : Munro, D.R.",USA
33LG20090914,Laurence M. Gould,Ship,NOAA ESRL CIRES : LDEO Columbia Univ : IAAR Univ Colorado,"Sweeney, C. : Takahashi, T. : Newberger, T. : Sutherland, S.C. : Munro, D.R.",USA
33LG20090917,Laurence M. Gould,Ship,NOAA ESRL CIRES : LDEO Columbia Univ : IAAR Univ Colorado,"Sweeney, C. : Takahashi, T. : Newberger, T. : Sutherland, S.C. : Munro, D.R.",USA
33LG20091123,Laurence M. Gould,Ship,NOAA ESRL CIRES : LDEO Columbia Univ : IAAR Univ Colorado,"Sweeney, C. : Takahashi, T. : Newberger, T. : Sutherland, S.C. : Munro, D.R.",USA
33LG20091229,Laurence M. Gould,Ship,NOAA ESRL CIRES : LDEO Columbia Univ : IAAR Univ Colorado,"Sweeney, C. : Takahashi, T. : Newberger, T. : Sutherland, S.C. : Munro, D.R.",USA
33LG20100213,Laurence M. Gould,Ship,NOAA ESRL CIRES : LDEO Columbia Univ : IAAR Univ Colorado,"Sweeney, C. : Takahashi, T. : Newberger, T. : Sutherland, S.C. : Munro, D.R.",USA
33LG20100410,Laurence M. Gould,Ship,NOAA ESRL CIRES : LDEO Columbia Univ : IAAR Univ Colorado,"Sweeney, C. : Takahashi, T. : Newberger, T. : Sutherland, S.C. : Munro, D.R.",USA
33LG20100504,Laurence M. Gould,Ship,NOAA ESRL CIRES : LDEO Columbia Univ : IAAR Univ Colorado,"Sweeney, C. : Takahashi, T. : Newberger, T. : Sutherland, S.C. : Munro, D.R.",USA
33LG20100913,Laurence M. Gould,Ship,NOAA ESRL CIRES : LDEO Columbia Univ : IAAR Univ Colorado,"Sweeney, C. : Takahashi, T. : Newberger, T. : Sutherland, S.C. : Munro, D.R.",USA
33LG20101006,Laurence M. Gould,Ship,NOAA ESRL CIRES : LDEO Columbia Univ : IAAR Univ Colorado,"Sweeney, C. : Takahashi, T. : Newberger, T. : Sutherland, S.C. : Munro, D.R.",USA
33LG20101113,Laurence M. Gould,Ship,NOAA ESRL CIRES : LDEO Columbia Univ : IAAR Univ Colorado,"Sweeney, C. : Takahashi, T. : Newberger, T. : Sutherland, S.C. : Munro, D.R.",USA
33LG20101125,Laurence M. Gould,Ship,NOAA ESRL CIRES : LDEO Columbia Univ : IAAR Univ Colorado,"Sweeney, C. : Takahashi, T. : Newberger, T. : Sutherland, S.C. : Munro, D.R.",USA
33LG20110102,Laurence M. Gould,Ship,NOAA ESRL CIRES : LDEO Columbia Univ : IAAR Univ Colorado,"Sweeney, C. : Takahashi, T. : Newberger, T. : Sutherland, S.C. : Munro, D.R.",USA
33LG20110214,Laurence M. Gould,Ship,NOAA ESRL CIRES : LDEO Columbia Univ : IAAR Univ Colorado,"Sweeney, C. : Takahashi, T. : Newberger, T. : Sutherland, S.C. : Munro, D.R.",USA
33LG20110324,Laurence M. Gould,Ship,NOAA ESRL CIRES : LDEO Columbia Univ : IAAR Univ Colorado,"Sweeney, C. : Takahashi, T. : Newberger, T. : Sutherland, S.C. : Munro, D.R.",USA
33LG20110413,Laurence M. Gould,Ship,NOAA ESRL CIRES : LDEO Columbia Univ : IAAR Univ Colorado,"Sweeney, C. : Takahashi, T. : Newberger, T. : Sutherland, S.C. : Munro, D.R.",USA
33LG20110503,Laurence M. Gould,Ship,NOAA ESRL CIRES : LDEO Columbia Univ : IAAR Univ Colorado,"Sweeney, C. : Takahashi, T. : Newberger, T. : Sutherland, S.C. : Munro, D.R.",USA
33LG20110802,Laurence M. Gould,Ship,NOAA ESRL CIRES : LDEO Columbia Univ : IAAR Univ Colorado,"Sweeney, C. : Takahashi, T. : Newberger, T. : Sutherland, S.C. : Munro, D.R.",USA
33LG20110914,Laurence M. Gould,Ship,NOAA ESRL CIRES : LDEO Columbia Univ : IAAR Univ Colorado,"Sweeney, C. : Takahashi, T. : Newberger, T. : Sutherland, S.C. : Munro, D.R.",USA
33LG20111007,Laurence M. Gould,Ship,NOAA ESRL CIRES : LDEO Columbia Univ : IAAR Univ Colorado,"Sweeney, C. : Takahashi, T. : Newberger, T. : Sutherland, S.C. : Munro, D.R.",USA
33LG20111102,Laurence M. Gould,Ship,NOAA ESRL CIRES : LDEO Columbia Univ : IAAR Univ Colorado,"Sweeney, C. : Takahashi, T. : Newberger, T. : Sutherland, S.C. : Munro, D.R.",USA
33LG20111205,Laurence M. Gould,Ship,NOAA ESRL CIRES : LDEO Columbia Univ : IAAR Univ Colorado,"Sweeney, C. : Takahashi, T. : Newberger, T. : Sutherland, S.C. : Munro, D.R.",USA
33LG20111230,Laurence M. Gould,Ship,NOAA ESRL CIRES : LDEO Columbia Univ : IAAR Univ Colorado,"Sweeney, C. : Takahashi, T. : Newberger, T. : Sutherland, S.C. : Munro, D.R.",USA
33LG20120212,Laurence M. Gould,Ship,NOAA ESRL CIRES : LDEO Columbia Univ : IAAR Univ Colorado,"Sweeney, C. : Takahashi, T. : Newberger, T. : Sutherland, S.C. : Munro, D.R.",USA
33LG20120317,Laurence M. Gould,Ship,NOAA ESRL CIRES : LDEO Columbia Univ : IAAR Univ Colorado,"Sweeney, C. : Takahashi, T. : Newberger, T. : Sutherland, S.C. : Munro, D.R.",USA
33LG20120408,Laurence M. Gould,Ship,NOAA ESRL CIRES : LDEO Columbia Univ : IAAR Univ Colorado,"Sweeney, C. : Takahashi, T. : Newberger, T. : Sutherland, S.C. : Munro, D.R.",USA
33LG20120503,Laurence M. Gould,Ship,NOAA ESRL CIRES : LDEO Columbia Univ : IAAR Univ Colorado,"Sweeney, C. : Takahashi, T. : Newberger, T. : Sutherland, S.C. : Munro, D.R.",USA
33LG20120606,Laurence M. Gould,Ship,NOAA ESRL CIRES : LDEO Columbia Univ : IAAR Univ Colorado,"Sweeney, C. : Takahashi, T. : Newberger, T. : Sutherland, S.C. : Munro, D.R.",USA
33LG20120918,Laurence M. Gould,Ship,NOAA ESRL CIRES : LDEO Columbia Univ : IAAR Univ Colorado,"Sweeney, C. : Takahashi, T. : Newberger, T. : Sutherland, S.C. : Munro, D.R.",USA
33LG20121010,Laurence M. Gould,Ship,NOAA ESRL CIRES : LDEO Columbia Univ : IAAR Univ Colorado,"Sweeney, C. : Takahashi, T. : Newberger, T. : Sutherland, S.C. : Munro, D.R.",USA
33LG20121105,Laurence M. Gould,Ship,NOAA ESRL CIRES : LDEO Columbia Univ : IAAR Univ Colorado,"Sweeney, C. : Takahashi, T. : Newberger, T. : Sutherland, S.C. : Munro, D.R.",USA
33LG20121128,Laurence M. Gould,Ship,NOAA ESRL CIRES : LDEO Columbia Univ : IAAR Univ Colorado,"Sweeney, C. : Takahashi, T. : Newberger, T. : Sutherland, S.C. : Munro, D.R.",USA
33LG20121211,Laurence M. Gould,Ship,NOAA ESRL CIRES : LDEO Columbia Univ : IAAR Univ Colorado,"Sweeney, C. : Takahashi, T. : Newberger, T. : Sutherland, S.C. : Munro, D.R.",USA
33LG20121231,Laurence M. Gould,Ship,NOAA ESRL CIRES : LDEO Columbia Univ : IAAR Univ Colorado,"Sweeney, C. : Takahashi, T. : Newberger, T. : Sutherland, S.C. : Munro, D.R.",USA
33LG20130213,Laurence M. Gould,Ship,NOAA ESRL CIRES : LDEO Columbia Univ : IAAR Univ Colorado,"Sweeney, C. : Takahashi, T. : Newberger, T. : Sutherland, S.C. : Munro, D.R.",USA
33LG20130311,Laurence M. Gould,Ship,NOAA ESRL CIRES : LDEO Columbia Univ : IAAR Univ Colorado,"Sweeney, C. : Takahashi, T. : Newberger, T. : Sutherland, S.C. : Munro, D.R.",USA
33LG20130412,Laurence M. Gould,Ship,NOAA ESRL CIRES : LDEO Columbia Univ : IAAR Univ Colorado,"Sweeney, C. : Takahashi, T. : Newberger, T. : Sutherland, S.C. : Munro, D.R.",USA
33LG20130512,Laurence M. Gould,Ship,NOAA ESRL CIRES : LDEO Columbia Univ : IAAR Univ Colorado,"Sweeney, C. : Takahashi, T. : Newberger, T. : Sutherland, S.C. : Munro, D.R.",USA
33LG20130601,Laurence M. Gould,Ship,NOAA ESRL CIRES : LDEO Columbia Univ : IAAR Univ Colorado,"Sweeney, C. : Takahashi, T. : Newberger, T. : Sutherland, S.C. : Munro, D.R.",USA
33LG20130914,Laurence M. Gould,Ship,NOAA ESRL CIRES : LDEO Columbia Univ : IAAR Univ Colorado,"Sweeney, C. : Takahashi, T. : Newberger, T. : Sutherland, S.C. : Munro, D.R.",USA
33LG20131005,Laurence M. Gould,Ship,NOAA ESRL CIRES : LDEO Columbia Univ : IAAR Univ Colorado,"Sweeney, C. : Takahashi, T. : Newberger, T. : Sutherland, S.C. : Munro, D.R.",USA
33LG20131027,Laurence M. Gould,Ship,NOAA ESRL CIRES : LDEO Columbia Univ : IAAR Univ Colorado,"Sweeney, C. : Takahashi, T. : Newberger, T. : Sutherland, S.C. : Munro, D.R.",USA
33LG20131123,Laurence M. Gould,Ship,NOAA ESRL CIRES : LDEO Columbia Univ : IAAR Univ Colorado,"Sweeney, C. : Takahashi, T. : Newberger, T. : Sutherland, S.C. : Munro, D.R.",USA
33LG20140101,Laurence M. Gould,Ship,NOAA ESRL CIRES : LDEO Columbia Univ : IAAR Univ Colorado,"Sweeney, C. : Takahashi, T. : Newberger, T. : Sutherland, S.C. : Munro, D.R.",USA
33LG20140214,Laurence M. Gould,Ship,NOAA ESRL CIRES : LDEO Columbia Univ : IAAR Univ Colorado,"Sweeney, C. : Takahashi, T. : Newberger, T. : Sutherland, S.C. : Munro, D.R.",USA
33LG20140322,Laurence M. Gould,Ship,NOAA ESRL CIRES : LDEO Columbia Univ : IAAR Univ Colorado,"Sweeney, C. : Takahashi, T. : Newberger, T. : Sutherland, S.C. : Munro, D.R.",USA
33LG20140409,Laurence M. Gould,Ship,NOAA ESRL CIRES : LDEO Columbia Univ : IAAR Univ Colorado,"Sweeney, C. : Takahashi, T. : Newberger, T. : Sutherland, S.C. : Munro, D.R.",USA
33LG20140623,Laurence M. Gould,Ship,NOAA ESRL CIRES : LDEO Columbia Univ : IAAR Univ Colorado,"Sweeney, C. : Takahashi, T. : Newberger, T. : Sutherland, S.C. : Munro, D.R.",USA
33LG20140914,Laurence M. Gould,Ship,NOAA ESRL CIRES : LDEO Columbia Univ : IAAR Univ Colorado,"Sweeney, C. : Takahashi, T. : Newberger, T. : Sutherland, S.C. : Munro, D.R.",USA
33LG20141008,Laurence M. Gould,Ship,NOAA ESRL CIRES : LDEO Columbia Univ : IAAR Univ Colorado,"Sweeney, C. : Takahashi, T. : Newberger, T. : Sutherland, S.C. : Munro, D.R.",USA
33LG20141028,Laurence M. Gould,Ship,NOAA ESRL CIRES : LDEO Columbia Univ : IAAR Univ Colorado,"Sweeney, C. : Takahashi, T. : Newberger, T. : Sutherland, S.C. : Munro, D.R.",USA
33LG20141128,Laurence M. Gould,Ship,NOAA ESRL CIRES : LDEO Columbia Univ : IAAR Univ Colorado,"Sweeney, C. : Takahashi, T. : Newberger, T. : Sutherland, S.C. : Munro, D.R.",USA
33LG20141230,Laurence M. Gould,Ship,NOAA ESRL CIRES : LDEO Columbia Univ : IAAR Univ Colorado,"Sweeney, C. : Takahashi, T. : Newberger, T. : Sutherland, S.C. : Munro, D.R.",USA
33LG20150214,Laurence M. Gould,Ship,NOAA ESRL CIRES : LDEO Columbia Univ : IAAR Univ Colorado,"Sweeney, C. : Takahashi, T. : Newberger, T. : Sutherland, S.C. : Munro, D.R.",USA
33LG20150321,Laurence M. Gould,Ship,NOAA ESRL CIRES : LDEO Columbia Univ : IAAR Univ Colorado,"Sweeney, C. : Takahashi, T. : Newberger, T. : Sutherland, S.C. : Munro, D.R.",USA
33LG20150408,Laurence M. Gould,Ship,NOAA ESRL CIRES : LDEO Columbia Univ : IAAR Univ Colorado,"Sweeney, C. : Takahashi, T. : Newberger, T. : Sutherland, S.C. : Munro, D.R.",USA
33LG20150516,Laurence M. Gould,Ship,NOAA ESRL CIRES : LDEO Columbia Univ : IAAR Univ Colorado,"Sweeney, C. : Takahashi, T. : Newberger, T. : Sutherland, S.C. : Munro, D.R.",USA
33LG20150621,Laurence M. Gould,Ship,NOAA ESRL CIRES : LDEO Columbia Univ : IAAR Univ Colorado,"Sweeney, C. : Takahashi, T. : Newberger, T. : Sutherland, S.C. : Munro, D.R.",USA
33LG20151002,Laurence M. Gould,Ship,NOAA ESRL CIRES : LDEO Columbia Univ : IAAR Univ Colorado,"Sweeney, C. : Takahashi, T. : Newberger, T. : Sutherland, S.C. : Munro, D.R.",USA
33LG20151023,Laurence M. Gould,Ship,NOAA ESRL CIRES : LDEO Columbia Univ : IAAR Univ Colorado,"Sweeney, C. : Takahashi, T. : Newberger, T. : Sutherland, S.C. : Munro, D.R.",USA
33LG20151118,Laurence M. Gould,Ship,NOAA ESRL CIRES : LDEO Columbia Univ : IAAR Univ Colorado,"Sweeney, C. : Takahashi, T. : Newberger, T. : Sutherland, S.C. : Munro, D.R.",USA
33LG20160221,Laurence M. Gould,Ship,NOAA ESRL CIRES : LDEO Columbia Univ : IAAR Univ Colorado,"Sweeney, C. : Takahashi, T. : Newberger, T. : Sutherland, S.C. : Munro, D.R.",USA
33LG20160329,Laurence M. Gould,Ship,NOAA ESRL CIRES : LDEO Columbia Univ : IAAR Univ Colorado,"Sweeney, C. : Takahashi, T. : Newberger, T. : Sutherland, S.C. : Munro, D.R.",USA
33LG20160417,Laurence M. Gould,Ship,NOAA ESRL CIRES : LDEO Columbia Univ : IAAR Univ Colorado,"Sweeney, C. : Takahashi, T. : Newberger, T. : Sutherland, S.C. : Munro, D.R.",USA
33LG20160521,Laurence M. Gould,Ship,NOAA ESRL CIRES : LDEO Columbia Univ : IAAR Univ Colorado,"Sweeney, C. : Takahashi, T. : Newberger, T. : Sutherland, S.C. : Munro, D.R.",USA
33LG20160626,Laurence M. Gould,Ship,NOAA ESRL CIRES : LDEO Columbia Univ : IAAR Univ Colorado,"Sweeney, C. : Takahashi, T. : Newberger, T. : Sutherland, S.C. : Munro, D.R.",USA
33LG20161003,Laurence M. Gould,Ship,NOAA ESRL CIRES : LDEO Columbia Univ : IAAR Univ Colorado,"Sweeney, C. : Takahashi, T. : Newberger, T. : Sutherland, S.C. : Munro, D.R.",USA
33LG20161022,Laurence M. Gould,Ship,NOAA ESRL CIRES : LDEO Columbia Univ : IAAR Univ Colorado,"Sweeney, C. : Takahashi, T. : Newberger, T. : Sutherland, S.C. : Munro, D.R.",USA
33LG20161109,Laurence M. Gould,Ship,NOAA ESRL CIRES : LDEO Columbia Univ : IAAR Univ Colorado,"Sweeney, C. : Takahashi, T. : Newberger, T. : Sutherland, S.C. : Munro, D.R.",USA
33LG20161203,Laurence M. Gould,Ship,NOAA ESRL CIRES : LDEO Columbia Univ : IAAR Univ Colorado,"Sweeney, C. : Takahashi, T. : Newberger, T. : Sutherland, S.C. : Munro, D.R.",USA
33LG20161230,Laurence M. Gould,Ship,NOAA ESRL CIRES : LDEO Columbia Univ : IAAR Univ Colorado,"Sweeney, C. : Takahashi, T. : Newberger, T. : Sutherland, S.C. : Munro, D.R.",USA
33LG20170214,Laurence M. Gould,Ship,NOAA ESRL CIRES : LDEO Columbia Univ : IAAR Univ Colorado,"Sweeney, C. : Takahashi, T. : Newberger, T. : Sutherland, S.C. : Munro, D.R.",USA
33LG20170325,Laurence M. Gould,Ship,NOAA ESRL CIRES : LDEO Columbia Univ : IAAR Univ Colorado,"Sweeney, C. : Takahashi, T. : Newberger, T. : Sutherland, S.C. : Munro, D.R.",USA
33LG20170413,Laurence M. Gould,Ship,NOAA ESRL CIRES : LDEO Columbia Univ : IAAR Univ Colorado,"Sweeney, C. : Takahashi, T. : Newberger, T. : Sutherland, S.C. : Munro, D.R.",USA
33LG20170712,Laurence M. Gould,Ship,NOAA ESRL CIRES : LDEO Columbia Univ : IAAR Univ Colorado,"Sweeney, C. : Takahashi, T. : Newberger, T. : Sutherland, S.C. : Munro, D.R.",USA
33LG20170812,Laurence M. Gould,Ship,NOAA ESRL CIRES : LDEO Columbia Univ : IAAR Univ Colorado,"Sweeney, C. : Takahashi, T. : Newberger, T. : Sutherland, S.C. : Munro, D.R.",USA
33LG20170909,Laurence M. Gould,Ship,NOAA ESRL CIRES : LDEO Columbia Univ : IAAR Univ Colorado,"Sweeney, C. : Takahashi, T. : Newberger, T. : Sutherland, S.C. : Munro, D.R.",USA
33LG20171021,Laurence M. Gould,Ship,NOAA ESRL CIRES : LDEO Columbia Univ : IAAR Univ Colorado,"Sweeney, C. : Takahashi, T. : Newberger, T. : Sutherland, S.C. : Munro, D.R.",USA
33LG20171114,Laurence M. Gould,Ship,NOAA ESRL CIRES : LDEO Columbia Univ : IAAR Univ Colorado,"Sweeney, C. : Takahashi, T. : Newberger, T. : Sutherland, S.C. : Munro, D.R.",USA
33LG20171209,Laurence M. Gould,Ship,NOAA ESRL CIRES : LDEO Columbia Univ : IAAR Univ Colorado,"Sweeney, C. : Takahashi, T. : Newberger, T. : Sutherland, S.C. : Munro, D.R.",USA
33LG20171230,Laurence M. Gould,Ship,NOAA ESRL CIRES : LDEO Columbia Univ : IAAR Univ Colorado,"Sweeney, C. : Takahashi, T. : Newberger, T. : Sutherland, S.C. : Munro, D.R.",USA
33LG20180216,Laurence M. Gould,Ship,NOAA ESRL CIRES : LDEO Columbia Univ : IAAR Univ Colorado,"Sweeney, C. : Takahashi, T. : Newberger, T. : Sutherland, S.C. : Munro, D.R.",USA
33LG20180324,Laurence M. Gould,Ship,NOAA ESRL CIRES : LDEO Columbia Univ : IAAR Univ Colorado,"Sweeney, C. : Takahashi, T. : Newberger, T. : Sutherland, S.C. : Munro, D.R.",USA
33LG20180413,Laurence M. Gould,Ship,NOAA ESRL CIRES : LDEO Columbia Univ : IAAR Univ Colorado,"Sweeney, C. : Takahashi, T. : Newberger, T. : Sutherland, S.C. : Munro, D.R.",USA
33LG20180519,Laurence M. Gould,Ship,NOAA ESRL CIRES : LDEO Columbia Univ : IAAR Univ Colorado,"Sweeney, C. : Takahashi, T. : Newberger, T. : Sutherland, S.C. : Munro, D.R.",USA
33LG20181002,Laurence M. Gould,Ship,NOAA ESRL CIRES : LDEO Columbia Univ : IAAR Univ Colorado,"Sweeney, C. : Takahashi, T. : Newberger, T. : Sutherland, S.C. : Munro, D.R.",USA
33LG20181021,Laurence M. Gould,Ship,NOAA ESRL CIRES : LDEO Columbia Univ : IAAR Univ Colorado,"Sweeney, C. : Takahashi, T. : Newberger, T. : Sutherland, S.C. : Munro, D.R.",USA
33LG20181107,Laurence M. Gould,Ship,NOAA ESRL CIRES : LDEO Columbia Univ : IAAR Univ Colorado,"Sweeney, C. : Takahashi, T. : Newberger, T. : Sutherland, S.C. : Munro, D.R.",USA
33LG20181206,Laurence M. Gould,Ship,NOAA ESRL CIRES : LDEO Columbia Univ : IAAR Univ Colorado,"Sweeney, C. : Takahashi, T. : Newberger, T. : Sutherland, S.C. : Munro, D.R.",USA
33LG20181230,Laurence M. Gould,Ship,NOAA ESRL CIRES : LDEO Columbia Univ : IAAR Univ Colorado,"Sweeney, C. : Takahashi, T. : Newberger, T. : Sutherland, S.C. : Munro, D.R.",USA
33LG20190216,Laurence M. Gould,Ship,NOAA ESRL CIRES : LDEO Columbia Univ : IAAR Univ Colorado,"Sweeney, C. : Takahashi, T. : Newberger, T. : Sutherland, S.C. : Munro, D.R.",USA
33LG20190326,Laurence M. Gould,Ship,NOAA ESRL CIRES : LDEO Columbia Univ : IAAR Univ Colorado,"Sweeney, C. : Takahashi, T. : Newberger, T. : Sutherland, S.C. : Munro, D.R.",USA
33LG20190415,Laurence M. Gould,Ship,NOAA ESRL CIRES : LDEO Columbia Univ : IAAR Univ Colorado,"Sweeney, C. : Takahashi, T. : Newberger, T. : Sutherland, S.C. : Munro, D.R.",USA
33LG20191002,Laurence M. Gould,Ship,NOAA ESRL CIRES : LDEO Columbia Univ : IAAR Univ Colorado,"Sweeney, C. : Newberger, T. : Sutherland, S.C. : Munro, D.R.",USA
33LG20191021,Laurence M. Gould,Ship,NOAA ESRL CIRES : LDEO Columbia Univ : IAAR Univ Colorado,"Sweeney, C. : Newberger, T. : Sutherland, S.C. : Munro, D.R.",USA
33LG20191108,Laurence M. Gould,Ship,NOAA ESRL CIRES : LDEO Columbia Univ : IAAR Univ Colorado,"Sweeney, C. : Newberger, T. : Sutherland, S.C. : Munro, D.R.",USA
33LG20191202,Laurence M. Gould,Ship,NOAA ESRL CIRES : LDEO Columbia Univ : IAAR Univ Colorado,"Sweeney, C. : Newberger, T. : Sutherland, S.C. : Munro, D.R.",USA
33LG20191230,Laurence M. Gould,Ship,NOAA ESRL CIRES : LDEO Columbia Univ : IAAR Univ Colorado,"Sweeney, C. : Newberger, T. : Sutherland, S.C. : Munro, D.R.",USA
33LG20200216,Laurence M. Gould,Ship,NOAA ESRL CIRES : LDEO Columbia Univ : IAAR Univ Colorado,"Sweeney, C. : Newberger, T. : Sutherland, S.C. : Munro, D.R.",USA
33LG20200603,Laurence M. Gould,Ship,NOAA ESRL CIRES : LDEO Columbia Univ : IAAR Univ Colorado,"Sweeney, C. : Newberger, T. : Sutherland, S.C. : Munro, D.R.",USA
33LG20201201,Laurence M. Gould,Ship,NOAA ESRL CIRES : LDEO Columbia Univ : IAAR Univ Colorado,"Sweeney, C. : Newberger, T. : Sutherland, S.C. : Munro, D.R.",USA
33LG20210504,Laurence M. Gould,Ship,NOAA ESRL CIRES : LDEO Columbia Univ : IAAR Univ Colorado,"Sweeney, C. : Newberger, T. : Sutherland, S.C. : Munro, D.R.",USA
33LG20211007,Laurence M. Gould,Ship,NOAA ESRL CIRES : LDEO Columbia Univ : IAAR Univ Colorado,"Sweeney, C. : Newberger, T. : Sutherland, S.C. : Munro, D.R.",USA
33LG20211222,Laurence M. Gould,Ship,NOAA ESRL CIRES : LDEO Columbia Univ : IAAR Univ Colorado,"Sweeney, C. : Newberger, T. : Sutherland, S.C. : Munro, D.R.",USA
33LG20220305,Laurence M. Gould,Ship,NOAA ESRL CIRES : LDEO Columbia Univ : IAAR Univ Colorado,"Sweeney, C. : Newberger, T. : Sutherland, S.C. : Munro, D.R.",USA
33LG20220329,Laurence M. Gould,Ship,NOAA ESRL CIRES : LDEO Columbia Univ : IAAR Univ Colorado,"Sweeney, C. : Newberger, T. : Sutherland, S.C. : Munro, D.R.",USA
33LG20220424,Laurence M. Gould,Ship,NOAA ESRL CIRES : LDEO Columbia Univ : IAAR Univ Colorado,"Sweeney, C. : Newberger, T. : Sutherland, S.C. : Munro, D.R.",USA
33LG20220518,Laurence M. Gould,Ship,NOAA ESRL CIRES : LDEO Columbia Univ : IAAR Univ Colorado,"Sweeney, C. : Newberger, T. : Sutherland, S.C. : Munro, D.R.",USA
33LG20221003,Laurence M. Gould,Ship,NOAA ESRL CIRES : LDEO Columbia Univ : IAAR Univ Colorado,"Sweeney, C. : Newberger, T. : Sutherland, S.C. : Munro, D.R.",USA
33LG20230211,Laurence M. Gould,Ship,NOAA ESRL CIRES : LDEO Columbia Univ : IAAR Univ Colorado,"Sweeney, C. : Newberger, T. : Sutherland, S.C. : Munro, D.R.",USA
33LG20230329,Laurence M. Gould,Ship,NOAA ESRL CIRES : LDEO Columbia Univ : IAAR Univ Colorado,"Sweeney, C. : Newberger, T. : Sutherland, S.C. : Munro, D.R.",USA
33LG20230416,Laurence M. Gould,Ship,NOAA ESRL CIRES : LDEO Columbia Univ : IAAR Univ Colorado,"Sweeney, C. : Newberger, T. : Sutherland, S.C. : Munro, D.R.",USA
33LG20230507,Laurence M. Gould,Ship,NOAA ESRL CIRES : LDEO Columbia Univ : IAAR Univ Colorado,"Sweeney, C. : Newberger, T. : Sutherland, S.C. : Munro, D.R.",USA
33LG20230708,Laurence M. Gould,Ship,NOAA ESRL CIRES : LDEO Columbia Univ : IAAR Univ Colorado,"Sweeney, C. : Newberger, T. : Sutherland, S.C. : Munro, D.R.",USA
33LG20231006,Laurence M. Gould,Ship,NOAA ESRL CIRES : LDEO Columbia Univ : IAAR Univ Colorado,"Sweeney, C. : Newberger, T. : Sutherland, S.C. : Munro, D.R.",USA
33LG20231031,Laurence M. Gould,Ship,NOAA ESRL CIRES : LDEO Columbia Univ : IAAR Univ Colorado,"Sweeney, C. : Newberger, T. : Sutherland, S.C. : Munro, D.R.",USA
33LG20231125,Laurence M. Gould,Ship,NOAA ESRL CIRES : LDEO Columbia Univ : IAAR Univ Colorado,"Sweeney, C. : Newberger, T. : Sutherland, S.C. : Munro, D.R.",USA
33LG20231221,Laurence M. Gould,Ship,NOAA ESRL CIRES : LDEO Columbia Univ : IAAR Univ Colorado,"Sweeney, C. : Newberger, T. : Sutherland, S.C. : Munro, D.R.",USA
33LG20240401,Laurence M. Gould,Ship,NOAA ESRL CIRES : LDEO Columbia Univ : IAAR Univ Colorado,"Sweeney, C. : Newberger, T. : Sutherland, S.C. : Munro, D.R.",USA
33MH20060730,McArthur II,Ship,NOAA PMEL,"Feely, R.",USA
33MH20060902,McArthur II,Ship,NOAA PMEL,"Feely, R.",USA
33MH20061010,McArthur II,Ship,NOAA PMEL,"Feely, R.",USA
33MH20061109,McArthur II,Ship,NOAA PMEL,"Feely, R.",USA
33MH20070605,McArthur II,Ship,NOAA PMEL,"Feely, R.",USA
33MH20070616,McArthur II,Ship,NOAA PMEL,"Feely, R.",USA
33MH20070629,McArthur II,Ship,NOAA PMEL,"Feely, R.",USA
33MH20070717,McArthur II,Ship,NOAA PMEL,"Feely, R.",USA
33MW19900223,Malcolm Baldrige,Ship,Scripps Inst Ocean,"Weiss, R.",USA
33MW19900326,Malcolm Baldrige,Ship,Scripps Inst Ocean,"Weiss, R.",USA
33MW19910711,Malcolm Baldrige,Ship,NOAA AOML,"Wanninkhof, R.",USA
33MW19910813,Malcolm Baldrige,Ship,NOAA AOML,"Wanninkhof, R.",USA
33MW19920224,Malcolm Baldrige,Ship,NOAA AOML,"Wanninkhof, R.",USA
33MW19920530,Malcolm Baldrige,Ship,NOAA AOML,"Wanninkhof, R.",USA
33MW19920803,Malcolm Baldrige,Ship,NOAA AOML,"Wanninkhof, R.",USA
33MW19930226,Malcolm Baldrige,Ship,NOAA AOML,"Wanninkhof, R.",USA
33MW19930604,Malcolm Baldrige,Ship,NOAA AOML,"Wanninkhof, R.",USA
33MW19940415,Malcolm Baldrige,Ship,NOAA AOML,"Wanninkhof, R.",USA
33MW19940801,Malcolm Baldrige,Ship,NOAA AOML,"Wanninkhof, R.",USA
33MW19950224,Malcolm Baldrige,Ship,NOAA AOML,"Wanninkhof, R.",USA
33MW19950321,Malcolm Baldrige,Ship,NOAA AOML,"Wanninkhof, R.",USA
33MW19950427,Malcolm Baldrige,Ship,NOAA AOML,"Wanninkhof, R.",USA
33MW19950531,Malcolm Baldrige,Ship,NOAA AOML,"Wanninkhof, R.",USA
33MW19950712,Malcolm Baldrige,Ship,NOAA AOML,"Wanninkhof, R.",USA
33MW19950731,Malcolm Baldrige,Ship,NOAA AOML,"Wanninkhof, R.",USA
33MW19950902,Malcolm Baldrige,Ship,NOAA AOML,"Wanninkhof, R.",USA
33MW19951028,Malcolm Baldrige,Ship,NOAA AOML,"Wanninkhof, R.",USA
33MW19951121,Malcolm Baldrige,Ship,NOAA AOML,"Wanninkhof, R.",USA
33MW19960120,Malcolm Baldrige,Ship,NOAA AOML,"Wanninkhof, R.",USA
33MW19960330,Malcolm Baldrige,Ship,NOAA AOML,"Wanninkhof, R.",USA
33MW19960505,Malcolm Baldrige,Ship,NOAA PMEL,"Feely, R.",USA
33MW19960606,Malcolm Baldrige,Ship,NOAA PMEL,"Feely, R.",USA
33OA20140303,Oscar Dyson,Ship,NOAA PMEL,"Alin, S. : Cosca, C. : Feely, R.",USA
33OA20140314,Oscar Dyson,Ship,NOAA PMEL,"Alin, S. : Cosca, C. : Feely, R.",USA
33OA20140405,Oscar Dyson,Ship,NOAA PMEL,"Alin, S. : Cosca, C. : Feely, R.",USA
33OA20140507,Oscar Dyson,Ship,NOAA PMEL,"Alin, S. : Cosca, C. : Feely, R.",USA
33OA20140520,Oscar Dyson,Ship,NOAA PMEL,"Alin, S. : Cosca, C. : Feely, R.",USA
33OA20140616,Oscar Dyson,Ship,NOAA PMEL,"Alin, S. : Cosca, C. : Feely, R.",USA
33OA20140704,Oscar Dyson,Ship,NOAA PMEL,"Alin, S. : Cosca, C. : Feely, R.",USA
33OA20140727,Oscar Dyson,Ship,NOAA PMEL,"Alin, S. : Cosca, C. : Feely, R.",USA
33OA20190626,Oscar Dyson,Ship,NOAA PMEL,"Alin, S. : Feely, R.",USA
33OA20190720,Oscar Dyson,Ship,NOAA PMEL,"Alin, S. : Feely, R.",USA
33OA20190813,Oscar Dyson,Ship,NOAA PMEL,"Alin, S. : Feely, R.",USA
33OA20190830,Oscar Dyson,Ship,NOAA PMEL,"Alin, S. : Feely, R.",USA
33OA20190919,Oscar Dyson,Ship,NOAA PMEL,"Alin, S. : Feely, R.",USA
33OA20191007,Oscar Dyson,Ship,NOAA PMEL,"Alin, S. : Feely, R.",USA
33OA20200212,Oscar Dyson,Ship,NOAA PMEL,"Alin, S. : Feely, R.",USA
33OA20200303,Oscar Dyson,Ship,NOAA PMEL,"Alin, S. : Feely, R.",USA
33OA20200321,Oscar Dyson,Ship,NOAA PMEL,"Alin, S. : Feely, R.",USA
33OA20200811,Oscar Dyson,Ship,NOAA PMEL,"Alin, S. : Feely, R.",USA
33OA20200824,Oscar Dyson,Ship,NOAA PMEL,"Alin, S. : Feely, R.",USA
33OA20201001,Oscar Dyson,Ship,NOAA PMEL,"Alin, S. : Feely, R.",USA
33OA20220602,Oscar Dyson,Ship,NOAA PMEL,"Alin, S. : Feely, R.",USA
33OA20220621,Oscar Dyson,Ship,NOAA PMEL,"Alin, S. : Feely, R.",USA
33OA20220720,Oscar Dyson,Ship,NOAA PMEL,"Alin, S. : Feely, R.",USA
33OA20220817,Oscar Dyson,Ship,NOAA PMEL,"Alin, S. : Feely, R.",USA
33OA20220901,Oscar Dyson,Ship,NOAA PMEL,"Alin, S. : Feely, R.",USA
33OA20220919,Oscar Dyson,Ship,NOAA PMEL,"Alin, S. : Feely, R.",USA
33RO19970728,Ronald H. Brown,Ship,NOAA AOML,"Wanninkhof, R.",USA
33RO19970831,Ronald H. Brown,Ship,NOAA AOML,"Wanninkhof, R.",USA
33RO19970912,Ronald H. Brown,Ship,NOAA AOML,"Wanninkhof, R.",USA
33RO19970920,Ronald H. Brown,Ship,NOAA AOML,"Wanninkhof, R.",USA
33RO19971011,Ronald H. Brown,Ship,NOAA AOML,"Wanninkhof, R.",USA
33RO19971030,Ronald H. Brown,Ship,NOAA AOML,"Wanninkhof, R.",USA
33RO19971101,Ronald H. Brown,Ship,NOAA AOML,"Wanninkhof, R.",USA
33RO19971111,Ronald H. Brown,Ship,NOAA AOML,"Wanninkhof, R.",USA
33RO19980108,Ronald H. Brown,Ship,NOAA AOML,"Wanninkhof, R.",USA
33RO19980123,Ronald H. Brown,Ship,NOAA AOML,"Wanninkhof, R.",USA
33RO19980507,Ronald H. Brown,Ship,NOAA AOML,"Wanninkhof, R.",USA
33RO19980525,Ronald H. Brown,Ship,NOAA AOML,"Wanninkhof, R.",USA
33RO19980628,Ronald H. Brown,Ship,NOAA AOML,"Wanninkhof, R.",USA
33RO19980712,Ronald H. Brown,Ship,NOAA AOML,"Wanninkhof, R.",USA
33RO19980716,Ronald H. Brown,Ship,NOAA AOML,"Wanninkhof, R.",USA
33RO19980730,Ronald H. Brown,Ship,NOAA AOML,"Wanninkhof, R.",USA
33RO19980826,Ronald H. Brown,Ship,NOAA AOML,"Wanninkhof, R.",USA
33RO19980923,Ronald H. Brown,Ship,NOAA AOML,"Wanninkhof, R.",USA
33RO19981015,Ronald H. Brown,Ship,NOAA AOML,"Wanninkhof, R.",USA
33RO19981117,Ronald H. Brown,Ship,NOAA AOML,"Wanninkhof, R.",USA
33RO19990115,Ronald H. Brown,Ship,NOAA AOML,"Wanninkhof, R.",USA
33RO19990211,Ronald H. Brown,Ship,NOAA AOML,"Wanninkhof, R.",USA
33RO19990222,Ronald H. Brown,Ship,NOAA AOML,"Wanninkhof, R.",USA
33RO19990304,Ronald H. Brown,Ship,NOAA AOML,"Wanninkhof, R.",USA
33RO19990326,Ronald H. Brown,Ship,NOAA AOML,"Wanninkhof, R.",USA
33RO19990430,Ronald H. Brown,Ship,NOAA AOML,"Wanninkhof, R. : Pierrot, D.",USA
33RO19990615,Ronald H. Brown,Ship,NOAA AOML,"Wanninkhof, R.",USA
33RO19990913,Ronald H. Brown,Ship,NOAA AOML,"Wanninkhof, R.",USA
33RO19990926,Ronald H. Brown,Ship,NOAA AOML,"Wanninkhof, R.",USA
33RO19991005,Ronald H. Brown,Ship,NOAA AOML,"Wanninkhof, R.",USA
33RO19991102,Ronald H. Brown,Ship,NOAA AOML,"Wanninkhof, R.",USA
33RO20000318,Ronald H. Brown,Ship,NOAA AOML,"Wanninkhof, R.",USA
33RO20000324,Ronald H. Brown,Ship,NOAA AOML,"Wanninkhof, R.",USA
33RO20000522,Ronald H. Brown,Ship,NOAA AOML,"Wanninkhof, R.",USA
33RO20000617,Ronald H. Brown,Ship,NOAA AOML,"Wanninkhof, R.",USA
33RO20000629,Ronald H. Brown,Ship,NOAA AOML,"Wanninkhof, R.",USA
33RO20000720,Ronald H. Brown,Ship,NOAA AOML,"Wanninkhof, R.",USA
33RO20000916,Ronald H. Brown,Ship,NOAA AOML,"Wanninkhof, R.",USA
33RO20000927,Ronald H. Brown,Ship,NOAA AOML,"Wanninkhof, R.",USA
33RO20001017,Ronald H. Brown,Ship,NOAA AOML,"Wanninkhof, R.",USA
33RO20010128,Ronald H. Brown,Ship,NOAA AOML,"Wanninkhof, R.",USA
33RO20010315,Ronald H. Brown,Ship,NOAA AOML,"Wanninkhof, R.",USA
33RO20010428,Ronald H. Brown,Ship,NOAA AOML,"Wanninkhof, R.",USA
33RO20010506,Ronald H. Brown,Ship,NOAA AOML,"Wanninkhof, R.",USA
33RO20010526,Ronald H. Brown,Ship,NOAA AOML,"Wanninkhof, R.",USA
33RO20010611,Ronald H. Brown,Ship,NOAA AOML,"Wanninkhof, R.",USA
33RO20010627,Ronald H. Brown,Ship,NOAA AOML,"Wanninkhof, R.",USA
33RO20010714,Ronald H. Brown,Ship,NOAA AOML,"Wanninkhof, R.",USA
33RO20010828,Ronald H. Brown,Ship,NOAA AOML,"Wanninkhof, R.",USA
33RO20010910,Ronald H. Brown,Ship,NOAA AOML,"Wanninkhof, R.",USA
33RO20011009,Ronald H. Brown,Ship,NOAA AOML,"Wanninkhof, R.",USA
33RO20011030,Ronald H. Brown,Ship,NOAA AOML,"Wanninkhof, R.",USA
33RO20020115,Ronald H. Brown,Ship,NOAA AOML,"Wanninkhof, R.",USA
33RO20020201,Ronald H. Brown,Ship,NOAA AOML,"Wanninkhof, R.",USA
33RO20020303,Ronald H. Brown,Ship,NOAA AOML,"Wanninkhof, R.",USA
33RO20020310,Ronald H. Brown,Ship,NOAA AOML,"Wanninkhof, R.",USA
33RO20020325,Ronald H. Brown,Ship,NOAA AOML,"Wanninkhof, R.",USA
33RO20020617,Ronald H. Brown,Ship,NOAA AOML,"Wanninkhof, R.",USA
33RO20020713,Ronald H. Brown,Ship,NOAA AOML,"Wanninkhof, R.",USA
33RO20020726,Ronald H. Brown,Ship,NOAA AOML,"Wanninkhof, R.",USA
33RO20020817,Ronald H. Brown,Ship,NOAA AOML,"Wanninkhof, R.",USA
33RO20020827,Ronald H. Brown,Ship,NOAA AOML,"Wanninkhof, R.",USA
33RO20020919,Ronald H. Brown,Ship,NOAA AOML,"Wanninkhof, R.",USA
33RO20020924,Ronald H. Brown,Ship,NOAA AOML,"Wanninkhof, R.",USA
33RO20021008,Ronald H. Brown,Ship,NOAA AOML,"Wanninkhof, R.",USA
33RO20030206,Ronald H. Brown,Ship,NOAA AOML,"Wanninkhof, R.",USA
33RO20030219,Ronald H. Brown,Ship,NOAA AOML,"Wanninkhof, R.",USA
33RO20030310,Ronald H. Brown,Ship,NOAA AOML,"Wanninkhof, R.",USA
33RO20030605,Ronald H. Brown,Ship,NOAA AOML,"Wanninkhof, R.",USA
33RO20030619,Ronald H. Brown,Ship,NOAA AOML,"Wanninkhof, R.",USA
33RO20030715,Ronald H. Brown,Ship,NOAA AOML,"Wanninkhof, R.",USA
33RO20030828,Ronald H. Brown,Ship,NOAA AOML,"Wanninkhof, R.",USA
33RO20030909,Ronald H. Brown,Ship,NOAA AOML,"Wanninkhof, R.",USA
33RO20030921,Ronald H. Brown,Ship,NOAA AOML,"Wanninkhof, R.",USA
33RO20031006,Ronald H. Brown,Ship,NOAA AOML,"Wanninkhof, R.",USA
33RO20031027,Ronald H. Brown,Ship,NOAA AOML,"Wanninkhof, R.",USA
33RO20040212,Ronald H. Brown,Ship,NOAA AOML,"Wanninkhof, R.",USA
33RO20040301,Ronald H. Brown,Ship,NOAA AOML,"Wanninkhof, R.",USA
33RO20040317,Ronald H. Brown,Ship,NOAA AOML,"Wanninkhof, R.",USA
33RO20040329,Ronald H. Brown,Ship,NOAA AOML,"Wanninkhof, R.",USA
33RO20040430,Ronald H. Brown,Ship,NOAA AOML,"Wanninkhof, R.",USA
33RO20040509,Ronald H. Brown,Ship,NOAA AOML,"Wanninkhof, R.",USA
33RO20040527,Ronald H. Brown,Ship,NOAA AOML,"Wanninkhof, R. : Pierrot, D.",USA
33RO20040618,Ronald H. Brown,Ship,NOAA AOML,"Wanninkhof, R.",USA
33RO20040705,Ronald H. Brown,Ship,NOAA AOML,"Wanninkhof, R.",USA
33RO20040726,Ronald H. Brown,Ship,NOAA AOML,"Wanninkhof, R.",USA
33RO20040922,Ronald H. Brown,Ship,NOAA AOML,"Wanninkhof, R.",USA
33RO20041010,Ronald H. Brown,Ship,NOAA AOML,"Wanninkhof, R.",USA
33RO20041029,Ronald H. Brown,Ship,NOAA AOML,"Wanninkhof, R.",USA
33RO20041205,Ronald H. Brown,Ship,NOAA AOML,"Wanninkhof, R.",USA
33RO20041229,Ronald H. Brown,Ship,NOAA AOML,"Wanninkhof, R.",USA
33RO20050111,Ronald H. Brown,Ship,NOAA AOML,"Wanninkhof, R.",USA
33RO20050301,Ronald H. Brown,Ship,NOAA AOML,"Wanninkhof, R.",USA
33RO20050310,Ronald H. Brown,Ship,NOAA AOML,"Wanninkhof, R.",USA
33RO20050712,Ronald H. Brown,Ship,NOAA AOML,"Wanninkhof, R.",USA
33RO20050718,Ronald H. Brown,Ship,NOAA AOML,"Wanninkhof, R.",USA
33RO20050810,Ronald H. Brown,Ship,NOAA AOML,"Wanninkhof, R.",USA
33RO20050906,Ronald H. Brown,Ship,NOAA AOML,"Wanninkhof, R. : Pierrot, D.",USA
33RO20050911,Ronald H. Brown,Ship,NOAA AOML,"Wanninkhof, R.",USA
33RO20051004,Ronald H. Brown,Ship,NOAA AOML,"Wanninkhof, R.",USA
33RO20051026,Ronald H. Brown,Ship,NOAA AOML,"Wanninkhof, R.",USA
33RO20060216,Ronald H. Brown,Ship,NOAA AOML,"Wanninkhof, R.",USA
33RO20060312,Ronald H. Brown,Ship,NOAA AOML,"Wanninkhof, R.",USA
33RO20060411,Ronald H. Brown,Ship,NOAA AOML,"Wanninkhof, R.",USA
33RO20060503,Ronald H. Brown,Ship,NOAA AOML,"Wanninkhof, R.",USA
33RO20060527,Ronald H. Brown,Ship,NOAA AOML,"Wanninkhof, R.",USA
33RO20060623,Ronald H. Brown,Ship,NOAA AOML,"Wanninkhof, R.",USA
33RO20060727,Ronald H. Brown,Ship,NOAA AOML,"Wanninkhof, R.",USA
33RO20060822,Ronald H. Brown,Ship,NOAA AOML,"Wanninkhof, R.",USA
33RO20060914,Ronald H. Brown,Ship,NOAA AOML,"Wanninkhof, R.",USA
33RO20061013,Ronald H. Brown,Ship,NOAA AOML,"Wanninkhof, R.",USA
33RO20061031,Ronald H. Brown,Ship,NOAA AOML,"Wanninkhof, R.",USA
33RO20070323,Ronald H. Brown,Ship,NOAA AOML,"Wanninkhof, R.",USA
33RO20070416,Ronald H. Brown,Ship,NOAA AOML,"Wanninkhof, R.",USA
33RO20070505,Ronald H. Brown,Ship,NOAA AOML,"Wanninkhof, R.",USA
33RO20070604,Ronald H. Brown,Ship,NOAA AOML,"Wanninkhof, R.",USA
33RO20070710,Ronald H. Brown,Ship,NOAA AOML,"Wanninkhof, R.",USA
33RO20070808,Ronald H. Brown,Ship,NOAA AOML,"Wanninkhof, R.",USA
33RO20070826,Ronald H. Brown,Ship,NOAA AOML,"Wanninkhof, R.",USA
33RO20070911,Ronald H. Brown,Ship,NOAA AOML,"Wanninkhof, R.",USA
33RO20071016,Ronald H. Brown,Ship,NOAA AOML,"Wanninkhof, R.",USA
33RO20071111,Ronald H. Brown,Ship,NOAA AOML,"Wanninkhof, R.",USA
33RO20071215,Ronald H. Brown,Ship,NOAA AOML,"Wanninkhof, R.",USA
33RO20080121,Ronald H. Brown,Ship,NOAA AOML,"Wanninkhof, R.",USA
33RO20080229,Ronald H. Brown,Ship,NOAA AOML,"Wanninkhof, R.",USA
33RO20080429,Ronald H. Brown,Ship,NOAA AOML,"Wanninkhof, R.",USA
33RO20081006,Ronald H. Brown,Ship,NOAA AOML,"Wanninkhof, R.",USA
33RO20081014,Ronald H. Brown,Ship,NOAA AOML,"Wanninkhof, R.",USA
33RO20081109,Ronald H. Brown,Ship,NOAA AOML,"Wanninkhof, R.",USA
33RO20081210,Ronald H. Brown,Ship,NOAA AOML,"Wanninkhof, R.",USA
33RO20090416,Ronald H. Brown,Ship,NOAA AOML,"Wanninkhof, R.",USA
33RO20090511,Ronald H. Brown,Ship,NOAA AOML,"Wanninkhof, R.",USA
33RO20090617,Ronald H. Brown,Ship,NOAA AOML,"Wanninkhof, R.",USA
33RO20090711,Ronald H. Brown,Ship,NOAA AOML,"Wanninkhof, R.",USA
33RO20090819,Ronald H. Brown,Ship,NOAA AOML,"Wanninkhof, R.",USA
33RO20090914,Ronald H. Brown,Ship,NOAA AOML,"Wanninkhof, R.",USA
33RO20100102,Ronald H. Brown,Ship,NOAA AOML,"Wanninkhof, R.",USA
33RO20100110,Ronald H. Brown,Ship,NOAA AOML,"Wanninkhof, R.",USA
33RO20100308,Ronald H. Brown,Ship,NOAA AOML,"Wanninkhof, R.",USA
33RO20100426,Ronald H. Brown,Ship,NOAA AOML,"Wanninkhof, R.",USA
33RO20101004,Ronald H. Brown,Ship,NOAA AOML,"Wanninkhof, R. : Pierrot, D.",USA
33RO20101014,Ronald H. Brown,Ship,NOAA AOML,"Wanninkhof, R. : Pierrot, D.",USA
33RO20101109,Ronald H. Brown,Ship,NOAA AOML,"Wanninkhof, R.",USA
33RO20101128,Ronald H. Brown,Ship,NOAA AOML,"Wanninkhof, R.",USA
33RO20110721,Ronald H. Brown,Ship,NOAA AOML,"Wanninkhof, R. : Pierrot, D.",USA
33RO20110926,Ronald H. Brown,Ship,NOAA AOML,"Wanninkhof, R.",USA
33RO20111106,Ronald H. Brown,Ship,NOAA AOML,"Wanninkhof, R.",USA
33RO20111121,Ronald H. Brown,Ship,NOAA AOML,"Wanninkhof, R.",USA
33RO20120215,Ronald H. Brown,Ship,NOAA AOML,"Wanninkhof, R.",USA
33RO20120702,Ronald H. Brown,Ship,NOAA AOML,"Wanninkhof, R.",USA
33RO20120721,Ronald H. Brown,Ship,NOAA AOML,"Wanninkhof, R. : Pierrot, D.",USA
33RO20120819,Ronald H. Brown,Ship,NOAA AOML,"Wanninkhof, R. : Pierrot, D.",USA
33RO20120902,Ronald H. Brown,Ship,NOAA AOML,"Wanninkhof, R. : Pierrot, D.",USA
33RO20130108,Ronald H. Brown,Ship,NOAA AOML,"Wanninkhof, R. : Pierrot, D.",USA
33RO20130219,Ronald H. Brown,Ship,NOAA AOML,"Wanninkhof, R. : Pierrot, D.",USA
33RO20130430,Ronald H. Brown,Ship,NOAA AOML,"Wanninkhof, R. : Pierrot, D.",USA
33RO20130718,Ronald H. Brown,Ship,NOAA AOML,"Wanninkhof, R. : Pierrot, D.",USA
33RO20130803,Ronald H. Brown,Ship,NOAA AOML,"Wanninkhof, R. : Pierrot, D.",USA
33RO20130901,Ronald H. Brown,Ship,NOAA AOML,"Wanninkhof, R. : Pierrot, D.",USA
33RO20131020,Ronald H. Brown,Ship,NOAA AOML,"Wanninkhof, R. : Pierrot, D.",USA
33RO20131111,Ronald H. Brown,Ship,NOAA AOML,"Wanninkhof, R. : Pierrot, D.",USA
33RO20131223,Ronald H. Brown,Ship,NOAA AOML,"Wanninkhof, R. : Pierrot, D.",USA
33RO20140225,Ronald H. Brown,Ship,NOAA AOML,"Wanninkhof, R. : Pierrot, D.",USA
33RO20140321,Ronald H. Brown,Ship,NOAA AOML,"Wanninkhof, R. : Pierrot, D.",USA
33RO20140810,Ronald H. Brown,Ship,NOAA AOML,"Wanninkhof, R. : Pierrot, D.",USA
33RO20140825,Ronald H. Brown,Ship,NOAA AOML,"Wanninkhof, R. : Pierrot, D.",USA
33RO20141006,Ronald H. Brown,Ship,NOAA AOML,"Wanninkhof, R. : Pierrot, D.",USA
33RO20141105,Ronald H. Brown,Ship,NOAA AOML,"Wanninkhof, R. : Pierrot, D.",USA
33RO20150114,Ronald H. Brown,Ship,NOAA AOML,"Wanninkhof, R. : Pierrot, D.",USA
33RO20150130,Ronald H. Brown,Ship,NOAA AOML,"Wanninkhof, R. : Pierrot, D.",USA
33RO20150227,Ronald H. Brown,Ship,NOAA AOML,"Wanninkhof, R. : Pierrot, D.",USA
33RO20150410,Ronald H. Brown,Ship,NOAA AOML,"Wanninkhof, R. : Pierrot, D.",USA
33RO20150525,Ronald H. Brown,Ship,NOAA AOML,"Wanninkhof, R. : Pierrot, D.",USA
33RO20150713,Ronald H. Brown,Ship,NOAA AOML,"Wanninkhof, R. : Pierrot, D.",USA
33RO20150806,Ronald H. Brown,Ship,NOAA AOML,"Wanninkhof, R. : Pierrot, D.",USA
33RO20150822,Ronald H. Brown,Ship,NOAA AOML,"Wanninkhof, R. : Pierrot, D.",USA
33RO20151110,Ronald H. Brown,Ship,NOAA AOML,"Wanninkhof, R. : Pierrot, D.",USA
33RO20160105,Ronald H. Brown,Ship,NOAA AOML,"Wanninkhof, R. : Pierrot, D.",USA
33RO20160112,Ronald H. Brown,Ship,NOAA AOML,"Wanninkhof, R. : Pierrot, D.",USA
33RO20160216,Ronald H. Brown,Ship,NOAA AOML,"Wanninkhof, R. : Pierrot, D.",USA
33RO20160330,Ronald H. Brown,Ship,NOAA AOML,"Wanninkhof, R. : Pierrot, D.",USA
33RO20160414,Ronald H. Brown,Ship,NOAA AOML,"Wanninkhof, R. : Pierrot, D.",USA
33RO20160505,Ronald H. Brown,Ship,NOAA AOML,"Wanninkhof, R. : Pierrot, D.",USA
33RO20160524,Ronald H. Brown,Ship,NOAA AOML,"Wanninkhof, R. : Pierrot, D.",USA
33RO20160622,Ronald H. Brown,Ship,NOAA AOML,"Wanninkhof, R. : Pierrot, D.",USA
33RO20161113,Ronald H. Brown,Ship,NOAA AOML,"Wanninkhof, R. : Pierrot, D.",USA
33RO20161119,Ronald H. Brown,Ship,NOAA AOML,"Wanninkhof, R. : Pierrot, D.",USA
33RO20170101,Ronald H. Brown,Ship,NOAA AOML,"Wanninkhof, R. : Pierrot, D.",USA
33RO20170220,Ronald H. Brown,Ship,NOAA AOML,"Wanninkhof, R. : Pierrot, D.",USA
33RO20170508,Ronald H. Brown,Ship,NOAA AOML,"Wanninkhof, R. : Pierrot, D.",USA
33RO20170528,Ronald H. Brown,Ship,NOAA AOML,"Wanninkhof, R. : Pierrot, D.",USA
33RO20170718,Ronald H. Brown,Ship,NOAA AOML,"Wanninkhof, R. : Pierrot, D.",USA
33RO20180216,Ronald H. Brown,Ship,NOAA AOML,"Wanninkhof, R. : Pierrot, D.",USA
33RO20180222,Ronald H. Brown,Ship,NOAA AOML,"Wanninkhof, R. : Pierrot, D.",USA
33RO20180307,Ronald H. Brown,Ship,NOAA AOML,"Wanninkhof, R. : Pierrot, D.",USA
33RO20180423,Ronald H. Brown,Ship,NOAA AOML,"Wanninkhof, R. : Pierrot, D.",USA
33RO20180519,Ronald H. Brown,Ship,NOAA AOML,"Wanninkhof, R. : Pierrot, D.",USA
33RO20180616,Ronald H. Brown,Ship,NOAA AOML,"Wanninkhof, R. : Pierrot, D.",USA
33RO20180728,Ronald H. Brown,Ship,NOAA AOML,"Wanninkhof, R. : Pierrot, D.",USA
33RO20180910,Ronald H. Brown,Ship,NOAA AOML,"Wanninkhof, R. : Pierrot, D.",USA
33RO20181008,Ronald H. Brown,Ship,NOAA AOML,"Wanninkhof, R. : Pierrot, D.",USA
33RO20190301,Ronald H. Brown,Ship,NOAA AOML,"Wanninkhof, R. : Pierrot, D.",USA
33RO20190409,Ronald H. Brown,Ship,NOAA AOML,"Wanninkhof, R. : Pierrot, D.",USA
33RO20190512,Ronald H. Brown,Ship,NOAA AOML,"Wanninkhof, R. : Pierrot, D.",USA
33RO20190528,Ronald H. Brown,Ship,NOAA AOML,"Wanninkhof, R. : Pierrot, D.",USA
33RO20191203,Ronald H. Brown,Ship,NOAA AOML,"Wanninkhof, R. : Pierrot, D.",USA
33RO20200106,Ronald H. Brown,Ship,NOAA AOML,"Wanninkhof, R. : Pierrot, D.",USA
33RO20200129,Ronald H. Brown,Ship,NOAA AOML,"Wanninkhof, R. : Pierrot, D.",USA
33RO20200221,Ronald H. Brown,Ship,NOAA AOML,"Wanninkhof, R. : Pierrot, D.",USA
33RO20200321,Ronald H. Brown,Ship,NOAA AOML,"Wanninkhof, R. : Pierrot, D.",USA
33RO20201010,Ronald H. Brown,Ship,NOAA AOML,"Wanninkhof, R. : Pierrot, D.",USA
33RO20201128,Ronald H. Brown,Ship,NOAA AOML,"Wanninkhof, R. : Pierrot, D.",USA
33RO20210315,Ronald H. Brown,Ship,NOAA AOML,"Wanninkhof, R. : Pierrot, D.",USA
33RO20210613,Ronald H. Brown,Ship,NOAA AOML,"Wanninkhof, R. : Pierrot, D.",USA
33RO20210814,Ronald H. Brown,Ship,NOAA AOML,"Wanninkhof, R. : Pierrot, D.",USA
33RO20210913,Ronald H. Brown,Ship,NOAA AOML,"Wanninkhof, R. : Pierrot, D.",USA
33RO20211112,Ronald H. Brown,Ship,NOAA AOML,"Wanninkhof, R. : Pierrot, D.",USA
33RO20220107,Ronald H. Brown,Ship,NOAA AOML,"Wanninkhof, R. : Pierrot, D.",USA
33RO20220806,Ronald H. Brown,Ship,NOAA AOML,"Wanninkhof, R. : Pierrot, D.",USA
33RO20220906,Ronald H. Brown,Ship,NOAA AOML,"Wanninkhof, R. : Pierrot, D.",USA
33RO20221006,Ronald H. Brown,Ship,NOAA AOML,"Wanninkhof, R. : Pierrot, D.",USA
33RO20221101,Ronald H. Brown,Ship,NOAA AOML,"Wanninkhof, R. : Pierrot, D.",USA
33RR19980108,Roger Revelle,Ship,LDEO Columbia Univ,"Takahashi, T.",USA
33RR19980213,Roger Revelle,Ship,LDEO Columbia Univ,"Takahashi, T.",USA
33RR20041204,Roger Revelle,Ship,NOAA PMEL,"Feely, R. : Sabine, C. : Cosca, C.",USA
33RR20050110,Roger Revelle,Ship,NOAA PMEL,"Sabine, C.",USA
33RR20070204,Roger Revelle,Ship,NOAA AOML,"Wanninkhof, R.",USA
33RR20070322,Roger Revelle,Ship,NOAA AOML,"Wanninkhof, R.",USA
33RR20080205,Roger Revelle,Ship,NOAA AOML,"Wanninkhof, R.",USA
33RR20160208,Roger Revelle,Ship,NOAA AOML,"Wanninkhof, R. : Pierrot, D.",USA
33RR20160321,Roger Revelle,Ship,NOAA AOML,"Wanninkhof, R. : Pierrot, D.",USA
33RR20160501,Roger Revelle,Ship,NOAA AOML,"Wanninkhof, R. : Pierrot, D.",USA
33RR20160519,Roger Revelle,Ship,NOAA AOML,"Wanninkhof, R. : Pierrot, D.",USA
33RR20160602,Roger Revelle,Ship,NOAA AOML,"Wanninkhof, R. : Pierrot, D.",USA
33RR20160626,Roger Revelle,Ship,NOAA AOML,"Wanninkhof, R. : Pierrot, D.",USA
33RR20160703,Roger Revelle,Ship,NOAA AOML,"Wanninkhof, R. : Pierrot, D.",USA
33RR20160814,Roger Revelle,Ship,NOAA AOML,"Wanninkhof, R. : Pierrot, D.",USA
33RR20220501,Roger Revelle,Ship,PMEL,"Alin, S. : Feely, R.",USA
33RR20220614,Roger Revelle,Ship,PMEL,"Alin, S. : Feely, R.",USA
33RR20221115,Roger Revelle,Ship,PMEL,"Alin, S. : Feeley, R. : Martz, T.R",USA
33RR20221202,Roger Revelle,Ship,PMEL,"Alin, S. : Collins, A. : Woosley, R.J. : Feely, R. : Martz, T.R.",USA
33RR20230204,Roger Revelle,Ship,PMEL,"Alin, S. : Feeley, R. : Martz, T.R",USA
33RR20230722,Roger Revelle,Ship,PMEL,"Alin, S. : Feeley, R. : Martz, T.R",USA
33SW19960622,Seward Johnson,Ship,LDEO Columbia Univ,"Takahashi, T.",USA
33SW19960711,Seward Johnson,Ship,LDEO Columbia Univ,"Takahashi, T.",USA
33SW19960719,Seward Johnson,Ship,LDEO Columbia Univ,"Takahashi, T.",USA
33VB20241002,R/V Neil Armstrong,Ship,unassigned,"Theetaert, H. : Azetsu-Scott, K. : Pierrot, D.",USA
33VB20241009,R/V Neil Armstrong,Ship,NOAA AOML,"Theetaert, H. : Azetsu-Scott, K. : Pierrot, D.",USA
33WA20051004,F.G. Walton Smith,Ship,NOAA AOML,"Pierrot, D. : Wanninkhof, R.",USA
33WA20051007,F.G. Walton Smith,Ship,NOAA AOML,"Pierrot, D. : Wanninkhof, R.",USA
33WA20051018,F.G. Walton Smith,Ship,NOAA AOML,"Pierrot, D. : Wanninkhof, R.",USA
33WA20051028,F.G. Walton Smith,Ship,NOAA AOML,"Pierrot, D. : Wanninkhof, R.",USA
33WA20111020,F.G. Walton Smith,Ship,RSMAS Univ Miami : NOAA AOML,"Millero, F. : Wanninkhof, R.",USA
33WA20111206,F.G. Walton Smith,Ship,RSMAS Univ Miami : NOAA AOML,"Millero, F. : Wanninkhof, R.",USA
33WA20111211,F.G. Walton Smith,Ship,RSMAS Univ Miami : NOAA AOML,"Millero, F. : Wanninkhof, R.",USA
33WA20120227,F.G. Walton Smith,Ship,RSMAS Univ Miami : NOAA AOML,"Millero, F. : Wanninkhof, R.",USA
33WA20120529,F.G. Walton Smith,Ship,RSMAS Univ Miami : NOAA AOML,"Millero, F. : Wanninkhof, R.",USA
33WA20120612,F.G. Walton Smith,Ship,RSMAS Univ Miami : NOAA AOML,"Millero, F. : Wanninkhof, R.",USA
33WA20120713,F.G. Walton Smith,Ship,RSMAS Univ Miami : NOAA AOML,"Millero, F. : Wanninkhof, R.",USA
33WA20120806,F.G. Walton Smith,Ship,RSMAS Univ Miami : NOAA AOML,"Millero, F. : Wanninkhof, R.",USA
33WA20120907,F.G. Walton Smith,Ship,RSMAS Univ Miami : NOAA AOML,"Millero, F. : Wanninkhof, R.",USA
33WA20120917,F.G. Walton Smith,Ship,RSMAS Univ Miami : NOAA AOML,"Millero, F. : Wanninkhof, R.",USA
33WA20130331,F.G. Walton Smith,Ship,RSMAS Univ Miami : NOAA AOML,"Millero, F. : Wanninkhof, R.",USA
33WA20130419,F.G. Walton Smith,Ship,RSMAS Univ Miami : NOAA AOML,"Millero, F. : Wanninkhof, R.",USA
33WA20130503,F.G. Walton Smith,Ship,RSMAS Univ Miami : NOAA AOML,"Millero, F. : Wanninkhof, R.",USA
33WA20130613,F.G. Walton Smith,Ship,RSMAS Univ Miami : NOAA AOML,"Millero, F. : Wanninkhof, R.",USA
33WA20130620,F.G. Walton Smith,Ship,RSMAS Univ Miami : NOAA AOML,"Millero, F. : Wanninkhof, R.",USA
33WA20130706,F.G. Walton Smith,Ship,RSMAS Univ Miami : NOAA AOML,"Millero, F. : Wanninkhof, R.",USA
33WA20130813,F.G. Walton Smith,Ship,RSMAS Univ Miami : NOAA AOML,"Millero, F. : Wanninkhof, R.",USA
33WA20131008,F.G. Walton Smith,Ship,RSMAS Univ Miami : NOAA AOML,"Millero, F. : Wanninkhof, R.",USA
33WA20131017,F.G. Walton Smith,Ship,RSMAS Univ Miami : NOAA AOML,"Millero, F. : Wanninkhof, R.",USA
33WA20131220,F.G. Walton Smith,Ship,RSMAS Univ Miami : NOAA AOML,"Millero, F. : Wanninkhof, R.",USA
33WA20140422,F.G. Walton Smith,Ship,RSMAS Univ Miami : NOAA AOML,"Millero, F. : Wanninkhof, R.",USA
33WA20140423,F.G. Walton Smith,Ship,RSMAS Univ Miami : NOAA AOML,"Millero, F. : Wanninkhof, R.",USA
33WA20140426,F.G. Walton Smith,Ship,RSMAS Univ Miami : NOAA AOML,"Millero, F. : Wanninkhof, R.",USA
33WA20140428,F.G. Walton Smith,Ship,RSMAS Univ Miami : NOAA AOML,"Millero, F. : Wanninkhof, R.",USA
33WA20140528,F.G. Walton Smith,Ship,RSMAS Univ Miami : NOAA AOML,"Millero, F. : Wanninkhof, R.",USA
33WA20140617,F.G. Walton Smith,Ship,RSMAS Univ Miami : NOAA AOML,"Millero, F. : Wanninkhof, R.",USA
33WA20140722,F.G. Walton Smith,Ship,RSMAS Univ Miami : NOAA AOML,"Millero, F. : Wanninkhof, R.",USA
33WA20140911,F.G. Walton Smith,Ship,RSMAS Univ Miami : NOAA AOML,"Millero, F. : Wanninkhof, R.",USA
33WA20141019,F.G. Walton Smith,Ship,RSMAS Univ Miami : NOAA AOML,"Millero, F. : Wanninkhof, R.",USA
33WA20141108,F.G. Walton Smith,Ship,RSMAS Univ Miami : NOAA AOML,"Millero, F. : Wanninkhof, R.",USA
33WA20141201,F.G. Walton Smith,Ship,RSMAS Univ Miami : NOAA AOML,"Millero, F. : Wanninkhof, R.",USA
33WA20150112,F.G. Walton Smith,Ship,RSMAS Univ Miami : NOAA AOML,"Millero, F. : Wanninkhof, R.",USA
33WA20150409,F.G. Walton Smith,Ship,RSMAS Univ Miami : NOAA AOML,"Millero, F. : Wanninkhof, R.",USA
33WA20150413,F.G. Walton Smith,Ship,RSMAS Univ Miami : NOAA AOML,"Millero, F. : Wanninkhof, R.",USA
33WA20150422,F.G. Walton Smith,Ship,RSMAS Univ Miami : NOAA AOML,"Millero, F. : Wanninkhof, R.",USA
33WA20150507,F.G. Walton Smith,Ship,RSMAS Univ Miami : NOAA AOML,"Millero, F. : Wanninkhof, R.",USA
33WA20150526,F.G. Walton Smith,Ship,RSMAS Univ Miami : NOAA AOML,"Millero, F. : Wanninkhof, R.",USA
33WA20150601,F.G. Walton Smith,Ship,RSMAS Univ Miami : NOAA AOML,"Millero, F. : Wanninkhof, R.",USA
33WA20150610,F.G. Walton Smith,Ship,RSMAS Univ Miami : NOAA AOML,"Millero, F. : Wanninkhof, R.",USA
33WA20150714,F.G. Walton Smith,Ship,RSMAS Univ Miami : NOAA AOML,"Millero, F. : Wanninkhof, R.",USA
33WA20150727,F.G. Walton Smith,Ship,RSMAS Univ Miami : NOAA AOML,"Millero, F. : Wanninkhof, R.",USA
33WA20150822,F.G. Walton Smith,Ship,RSMAS Univ Miami : NOAA AOML,"Millero, F. : Wanninkhof, R.",USA
33WA20150921,F.G. Walton Smith,Ship,RSMAS Univ Miami : NOAA AOML,"Millero, F. : Wanninkhof, R.",USA
33WA20150928,F.G. Walton Smith,Ship,RSMAS Univ Miami : NOAA AOML,"Millero, F. : Wanninkhof, R.",USA
33WA20151027,F.G. Walton Smith,Ship,RSMAS Univ Miami : NOAA AOML,"Millero, F. : Wanninkhof, R.",USA
33WA20151110,F.G. Walton Smith,Ship,RSMAS Univ Miami : NOAA AOML,"Millero, F. : Wanninkhof, R.",USA
33WA20151116,F.G. Walton Smith,Ship,RSMAS Univ Miami : NOAA AOML,"Millero, F. : Wanninkhof, R.",USA
33WA20160104,F.G. Walton Smith,Ship,RSMAS Univ Miami : NOAA AOML,"Millero, F. : Wanninkhof, R.",USA
33WA20160115,F.G. Walton Smith,Ship,RSMAS Univ Miami : NOAA AOML,"Millero, F. : Wanninkhof, R.",USA
33WA20160314,F.G. Walton Smith,Ship,RSMAS Univ Miami : NOAA AOML,"Millero, F. : Wanninkhof, R.",USA
33WA20160421,F.G. Walton Smith,Ship,RSMAS Univ Miami : NOAA AOML,"Millero, F. : Wanninkhof, R.",USA
33WA20160509,F.G. Walton Smith,Ship,RSMAS Univ Miami : NOAA AOML,"Millero, F. : Wanninkhof, R.",USA
33WA20160516,F.G. Walton Smith,Ship,RSMAS Univ Miami : NOAA AOML,"Millero, F. : Wanninkhof, R.",USA
33WA20160519,F.G. Walton Smith,Ship,RSMAS Univ Miami : NOAA AOML,"Millero, F. : Wanninkhof, R.",USA
33WA20160526,F.G. Walton Smith,Ship,RSMAS Univ Miami : NOAA AOML,"Millero, F. : Wanninkhof, R.",USA
33WA20160531,F.G. Walton Smith,Ship,RSMAS Univ Miami : NOAA AOML,"Millero, F. : Wanninkhof, R.",USA
33WA20160713,F.G. Walton Smith,Ship,RSMAS Univ Miami : NOAA AOML,"Millero, F. : Wanninkhof, R.",USA
33WA20160725,F.G. Walton Smith,Ship,RSMAS Univ Miami : NOAA AOML,"Millero, F. : Wanninkhof, R.",USA
33WA20160915,F.G. Walton Smith,Ship,RSMAS Univ Miami : NOAA AOML,"Millero, F. : Wanninkhof, R.",USA
33WA20160919,F.G. Walton Smith,Ship,RSMAS Univ Miami : NOAA AOML,"Millero, F. : Wanninkhof, R.",USA
33WA20161029,F.G. Walton Smith,Ship,RSMAS Univ Miami : NOAA AOML,"Millero, F. : Wanninkhof, R.",USA
33WA20161201,F.G. Walton Smith,Ship,RSMAS Univ Miami : NOAA AOML,"Millero, F. : Wanninkhof, R.",USA
33WA20161212,F.G. Walton Smith,Ship,RSMAS Univ Miami : NOAA AOML,"Millero, F. : Wanninkhof, R.",USA
33WA20170130,F.G. Walton Smith,Ship,RSMAS Univ Miami,"Millero, F. : Woosley, R.",USA
33WA20170207,F.G. Walton Smith,Ship,RSMAS Univ Miami,"Millero, F. : Woosley, R.",USA
33WA20170314,F.G. Walton Smith,Ship,RSMAS Univ Miami,"Millero, F. : Woosley, R.",USA
33WA20170327,F.G. Walton Smith,Ship,RSMAS Univ Miami,"Millero, F. : Woosley, R.",USA
33WA20170404,F.G. Walton Smith,Ship,RSMAS Univ Miami,"Millero, F. : Woosley, R.",USA
33WA20170407,F.G. Walton Smith,Ship,RSMAS Univ Miami,"Millero, F. : Woosley, R.",USA
33WA20170417,F.G. Walton Smith,Ship,RSMAS Univ Miami,"Millero, F. : Woosley, R.",USA
33WA20170502,F.G. Walton Smith,Ship,RSMAS Univ Miami,"Millero, F. : Woosley, R.",USA
33WA20170515,F.G. Walton Smith,Ship,RSMAS Univ Miami,"Millero, F. : Woosley, R.",USA
33WA20170615,F.G. Walton Smith,Ship,RSMAS Univ Miami,"Millero, F. : Woosley, R.",USA
33WA20170619,F.G. Walton Smith,Ship,RSMAS Univ Miami,"Millero, F. : Woosley, R.",USA
33WA20170626,F.G. Walton Smith,Ship,RSMAS Univ Miami,"Millero, F. : Woosley, R.",USA
33WA20170708,F.G. Walton Smith,Ship,RSMAS Univ Miami : NOAA AOML,"Millero, F. : Wanninkhof, R.",USA
33WA20170731,F.G. Walton Smith,Ship,RSMAS Univ Miami,"Millero, F. : Woosley, R.",USA
33WA20180425,F.G. Walton Smith,Ship,RSMAS Univ Miami : NOAA AOML,"Millero, F. : Wanninkhof, R.",USA
33WA20180430,F.G. Walton Smith,Ship,RSMAS Univ Miami : NOAA AOML,"Millero, F. : Wanninkhof, R.",USA
33WA20180905,F.G. Walton Smith,Ship,NOAA AOML,"Rodriguez, C. : Millero, F.J. : Pierrot, D. : Wanninkhof, R.",USA
33WA20181012,F.G. Walton Smith,Ship,NOAA AOML,"Rodriguez, C. : Millero, F.J. : Pierrot, D. : Wanninkhof, R.",USA
33WA20181023,F.G. Walton Smith,Ship,NOAA AOML,"Rodriguez, C. : Millero, F.J. : Pierrot, D. : Wanninkhof, R.",USA
33WA20181025,F.G. Walton Smith,Ship,NOAA AOML,"Rodriguez, C. : Millero, F.J. : Pierrot, D. : Wanninkhof, R.",USA
33WA20190128,F.G. Walton Smith,Ship,NOAA AOML,"Rodriguez, C. : Millero, F.J. : Pierrot, D. : Wanninkhof, R.",USA
33WA20190212,F.G. Walton Smith,Ship,NOAA AOML,"Rodriguez, C. : Millero, F.J. : Pierrot, D. : Wanninkhof, R.",USA
33WA20190302,F.G. Walton Smith,Ship,NOAA AOML,"Rodriguez, C. : Millero, F.J. : Pierrot, D. : Wanninkhof, R.",USA
33WA20190321,F.G. Walton Smith,Ship,NOAA AOML,"Rodriguez, C. : Millero, F.J. : Pierrot, D. : Wanninkhof, R.",USA
33WA20190327,F.G. Walton Smith,Ship,NOAA AOML,"Rodriguez, C. : Millero, F.J. : Pierrot, D. : Wanninkhof, R.",USA
33WA20190423,F.G. Walton Smith,Ship,NOAA AOML,"Rodriguez, C. : Millero, F.J. : Pierrot, D. : Wanninkhof, R.",USA
33WA20190429,F.G. Walton Smith,Ship,NOAA AOML,"Rodriguez, C. : Millero, F.J. : Pierrot, D. : Wanninkhof, R.",USA
33WA20190508,F.G. Walton Smith,Ship,NOAA AOML,"Rodriguez, C. : Millero, F.J. : Pierrot, D. : Wanninkhof, R.",USA
33WA20190603,F.G. Walton Smith,Ship,NOAA AOML,"Rodriguez, C. : Millero, F.J. : Pierrot, D. : Wanninkhof, R.",USA
33WA20190608,F.G. Walton Smith,Ship,NOAA AOML,"Rodriguez, C. : Millero, F.J. : Pierrot, D. : Wanninkhof, R.",USA
33WA20190628,F.G. Walton Smith,Ship,NOAA AOML,"Rodriguez, C. : Millero, F.J. : Pierrot, D. : Wanninkhof, R.",USA
33WA20190724,F.G. Walton Smith,Ship,NOAA AOML,"Rodriguez, C. : Millero, F.J. : Pierrot, D. : Wanninkhof, R.",USA
33WA20190729,F.G. Walton Smith,Ship,NOAA AOML,"Rodriguez, C. : Millero, F.J. : Pierrot, D. : Wanninkhof, R.",USA
33WA20190813,F.G. Walton Smith,Ship,NOAA AOML,"Rodriguez, C. : Millero, F.J. : Pierrot, D. : Wanninkhof, R.",USA
33WA20190923,F.G. Walton Smith,Ship,NOAA AOML,"Rodriguez, C. : Millero, F.J. : Pierrot, D. : Wanninkhof, R.",USA
33WA20191013,F.G. Walton Smith,Ship,NOAA AOML,"Rodriguez, C. : Millero, F.J. : Pierrot, D. : Wanninkhof, R.",USA
33WA20191029,F.G. Walton Smith,Ship,NOAA AOML,"Rodriguez, C. : Millero, F.J. : Pierrot, D. : Wanninkhof, R.",USA
33WA20191102,F.G. Walton Smith,Ship,NOAA AOML,"Rodriguez, C. : Millero, F.J. : Pierrot, D. : Wanninkhof, R.",USA
33WA20191118,F.G. Walton Smith,Ship,NOAA AOML,"Rodriguez, C. : Millero, F.J. : Pierrot, D. : Wanninkhof, R.",USA
33WA20200204,F.G. Walton Smith,Ship,NOAA AOML,"Rodriguez, C. : Millero, F.J. : Pierrot, D. : Wanninkhof, R.",USA
33WA20200818,F.G. Walton Smith,Ship,NOAA AOML,"Rodriguez, C. : Millero, F.J. : Pierrot, D. : Wanninkhof, R.",USA
33WA20201005,F.G. Walton Smith,Ship,NOAA AOML,"Rodriguez, C. : Millero, F.J. : Pierrot, D. : Wanninkhof, R.",USA
33WA20201204,F.G. Walton Smith,Ship,NOAA AOML,"Rodriguez, C. : Millero, F.J. : Pierrot, D. : Wanninkhof, R.",USA
33WA20201207,F.G. Walton Smith,Ship,NOAA AOML,"Rodriguez, C. : Millero, F.J. : Pierrot, D. : Wanninkhof, R.",USA
33WA20201214,F.G. Walton Smith,Ship,NOAA AOML,"Rodriguez, C. : Millero, F.J. : Pierrot, D. : Wanninkhof, R.",USA
33WA20210201,F.G. Walton Smith,Ship,NOAA AOML,"Rodriguez, C. : Millero, F.J. : Pierrot, D. : Wanninkhof, R.",USA
33WA20210403,F.G. Walton Smith,Ship,NOAA AOML,"Rodriguez, C. : Millero, F.J. : Pierrot, D. : Wanninkhof, R.",USA
33WA20210413,F.G. Walton Smith,Ship,NOAA AOML,"Rodriguez, C. : Millero, F.J. : Pierrot, D. : Wanninkhof, R.",USA
33WA20210421,F.G. Walton Smith,Ship,NOAA AOML,"Rodriguez, C. : Millero, F.J. : Pierrot, D. : Wanninkhof, R.",USA
33WA20210511,F.G. Walton Smith,Ship,NOAA AOML,"Rodriguez, C. : Millero, F.J. : Pierrot, D. : Wanninkhof, R.",USA
33WA20210523,F.G. Walton Smith,Ship,NOAA AOML,"Rodriguez, C. : Millero, F.J. : Pierrot, D. : Wanninkhof, R.",USA
33WA20210531,F.G. Walton Smith,Ship,NOAA AOML,"Rodriguez, C. : Millero, F.J. : Pierrot, D. : Wanninkhof, R.",USA
33WA20210611,F.G. Walton Smith,Ship,NOAA AOML,"Rodriguez, C. : Millero, F.J. : Pierrot, D. : Wanninkhof, R.",USA
33WA20210621,F.G. Walton Smith,Ship,NOAA AOML,"Rodriguez, C. : Millero, F.J. : Pierrot, D. : Wanninkhof, R.",USA
33WA20210709,F.G. Walton Smith,Ship,NOAA AOML,"Rodriguez, C. : Millero, F.J. : Pierrot, D. : Wanninkhof, R.",USA
33WA20210731,F.G. Walton Smith,Ship,NOAA AOML,"Rodriguez, C. : Millero, F.J. : Pierrot, D. : Wanninkhof, R.",USA
33WA20210818,F.G. Walton Smith,Ship,NOAA AOML,"Rodriguez, C. : Millero, F.J. : Pierrot, D. : Wanninkhof, R.",USA
33WA20211005,F.G. Walton Smith,Ship,NOAA AOML,"Rodriguez, C. : Millero, F.J. : Pierrot, D. : Wanninkhof, R.",USA
33WA20211204,F.G. Walton Smith,Ship,NOAA AOML,"Rodriguez, C. : Millero, F.J. : Pierrot, D. : Wanninkhof, R.",USA
33WA20220122,F.G. Walton Smith,Ship,NOAA AOML,"Rodriguez, C. : Millero, F.J. : Pierrot, D. : Wanninkhof, R.",USA
33WA20220313,F.G. Walton Smith,Ship,NOAA AOML,"Rodriguez, C. : Millero, F.J. : Pierrot, D. : Wanninkhof, R.",USA
33WA20220326,F.G. Walton Smith,Ship,NOAA AOML,"Rodriguez, C. : Millero, F.J. : Pierrot, D. : Wanninkhof, R.",USA
33WA20220327,F.G. Walton Smith,Ship,NOAA AOML,"Rodriguez, C. : Millero, F.J. : Pierrot, D. : Wanninkhof, R.",USA
33WA20220402,F.G. Walton Smith,Ship,NOAA AOML,"Rodriguez, C. : Millero, F.J. : Pierrot, D. : Wanninkhof, R.",USA
33WA20220403,F.G. Walton Smith,Ship,NOAA AOML,"Rodriguez, C. : Millero, F.J. : Pierrot, D. : Wanninkhof, R.",USA
33WA20220516,F.G. Walton Smith,Ship,NOAA AOML,"Barbero, L. : Pierrot, D. : Wanninkhof, R.",USA
33WA20220521,F.G. Walton Smith,Ship,NOAA AOML,"Barbero, L. : Pierrot, D. : Wanninkhof, R.",USA
33WA20221008,F.G. Walton Smith,Ship,NOAA AOML,"Barbero, L. : Pierrot, D. : Wanninkhof, R.",USA
33WA20221020,F.G. Walton Smith,Ship,NOAA AOML,"Barbero, L. : Pierrot, D. : Wanninkhof, R.",USA
33WA20221022,F.G. Walton Smith,Ship,NOAA AOML,"Barbero, L. : Pierrot, D. : Wanninkhof, R.",USA
33WA20221023,F.G. Walton Smith,Ship,NOAA AOML,"Barbero, L. : Pierrot, D. : Wanninkhof, R.",USA
33WA20221105,F.G. Walton Smith,Ship,NOAA AOML,"Barbero, L. : Pierrot, D. : Wanninkhof, R.",USA
33WA20221203,F.G. Walton Smith,Ship,NOAA AOML,"Barbero, L. : Pierrot, D. : Wanninkhof, R.",USA
33WA20230224,F.G. Walton Smith,Ship,NOAA AOML,"Barbero, L. : Pierrot, D. : Wanninkhof, R.",USA
33WA20230225,F.G. Walton Smith,Ship,NOAA AOML,"Barbero, L. : Pierrot, D. : Wanninkhof, R.",USA
33WA20230302,F.G. Walton Smith,Ship,NOAA AOML,"Barbero, L. : Pierrot, D. : Wanninkhof, R.",USA
33WA20230520,F.G. Walton Smith,Ship,NOAA AOML,"Barbero, L. : Pierrot, D. : Wanninkhof, R.",USA
33WA20230605,F.G. Walton Smith,Ship,NOAA AOML,"Barbero, L. : Pierrot, D. : Wanninkhof, R.",USA
33WA20230623,F.G. Walton Smith,Ship,NOAA AOML,"Barbero, L. : Pierrot, D. : Wanninkhof, R.",USA
33WA20230722,F.G. Walton Smith,Ship,NOAA AOML,"Barbero, L. : Pierrot, D. : Wanninkhof, R.",USA
33WA20230808,F.G. Walton Smith,Ship,NOAA AOML,"Barbero, L. : Pierrot, D. : Wanninkhof, R.",USA
33WA20230818,F.G. Walton Smith,Ship,NOAA AOML,"Barbero, L. : Pierrot, D. : Wanninkhof, R.",USA
33WA20231210,F.G. Walton Smith,Ship,NOAA AOML,"Barbero, L. : Pierrot, D. : Wanninkhof, R.",USA
33WA20240202,F.G. Walton Smith,Ship,NOAA AOML,"Barbero, L. : Pierrot, D. : Wanninkhof, R.",USA
33WA20240203,F.G. Walton Smith,Ship,NOAA AOML,"Barbero, L. : Pierrot, D. : Wanninkhof, R.",USA
33WA20240227,F.G. Walton Smith,Ship,NOAA AOML,"Barbero, L. : Pierrot, D. : Wanninkhof, R.",USA
33WA20240404,F.G. Walton Smith,Ship,NOAA AOML,"Barbero, L. : Pierrot, D. : Wanninkhof, R.",USA
33WA20240407,F.G. Walton Smith,Ship,NOAA AOML,"Barbero, L. : Pierrot, D. : Wanninkhof, R.",USA
33WA20240513,F.G. Walton Smith,Ship,NOAA AOML,"Barbero, L. : Pierrot, D. : Wanninkhof, R.",USA
33WA20240518,F.G. Walton Smith,Ship,NOAA AOML,"Barbero, L. : Pierrot, D. : Wanninkhof, R.",USA
33WA20240602,F.G. Walton Smith,Ship,NOAA AOML,"Barbero, L. : Pierrot, D. : Wanninkhof, R.",USA
33WA20240620,F.G. Walton Smith,Ship,NOAA AOML,"Barbero, L. : Pierrot, D. : Wanninkhof, R.",USA
33WA20240629,F.G. Walton Smith,Ship,NOAA AOML,"Barbero, L. : Pierrot, D. : Wanninkhof, R.",USA
33WA20240723,F.G. Walton Smith,Ship,NOAA AOML,"Barbero, L. : Pierrot, D. : Wanninkhof, R.",USA
33WA20240911,F.G. Walton Smith,Ship,NOAA AOML,"Barbero, L. : Pierrot, D. : Wanninkhof, R.",USA
33WA20240914,F.G. Walton Smith,Ship,NOAA AOML,"Barbero, L. : Pierrot, D. : Wanninkhof, R.",USA
33WA20241001,F.G. Walton Smith,Ship,NOAA AOML,"Barbero, L. : Pierrot, D. : Wanninkhof, R.",USA
33WA20241013,F.G. Walton Smith,Ship,NOAA AOML,"Barbero, L. : Pierrot, D. : Wanninkhof, R.",USA
33WA20241109,F.G. Walton Smith,Ship,NOAA AOML,"Barbero, L. : Pierrot, D. : Wanninkhof, R.",USA
33WA20241119,F.G. Walton Smith,Ship,NOAA AOML,"Barbero, L. : Pierrot, D. : Wanninkhof, R.",USA
34FM20070725,Finnmaid,Ship,Leibniz IOW,"Schneider, B.",Germany
34FM20070801,Finnmaid,Ship,Leibniz IOW,"Schneider, B.",Germany
34FM20080123,Finnmaid,Ship,Leibniz IOW,"Schneider, B.",Germany
34FM20080131,Finnmaid,Ship,Leibniz IOW,"Schneider, B.",Germany
34FM20080305,Finnmaid,Ship,Leibniz IOW,"Schneider, B.",Germany
34FM20080401,Finnmaid,Ship,Leibniz IOW,"Schneider, B.",Germany
34FM20080430,Finnmaid,Ship,Leibniz IOW,"Schneider, B.",Germany
34FM20080531,Finnmaid,Ship,Leibniz IOW,"Schneider, B.",Germany
34FM20080701,Finnmaid,Ship,Leibniz IOW,"Schneider, B.",Germany
34FM20080801,Finnmaid,Ship,Leibniz IOW,"Schneider, B.",Germany
34FM20080906,Finnmaid,Ship,Leibniz IOW,"Schneider, B.",Germany
34FM20081007,Finnmaid,Ship,Leibniz IOW,"Schneider, B.",Germany
34FM20081104,Finnmaid,Ship,Leibniz IOW,"Schneider, B.",Germany
34FM20081202,Finnmaid,Ship,Leibniz IOW,"Schneider, B.",Germany
34FM20090115,Finnmaid,Ship,Leibniz IOW,"Schneider, B.",Germany
34FM20090201,Finnmaid,Ship,Leibniz IOW,"Schneider, B.",Germany
34FM20090301,Finnmaid,Ship,Leibniz IOW,"Schneider, B.",Germany
34FM20090401,Finnmaid,Ship,Leibniz IOW,"Schneider, B.",Germany
34FM20090430,Finnmaid,Ship,Leibniz IOW,"Schneider, B.",Germany
34FM20090610,Finnmaid,Ship,Leibniz IOW,"Schneider, B.",Germany
34FM20090630,Finnmaid,Ship,Leibniz IOW,"Schneider, B.",Germany
34FM20090731,Finnmaid,Ship,Leibniz IOW,"Schneider, B.",Germany
34FM20090901,Finnmaid,Ship,Leibniz IOW,"Schneider, B.",Germany
34FM20090930,Finnmaid,Ship,Leibniz IOW,"Schneider, B.",Germany
34FM20091110,Finnmaid,Ship,Leibniz IOW,"Schneider, B.",Germany
34FM20091201,Finnmaid,Ship,Leibniz IOW,"Schneider, B.",Germany
34FM20100205,Finnmaid,Ship,Leibniz IOW,"Schneider, B.",Germany
34FM20100301,Finnmaid,Ship,Leibniz IOW,"Schneider, B.",Germany
34FM20100401,Finnmaid,Ship,Leibniz IOW,"Schneider, B.",Germany
34FM20100616,Finnmaid,Ship,Leibniz IOW,"Schneider, B.",Germany
34FM20100701,Finnmaid,Ship,Leibniz IOW,"Schneider, B.",Germany
34FM20100801,Finnmaid,Ship,Leibniz IOW,"Schneider, B.",Germany
34FM20100902,Finnmaid,Ship,Leibniz IOW,"Schneider, B.",Germany
34FM20100930,Finnmaid,Ship,Leibniz IOW,"Schneider, B.",Germany
34FM20101031,Finnmaid,Ship,Leibniz IOW,"Schneider, B.",Germany
34FM20101218,Finnmaid,Ship,Leibniz IOW,"Schneider, B.",Germany
34FM20110302,Finnmaid,Ship,Leibniz IOW,"Schneider, B.",Germany
34FM20110417,Finnmaid,Ship,Leibniz IOW,"Schneider, B.",Germany
34FM20110501,Finnmaid,Ship,Leibniz IOW,"Schneider, B.",Germany
34FM20110531,Finnmaid,Ship,Leibniz IOW,"Schneider, B.",Germany
34FM20110630,Finnmaid,Ship,Leibniz IOW,"Schneider, B.",Germany
34FM20110731,Finnmaid,Ship,Leibniz IOW,"Schneider, B.",Germany
34FM20110909,Finnmaid,Ship,Leibniz IOW,"Schneider, B.",Germany
34FM20110930,Finnmaid,Ship,Leibniz IOW,"Schneider, B.",Germany
34FM20111110,Finnmaid,Ship,Leibniz IOW,"Schneider, B.",Germany
34FM20120112,Finnmaid,Ship,Leibniz IOW,"Rehder, G. : Glockzin, M.",Germany
34FM20120413,Finnmaid,Ship,Leibniz IOW,"Rehder, G. : Glockzin, M.",Germany
34FM20120614,Finnmaid,Ship,Leibniz IOW,"Rehder, G. : Glockzin, M.",Germany
34FM20120807,Finnmaid,Ship,Leibniz IOW,"Rehder, G. : Glockzin, M.",Germany
34FM20120906,Finnmaid,Ship,Leibniz IOW,"Rehder, G. : Glockzin, M.",Germany
34FM20121019,Finnmaid,Ship,Leibniz IOW,"Rehder, G. : Glockzin, M.",Germany
34FM20121204,Finnmaid,Ship,Leibniz IOW,"Rehder, G. : Glockzin, M.",Germany
34FM20130306,Finnmaid,Ship,Leibniz IOW,"Rehder, G. : Glockzin, M.",Germany
34FM20130418,Finnmaid,Ship,Leibniz IOW,"Rehder, G. : Glockzin, M.",Germany
34FM20130525,Finnmaid,Ship,Leibniz IOW,"Rehder, G. : Glockzin, M.",Germany
34FM20130909,Finnmaid,Ship,Leibniz IOW,"Rehder, G. : Glockzin, M.",Germany
34FM20131013,Finnmaid,Ship,Leibniz IOW,"Rehder, G. : Glockzin, M.",Germany
34FM20131118,Finnmaid,Ship,Leibniz IOW,"Rehder, G. : Glockzin, M.",Germany
34FM20131219,Finnmaid,Ship,Leibniz IOW,"Rehder, G. : Glockzin, M.",Germany
34FM20140220,Finnmaid,Ship,Leibniz IOW,"Rehder, G. : Glockzin, M.",Germany
34FM20140401,Finnmaid,Ship,Leibniz IOW,"Rehder, G. : Glockzin, M.",Germany
34FM20140516,Finnmaid,Ship,Leibniz IOW,"Rehder, G. : Glockzin, M.",Germany
34FM20140710,Finnmaid,Ship,Leibniz IOW,"Rehder, G. : Glockzin, M.",Germany
34FM20140818,Finnmaid,Ship,Leibniz IOW,"Rehder, G. : Glockzin, M.",Germany
34FM20141002,Finnmaid,Ship,Leibniz IOW,"Rehder, G. : Glockzin, M.",Germany
34FM20141106,Finnmaid,Ship,Leibniz IOW,"Rehder, G. : Glockzin, M.",Germany
34FM20150101,Finnmaid,Ship,Leibniz IOW,"Rehder, G. : Glockzin, M.",Germany
34FM20150205,Finnmaid,Ship,Leibniz IOW,"Rehder, G. : Glockzin, M.",Germany
34FM20150412,Finnmaid,Ship,Leibniz IOW,"Rehder, G. : Glockzin, M.",Germany
34FM20150416,Finnmaid,Ship,Leibniz IOW,"Rehder, G. : Glockzin, M.",Germany
34FM20150503,Finnmaid,Ship,Leibniz IOW,"Rehder, G. : Glockzin, M.",Germany
34FM20150603,Finnmaid,Ship,Leibniz IOW,"Rehder, G. : Glockzin, M.",Germany
34FM20150701,Finnmaid,Ship,Leibniz IOW,"Rehder, G. : Glockzin, M.",Germany
34FM20150801,Finnmaid,Ship,Leibniz IOW,"Rehder, G. : Glockzin, M.",Germany
34FM20150903,Finnmaid,Ship,Leibniz IOW,"Rehder, G. : Glockzin, M.",Germany
34FM20151003,Finnmaid,Ship,Leibniz IOW,"Rehder, G. : Glockzin, M.",Germany
34FM20151022,Finnmaid,Ship,Leibniz IOW,"Rehder, G. : Glockzin, M.",Germany
34FM20151105,Finnmaid,Ship,Leibniz IOW,"Rehder, G. : Glockzin, M.",Germany
34FM20151120,Finnmaid,Ship,Leibniz IOW,"Rehder, G. : Glockzin, M.",Germany
34FM20151203,Finnmaid,Ship,Leibniz IOW,"Rehder, G. : Glockzin, M.",Germany
34FM20151222,Finnmaid,Ship,Leibniz IOW,"Rehder, G. : Glockzin, M.",Germany
34FM20160101,Finnmaid,Ship,Leibniz IOW,"Rehder, G. : Glockzin, M.",Germany
34FM20160114,Finnmaid,Ship,Leibniz IOW,"Rehder, G. : Glockzin, M.",Germany
34FM20160203,Finnmaid,Ship,Leibniz IOW,"Rehder, G. : Glockzin, M.",Germany
34FM20160227,Finnmaid,Ship,Leibniz IOW,"Rehder, G. : Glockzin, M.",Germany
34FM20160303,Finnmaid,Ship,Leibniz IOW,"Rehder, G. : Glockzin, M.",Germany
34FM20160318,Finnmaid,Ship,Leibniz IOW,"Rehder, G. : Glockzin, M.",Germany
34FM20160401,Finnmaid,Ship,Leibniz IOW,"Rehder, G. : Glockzin, M.",Germany
34FM20160422,Finnmaid,Ship,Leibniz IOW,"Rehder, G. : Glockzin, M.",Germany
34FM20160503,Finnmaid,Ship,Leibniz IOW,"Rehder, G. : Glockzin, M.",Germany
34FM20160603,Finnmaid,Ship,Leibniz IOW,"Rehder, G. : Glockzin, M.",Germany
34FM20160701,Finnmaid,Ship,Leibniz IOW,"Rehder, G. : Glockzin, M.",Germany
34FM20160802,Finnmaid,Ship,Leibniz IOW,"Rehder, G. : Glockzin, M.",Germany
34FM20160902,Finnmaid,Ship,Leibniz IOW,"Rehder, G. : Glockzin, M.",Germany
34FM20161001,Finnmaid,Ship,Leibniz IOW,"Rehder, G. : Glockzin, M.",Germany
34FM20161004,Finnmaid,Ship,Leibniz IOW,"Rehder, G. : Glockzin, M.",Germany
34FM20161101,Finnmaid,Ship,Leibniz IOW,"Rehder, G. : Glockzin, M.",Germany
34FM20161202,Finnmaid,Ship,Leibniz IOW,"Rehder, G. : Glockzin, M.",Germany
34FM20161228,Finnmaid,Ship,Leibniz IOW,"Rehder, G. : Glockzin, M.",Germany
34FM20170102,Finnmaid,Ship,Leibniz IOW,"Rehder, G. : Glockzin, M.",Germany
34FM20170207,Finnmaid,Ship,Leibniz IOW,"Rehder, G. : Glockzin, M.",Germany
34FM20170215,Finnmaid,Ship,Leibniz IOW,"Rehder, G. : Glockzin, M.",Germany
34FM20170221,Finnmaid,Ship,Leibniz IOW,"Rehder, G. : Glockzin, M.",Germany
34FM20170224,Finnmaid,Ship,Leibniz IOW,"Rehder, G. : Glockzin, M.",Germany
34FM20170304,Finnmaid,Ship,Leibniz IOW,"Rehder, G. : Glockzin, M.",Germany
34FM20170411,Finnmaid,Ship,Leibniz IOW,"Rehder, G. : Glockzin, M.",Germany
34FM20170416,Finnmaid,Ship,Leibniz IOW,"Rehder, G. : Glockzin, M.",Germany
34FM20170429,Finnmaid,Ship,Leibniz IOW,"Rehder, G. : Glockzin, M.",Germany
34FM20170701,Finnmaid,Ship,Leibniz IOW,"Rehder, G. : Glockzin, M.",Germany
34FM20170916,Finnmaid,Ship,Leibniz IOW,"Rehder, G. : Glockzin, M.",Germany
34FM20170917,Finnmaid,Ship,Leibniz IOW,"Rehder, G. : Glockzin, M.",Germany
34FM20170919,Finnmaid,Ship,Leibniz IOW,"Rehder, G. : Glockzin, M.",Germany
34FM20170920,Finnmaid,Ship,Leibniz IOW,"Rehder, G. : Glockzin, M.",Germany
34FM20180406,Finnmaid,Ship,Leibniz IOW,"Rehder, G. : Glockzin, M.",Germany
34FM20180409,Finnmaid,Ship,Leibniz IOW,"Rehder, G. : Glockzin, M.",Germany
34FM20180423,Finnmaid,Ship,Leibniz IOW,"Rehder, G. : Glockzin, M.",Germany
34FM20180522,Finnmaid,Ship,Leibniz IOW,"Rehder, G. : Glockzin, M.",Germany
34FM20180727,Finnmaid,Ship,Leibniz IOW,"Rehder, G. : Glockzin, M.",Germany
34FM20180730,Finnmaid,Ship,Leibniz IOW,"Rehder, G. : Glockzin, M.",Germany
34FM20180808,Finnmaid,Ship,Leibniz IOW,"Rehder, G. : Glockzin, M.",Germany
34FM20180821,Finnmaid,Ship,Leibniz IOW,"Rehder, G. : Glockzin, M.",Germany
34FM20180905,Finnmaid,Ship,Leibniz IOW,"Rehder, G. : Glockzin, M.",Germany
34FM20180925,Finnmaid,Ship,Leibniz IOW,"Rehder, G. : Glockzin, M.",Germany
34FM20181010,Finnmaid,Ship,Leibniz IOW,"Rehder, G. : Glockzin, M.",Germany
34FM20181030,Finnmaid,Ship,Leibniz IOW,"Rehder, G. : Glockzin, M.",Germany
34FM20181113,Finnmaid,Ship,Leibniz IOW,"Rehder, G. : Glockzin, M.",Germany
34FM20190131,Finnmaid,Ship,Leibniz IOW,"Rehder, G. : Glockzin, M.",Germany
34FM20190222,Finnmaid,Ship,Leibniz IOW,"Rehder, G. : Glockzin, M.",Germany
34FM20190329,Finnmaid,Ship,Leibniz IOW,"Rehder, G. : Glockzin, M.",Germany
34FM20190630,Finnmaid,Ship,Leibniz IOW,"Rehder, G. : Glockzin, M.",Germany
34FM20190727,Finnmaid,Ship,Leibniz IOW,"Rehder, G. : Glockzin, M.",Germany
34FM20191128,Finnmaid,Ship,Leibniz Institute for Baltic Sea Research Warnemuende (IOW),"Rehder, G. : Glockzin, M.",Germany
34FM20191201,Finnmaid,Ship,Leibniz Institute for Baltic Sea Research Warnemuende (IOW),"Rehder, G. : Glockzin, M.",Germany
34FM20200101,Finnmaid,Ship,Leibniz Institute for Baltic Sea Research Warnemuende (IOW),"Rehder, G. : Glockzin, M.",Germany
34FM20200201,Finnmaid,Ship,Leibniz Institute for Baltic Sea Research Warnemuende (IOW),"Rehder, G. : Glockzin, M.",Germany
34FM20200301,Finnmaid,Ship,Leibniz Institute for Baltic Sea Research Warnemuende (IOW),"Rehder, G. : Glockzin, M.",Germany
34FM20200401,Finnmaid,Ship,Leibniz Institute for Baltic Sea Research Warnemuende (IOW),"Rehder, G. : Glockzin, M.",Germany
34FM20200501,Finnmaid,Ship,Leibniz Institute for Baltic Sea Research Warnemuende (IOW),"Rehder, G. : Glockzin, M.",Germany
34FM20200601,Finnmaid,Ship,Leibniz Institute for Baltic Sea Research Warnemuende (IOW),"Rehder, G. : Glockzin, M.",Germany
34FM20200701,Finnmaid,Ship,Leibniz Institute for Baltic Sea Research Warnemuende (IOW),"Rehder, G. : Glockzin, M.",Germany
34FM20200801,Finnmaid,Ship,Leibniz Institute for Baltic Sea Research Warnemuende (IOW),"Rehder, G. : Glockzin, M.",Germany
34FM20200901,Finnmaid,Ship,Leibniz Institute for Baltic Sea Research Warnemuende (IOW),"Rehder, G. : Glockzin, M.",Germany
34FM20201008,Finnmaid,Ship,Leibniz Institute for Baltic Sea Research Warnemuende (IOW),"Rehder, G. : Glockzin, M.",Germany
34FM20201101,Finnmaid,Ship,Leibniz Institute for Baltic Sea Research Warnemuende (IOW),"Rehder, G. : Glockzin, M.",Germany
34FM20210127,Finnmaid,Ship,Leibniz-Institute for Baltic Sea research Warnemuende,"Rehder, G. : Bittig, Henry, Glockzin, Michael",Germany
34FM20220308,Finnmaid,Ship,Leibniz IOW,"Rehder, G. : Bittig, H. : Glockzin, M.",Germany
34FM20220401,Finnmaid,Ship,Leibniz IOW,"Rehder, G. : Bittig, H. : Glockzin, M.",Germany
34FM20220408,Finnmaid,Ship,Leibniz IOW,"Rehder, G. : Bittig, H. : Glockzin, M.",Germany
34FM20220411,Finnmaid,Ship,Leibniz IOW,"Rehder, G. : Bittig, H. : Glockzin, M.",Germany
34FM20220513,Finnmaid,Ship,Leibniz IOW,"Rehder, G. : Bittig, H. : Glockzin, M.",Germany
34FM20220607,Finnmaid,Ship,Leibniz IOW,"Rehder, G. : Bittig, H. : Glockzin, M.",Germany
34FM20220701,Finnmaid,Ship,Leibniz IOW,"Rehder, G. : Bittig, H. : Glockzin, M.",Germany
34FM20220804,Finnmaid,Ship,Leibniz IOW,"Rehder, G. : Bittig, H. : Glockzin, M.",Germany
34FM20220823,Finnmaid,Ship,Leibniz IOW,"Rehder, G. : Bittig, H. : Glockzin, M.",Germany
34FM20220901,Finnmaid,Ship,Leibniz IOW,"Rehder, G. : Bittig, H. : Glockzin, M.",Germany
34FM20221003,Finnmaid,Ship,Leibniz IOW,"Rehder, G. : Bittig, H. : Glockzin, M.",Germany
34FM20221101,Finnmaid,Ship,Leibniz IOW,"Rehder, G. : Bittig, H. : Glockzin, M.",Germany
34FM20221118,Finnmaid,Ship,Leibniz IOW,"Rehder, G. : Bittig, H. : Glockzin, M.",Germany
34FM20221201,Finnmaid,Ship,Leibniz IOW,"Rehder, G. : Bittig, H. : Glockzin, M.",Germany
34FM20230102,Finnmaid,Ship,Leibniz IOW,"Rehder, G. : Bittig, H. : Glockzin, M.",Germany
34FM20230215,Finnmaid,Ship,Leibniz IOW,"Rehder, G. : Bittig, H. : Glockzin, M.",Germany
34FM20230330,Finnmaid,Ship,unassigned,"Rehder, G. : Bittig, H. : Glockzin, M.",Germany
34FM20230426,Finnmaid,Ship,unassigned,"Rehder, G. : Bittig, H. : Glockzin, M.",Germany
34FM20230527,Finnmaid,Ship,unassigned,"Rehder, G. : Bittig, H. : Glockzin, M.",Germany
34FM20230612,Finnmaid,Ship,unassigned,"Rehder, G. : Bittig, H. : Glockzin, M.",Germany
34FM20230625,Finnmaid,Ship,unassigned,"Rehder, G. : Bittig, H. : Glockzin, M.",Germany
34FM20230828,Finnmaid,Ship,unassigned,"Rehder, G. : Bittig, H. : Glockzin, M.",Germany
34FM20231002,Finnmaid,Ship,unassigned,"Rehder, G. : Bittig, H. : Glockzin, M.",Germany
34FM20231206,Finnmaid,Ship,unassigned,"Rehder, G. : Bittig, H. : Glockzin, M.",Germany
34FM20240102,Finnmaid,Ship,unassigned,"Rehder, G. : Bittig, H. : Glockzin, M.",Germany
34FM20240202,Finnmaid,Ship,unassigned,"Rehder, G. : Bittig, H. : Glockzin, M.",Germany
34FM20240317,Finnmaid,Ship,unassigned,"Rehder, G. : Bittig, H. : Glockzin, M.",Germany
34FM20240403,Finnmaid,Ship,unassigned,"Rehder, G. : Bittig, H. : Glockzin, M.",Germany
34FM20240427,Finnmaid,Ship,unassigned,"Rehder, G. : Bittig, H. : Glockzin, M.",Germany
34FM20240527,Finnmaid,Ship,unassigned,"Rehder, G. : Bittig, H. : Glockzin, M.",Germany
34FM20240623,Finnmaid,Ship,unassigned,"Rehder, G. : Bittig, H. : Glockzin, M.",Germany
34FM20240731,Finnmaid,Ship,unassigned,"Rehder, G. : Bittig, H. : Glockzin, M.",Germany
34FM20240911,Finnmaid,Ship,unassigned,"Rehder, G. : Bittig, H. : Glockzin, M.",Germany
34FM20241201,Finnmaid,Ship,unassigned,"Rehder, G. : Bittig, H. : Glockzin, M.",Germany
34FP20030621,VOS Finnpartner,Ship,Leibniz IOW,"Schneider, B.",Germany
34FP20030701,VOS Finnpartner,Ship,Leibniz IOW,"Schneider, B.",Germany
34FP20030808,VOS Finnpartner,Ship,Leibniz IOW,"Schneider, B.",Germany
34FP20030901,VOS Finnpartner,Ship,Leibniz IOW,"Schneider, B.",Germany
34FP20031001,VOS Finnpartner,Ship,Leibniz IOW,"Schneider, B.",Germany
34FP20040209,VOS Finnpartner,Ship,Leibniz IOW,"Schneider, B.",Germany
34FP20040229,VOS Finnpartner,Ship,Leibniz IOW,"Schneider, B.",Germany
34FP20040401,VOS Finnpartner,Ship,Leibniz IOW,"Schneider, B.",Germany
34FP20040504,VOS Finnpartner,Ship,Leibniz IOW,"Schneider, B.",Germany
34FP20040601,VOS Finnpartner,Ship,Leibniz IOW,"Schneider, B.",Germany
34FP20040701,VOS Finnpartner,Ship,Leibniz IOW,"Schneider, B.",Germany
34FP20040731,VOS Finnpartner,Ship,Leibniz IOW,"Schneider, B.",Germany
34FP20040905,VOS Finnpartner,Ship,Leibniz IOW,"Schneider, B.",Germany
34FP20041001,VOS Finnpartner,Ship,Leibniz IOW,"Schneider, B.",Germany
34FP20050117,VOS Finnpartner,Ship,Leibniz IOW,"Schneider, B.",Germany
34FP20050131,VOS Finnpartner,Ship,Leibniz IOW,"Schneider, B.",Germany
34FP20050228,VOS Finnpartner,Ship,Leibniz IOW,"Schneider, B.",Germany
34FP20050331,VOS Finnpartner,Ship,Leibniz IOW,"Schneider, B.",Germany
34FP20050430,VOS Finnpartner,Ship,Leibniz IOW,"Schneider, B.",Germany
34FP20050601,VOS Finnpartner,Ship,Leibniz IOW,"Schneider, B.",Germany
34FP20050701,VOS Finnpartner,Ship,Leibniz IOW,"Schneider, B.",Germany
34FP20050731,VOS Finnpartner,Ship,Leibniz IOW,"Schneider, B.",Germany
34FP20050901,VOS Finnpartner,Ship,Leibniz IOW,"Schneider, B.",Germany
34FP20051001,VOS Finnpartner,Ship,Leibniz IOW,"Schneider, B.",Germany
34FP20051031,VOS Finnpartner,Ship,Leibniz IOW,"Schneider, B.",Germany
34FP20051130,VOS Finnpartner,Ship,Leibniz IOW,"Schneider, B.",Germany
34FP20060301,VOS Finnpartner,Ship,Leibniz IOW,"Schneider, B.",Germany
34FP20060331,VOS Finnpartner,Ship,Leibniz IOW,"Schneider, B.",Germany
34FP20060430,VOS Finnpartner,Ship,Leibniz IOW,"Schneider, B.",Germany
34FP20060601,VOS Finnpartner,Ship,Leibniz IOW,"Schneider, B.",Germany
34FP20060711,VOS Finnpartner,Ship,Leibniz IOW,"Schneider, B.",Germany
34FP20060731,VOS Finnpartner,Ship,Leibniz IOW,"Schneider, B.",Germany
34FP20060901,VOS Finnpartner,Ship,Leibniz IOW,"Schneider, B.",Germany
353L19961021,L Astrolabe,Ship,LOCEAN,"Metzl, N.",France
353L19970202,L Astrolabe,Ship,LOCEAN,"Metzl, N.",France
353L20041230,L Astrolabe,Ship,Univ Perpignan,"Goyet, C.",France
353L20050218,L Astrolabe,Ship,Univ Perpignan,"Goyet, C.",France
353L20051019,L Astrolabe,Ship,Univ Perpignan,"Goyet, C.",France
353L20081021,L Astrolabe,Ship,CSIRO,"Tilbrook, B.",Australia
353L20090101,L Astrolabe,Ship,CSIRO,"Tilbrook, B.",Australia
353L20090109,L Astrolabe,Ship,CSIRO,"Tilbrook, B.",Australia
353L20090122,L Astrolabe,Ship,CSIRO,"Tilbrook, B.",Australia
353L20090218,L Astrolabe,Ship,CSIRO,"Tilbrook, B.",Australia
353L20090227,L Astrolabe,Ship,CSIRO,"Tilbrook, B.",Australia
353L20091021,L Astrolabe,Ship,CSIRO,"Tilbrook, B.",Australia
353L20091111,L Astrolabe,Ship,CSIRO,"Tilbrook, B.",Australia
353L20100219,L Astrolabe,Ship,CSIRO,"Tilbrook, B.",Australia
353L20100228,L Astrolabe,Ship,CSIRO,"Tilbrook, B.",Australia
353L20101021,L Astrolabe,Ship,CSIRO,"Tilbrook, B.",Australia
353L20101031,L Astrolabe,Ship,CSIRO,"Tilbrook, B.",Australia
353L20110220,L Astrolabe,Ship,CSIRO,"Tilbrook, B.",Australia
353L20110301,L Astrolabe,Ship,CSIRO,"Tilbrook, B.",Australia
353L20111022,L Astrolabe,Ship,CSIRO,"Tilbrook, B.",Australia
353L20111206,L Astrolabe,Ship,CSIRO,"Tilbrook, B.",Australia
353L20120107,L Astrolabe,Ship,CSIRO,"Tilbrook, B.",Australia
353L20120123,L Astrolabe,Ship,CSIRO,"Tilbrook, B.",Australia
353L20120218,L Astrolabe,Ship,CSIRO,"Tilbrook, B.",Australia
353L20120302,L Astrolabe,Ship,CSIRO,"Tilbrook, B.",Australia
353L20121013,L Astrolabe,Ship,CSIRO,"Tilbrook, B.",Australia
353L20121118,L Astrolabe,Ship,CSIRO,"Tilbrook, B.",Australia
353L20130110,L Astrolabe,Ship,CSIRO,"Tilbrook, B.",Australia
353L20130126,L Astrolabe,Ship,CSIRO,"Tilbrook, B.",Australia
353L20130219,L Astrolabe,Ship,CSIRO,"Tilbrook, B.",Australia
353L20130226,L Astrolabe,Ship,CSIRO,"Tilbrook, B.",Australia
357F19950611,Mooring,Mooring,LOCEAN,"Hood, E.M.",France
357F20080420,PIRATA_8N_38W,Mooring,LOCEAN,"Lefevre, N.",France
357F20090330,PIRATA_8N_38W,Mooring,LOCEAN,"Lefevre, N.",France
357F20100803,PIRATA_8N_38W,Mooring,LOCEAN,"Lefevre, N.",France
357F20100925,Mooring,Mooring,LOCEAN,"Lefevre, N.",France
357F20110512,Mooring,Mooring,LOCEAN,"Lefevre, N.",France
357F20110903,PIRATA_8N_38W,Mooring,LOCEAN,"Lefevre, N.",France
357F20130215,Boussole,Mooring,LOCEAN,"Merlivat, L. : Boutin, J. : Beaumont, L.",France
357F20130619,PIRATA_8N_38W,Mooring,LOCEAN,"Lefevre, N.",France
357F20140315,Boussole,Mooring,LOCEAN,"Merlivat, L. : Boutin, J. : Beaumont, L.",France
357F20141213,Boussole,Mooring,LOCEAN,"Merlivat, L. : Boutin, J. : Beaumont, L.",France
357F20150709,Boussole,Mooring,LOCEAN,"Merlivat, L. : Boutin, J. : Beaumont, L.",France
357F20160220,Boussole,Mooring,LOCEAN,"Merlivat, L. : Boutin, J. : Beaumont, L.",France
357F20160813,Boussole,Mooring,LOCEAN,"Merlivat, L. : Boutin, J. : Beaumont, L.",France
357F20170311,PIRATA_6S_10W,Mooring,LOCEAN,"Lefevre, N.",France
357F20170610,Boussole,Mooring,LOCEAN,"Merlivat, L. : Boutin, J. : Beaumont, L.",France
357F20180103,Boussole,Mooring,LOCEAN,"Merlivat, L. : Boutin, J. : Beaumont, L.",France
357F20180301,Boussole,Mooring,LOCEAN,"Merlivat, L. : Boutin, J. : Beaumont, L.",France
357F20180315,PIRATA_6S_8E,Mooring,LOCEAN,"Lefevre, N.",France
357F20190316,PIRATA_6S_8E,Mooring,LOCEAN,"Lefevre, N.",France
357F20190323,Boussole,Mooring,LOCEAN,"Merlivat, L. : Boutin, J. : Beaumont, L.",France
357F20200903,Boussole,Boussole buoy,CNRS,"Coppola, L.",France
357F20210410,Boussole,Buoy,CNRS,"Coppola, L.",France
357F20230310,Boussole,Buoy,CNRS,"Coppola, L.",France
35A319910914,L Atalante,Ship,Univ Pierre Marie Curie,"Copin-Montegut, C.",France
35A319910918,L Atalante,Ship,Univ Pierre Marie Curie,"Copin-Montegut, C.",France
35A319910925,L Atalante,Ship,Univ Pierre Marie Curie,"Copin-Montegut, C.",France
35A319911004,L Atalante,Ship,Univ Pierre Marie Curie,"Copin-Montegut, C.",France
35A319911010,L Atalante,Ship,Univ Pierre Marie Curie,"Copin-Montegut, C.",France
35A319920528,L Atalante,Ship,Univ Pierre Marie Curie,"Copin-Montegut, C.",France
35A319920605,L Atalante,Ship,Univ Pierre Marie Curie,"Copin-Montegut, C.",France
35A319920607,L Atalante,Ship,Univ Pierre Marie Curie,"Copin-Montegut, C.",France
35A319940926,L Atalante,Ship,LOCEAN,"Metzl, N.",France
35A319941105,L Atalante,Ship,LOCEAN,"Metzl, N.",France
35A320010323,L Atalante,Ship,Univ Las Palmas,"Gonzalez-Davila, M. : Santana-Casiano, J.M.",Spain
35A320010825,L Atalante,Ship,Univ Las Palmas,"Gonzalez-Davila, M. : Santana-Casiano, J.M.",Spain
35A320060526,L Atalante,Ship,LOCEAN,"Koffi, U. : Lefevre, N. : Kouadio, G. : Boutin, J.",France
35AQ20120425,Armorique,Ship,Bio Sta Roscoff,"Marrec, P. : Bozec, Y.",France
35AQ20130315,Armorique,Ship,Bio Sta Roscoff,"Bozec, Y. : Marrec, P.",France
35AQ20140318,Armorique,Ship,Bio Sta Roscoff,"Marrec, P. : Bozec, Y.",France
35C420090708,Cotes de la Manche,Ship,Bio Sta Roscoff,"Bozec, Y.",France
35C420091017,Cotes de la Manche,Ship,Bio Sta Roscoff,"Bozec, Y.",France
35DR19960803,Carioca,Drifting Buoy,LOCEAN,"Merlivat, L.",France
35DR19970619,Carioca,Drifting Buoy,LOCEAN,"Bakker, D.",France
35DR19990118,Drifting Buoy,Drifting Buoy,IUEM,"Treguer, P.",France
35DR19990124,Drifting Buoy,Drifting Buoy,IUEM,"Treguer, P.",France
35DR20011120,Drifting Buoy,Drifting Buoy,LOCEAN,"Boutin, J.",France
35DR20020113,Drifting Buoy,Drifting Buoy,LOCEAN,"Boutin, J.",France
35DR20020113-2,Drifting Buoy,Drifting Buoy,LOCEAN,"Boutin, J.",France
35DR20030130,Drifting Buoy,Drifting Buoy,LOCEAN,"Boutin, J.",France
35DR20030131,Drifting Buoy,Drifting Buoy,LOCEAN,"Boutin, J.",France
35DR20040329,Drifting Buoy,Drifting Buoy,LOCEAN,"Boutin, J.",France
35DR20040412,Drifting Buoy,Drifting Buoy,LOCEAN,"Boutin, J.",France
35DR20050128,Drifting Buoy,Drifting Buoy,LOCEAN,"Boutin, J.",France
35DR20060127,Drifting Buoy,Drifting Buoy,LOCEAN,"Boutin, J.",France
35DR20060608,Mooring,Mooring,LOCEAN,"Lefevre, N.",France
35DR20061128,Drifting Buoy,Drifting Buoy,LOCEAN,"Boutin, J.",France
35DR20061129,Drifting Buoy,Drifting Buoy,LOCEAN,"Boutin, J.",France
35DR20070128,Drifting Buoy,Drifting Buoy,LOCEAN,"Boutin, J.",France
35DR20070629,Mooring,Mooring,LOCEAN,"Lefevre, N.",France
35DR20080427,Drifting Buoy,Drifting Buoy,LOCEAN,"Boutin, J.",France
35DR20080427-2,Drifting Buoy,Drifting Buoy,LOCEAN,"Boutin, J.",France
35DR20080917,Mooring,Mooring,LOCEAN,"Lefevre, N.",France
35DR20090711,Mooring,Mooring,LOCEAN,"Lefevre, N. : Guillot, A. : Beaumont, L. : Danguy, T.",France
35DR20111101,Drifting Buoy,Drifting Buoy,LOCEAN,"Boutin, J.",France
35DR20120419,PIRATA_6S_10W,Mooring,LOCEAN,"Lefevre, N. : Guillot, A. : Beaumont, L. : Danguy, T.",France
35DR20130523,PIRATA_6S_10W,Mooring,LOCEAN,"Lefevre, N. : Guillot, A. : Beaumont, L. : Danguy, T.",France
35MF19910105,Marion Dufresne,Ship,Univ Pierre Marie Curie,"Poisson, A.",France
35MF19910224,Marion Dufresne,Ship,Univ Pierre Marie Curie,"Poisson, A.",France
35MF19910413,Marion Dufresne,Ship,Univ Pierre Marie Curie,"Poisson, A.",France
35MF19910524,Marion Dufresne,Ship,Univ Pierre Marie Curie,"Poisson, A.",France
35MF19910728,Marion Dufresne,Ship,Univ Pierre Marie Curie,"Poisson, A.",France
35MF19910821,Marion Dufresne,Ship,Univ Pierre Marie Curie,"Poisson, A.",France
35MF19910908,Marion Dufresne,Ship,Univ Pierre Marie Curie,"Poisson, A.",France
35MF19920103,Marion Dufresne,Ship,Univ Pierre Marie Curie,"Poisson, A.",France
35MF19920120,Marion Dufresne,Ship,Univ Pierre Marie Curie,"Poisson, A.",France
35MF19920208,Marion Dufresne,Ship,Univ Pierre Marie Curie,"Poisson, A.",France
35MF19920325,Marion Dufresne,Ship,Univ Pierre Marie Curie,"Poisson, A.",France
35MF19920414,Marion Dufresne,Ship,Univ Pierre Marie Curie,"Poisson, A.",France
35MF19920512,Marion Dufresne,Ship,Univ Pierre Marie Curie,"Poisson, A.",France
35MF19920725,Marion Dufresne,Ship,Univ Pierre Marie Curie,"Poisson, A.",France
35MF19920822,Marion Dufresne,Ship,Univ Pierre Marie Curie,"Poisson, A.",France
35MF19930126,Marion Dufresne,Ship,Univ Pierre Marie Curie,"Poisson, A.",France
35MF19930130,Marion Dufresne,Ship,Univ Pierre Marie Curie,"Poisson, A.",France
35MF19930319,Marion Dufresne,Ship,Univ Pierre Marie Curie,"Poisson, A.",France
35MF19930330,Marion Dufresne,Ship,Univ Pierre Marie Curie,"Poisson, A.",France
35MF19930524,Marion Dufresne,Ship,Univ Pierre Marie Curie,"Poisson, A.",France
35MF19930625,Marion Dufresne,Ship,Univ Pierre Marie Curie,"Poisson, A.",France
35MF19930725,Marion Dufresne,Ship,Univ Pierre Marie Curie,"Poisson, A.",France
35MF19940128,Marion Dufresne,Ship,LOCEAN,"Metzl, N.",France
35MF19950928,Marion Dufresne,Ship,LOCEAN,"Metzl, N.",France
35MF19980121,Marion Dufresne,Ship,LOCEAN,"Metzl, N.",France
35MF19980819,Marion Dufresne,Ship,LOCEAN,"Metzl, N.",France
35MF19981204,Marion Dufresne,Ship,LOCEAN,"Metzl, N.",France
35MF19991018,Marion Dufresne,Ship,LOCEAN,"Metzl, N.",France
35MF20000115,Marion Dufresne,Ship,LOCEAN,"Metzl, N.",France
35MF20000721,Marion Dufresne,Ship,LOCEAN,"Metzl, N.",France
35MF20010104,Marion Dufresne,Ship,LOCEAN,"Metzl, N.",France
35MF20010901,Marion Dufresne,Ship,LOCEAN,"Metzl, N.",France
35MF20020105,Marion Dufresne,Ship,LOCEAN,"Metzl, N.",France
35MF20020824,Marion Dufresne,Ship,LOCEAN,"Metzl, N.",France
35MF20030126,Marion Dufresne,Ship,LOCEAN,"Metzl, N.",France
35MF20040106,Marion Dufresne,Ship,LOCEAN,"Metzl, N.",France
35MF20050113,Marion Dufresne,Ship,LOCEAN,"Metzl, N.",France
35MF20050919,Marion Dufresne,Ship,LOCEAN,"Metzl, N.",France
35MF20060105,Marion Dufresne,Ship,LOCEAN,"Metzl, N.",France
35MF20070104,Marion Dufresne,Ship,LOCEAN,"Metzl, N.",France
35MF20080105,Marion Dufresne,Ship,LOCEAN,"Metzl, N.",France
35MF20090104,Marion Dufresne,Ship,LOCEAN,"Metzl, N.",France
35MF20091224,Marion Dufresne,Ship,LOCEAN,"Metzl, N.",France
35MF20110115,Marion Dufresne,Ship,LOCEAN,"Metzl, N.",France
35MF20111011,Marion Dufresne,Ship,LOCEAN,"Metzl, N.",France
35MF20120125,Marion Dufresne,Ship,LOCEAN,"Metzl, N.",France
35MF20130210,Marion Dufresne,Ship,LOCEAN,"Metzl, N.",France
35MF20140109,Marion Dufresne,Ship,LOCEAN,"Metzl, N. : Lo Monaco, C.",France
35MF20150107,Marion Dufresne,Ship,LOCEAN,"Metzl, N. : Lo Monaco, C.",France
35MF20160108,Marion Dufresne,Ship,LOCEAN,"Metzl, N. : Lo Monaco, C.",France
35MJ20060225,Colibri,Ship,LOCEAN,"Lefevre, N.",France
35MJ20060309,Colibri,Ship,LOCEAN,"Lefevre, N.",France
35MJ20061223,Colibri,Ship,LOCEAN,"Lefevre, N.",France
35MJ20070223,Colibri,Ship,LOCEAN,"Lefevre, N.",France
35MJ20070420,Colibri,Ship,LOCEAN,"Lefevre, N.",France
35MJ20070611,Colibri,Ship,LOCEAN,"Lefevre, N.",France
35MJ20070820,Colibri,Ship,LOCEAN,"Lefevre, N.",France
35MJ20090615,Colibri,Ship,LOCEAN,"Lefevre, N.",France
35MJ20090710,Colibri,Ship,LOCEAN,"Lefevre, N.",France
35MJ20090808,Colibri,Ship,LOCEAN,"Lefevre, N.",France
35MJ20090826,Colibri,Ship,LOCEAN,"Lefevre, N.",France
35MJ20100330,Colibri,Ship,LOCEAN,"Lefevre, N.",France
35MJ20100411,Colibri,Ship,LOCEAN,"Lefevre, N.",France
35MJ20100514,Colibri,Ship,LOCEAN,"Lefevre, N.",France
35MJ20100620,Colibri,Ship,LOCEAN,"Lefevre, N.",France
35MJ20100729,Colibri,Ship,LOCEAN,"Lefevre, N.",France
35MJ20100815,Colibri,Ship,LOCEAN,"Lefevre, N.",France
35MJ20100930,Colibri,Ship,LOCEAN,"Lefevre, N.",France
35MJ20101018,Colibri,Ship,LOCEAN,"Lefevre, N.",France
35MJ20101223,Colibri,Ship,LOCEAN,"Lefevre, N.",France
35MJ20110107,Colibri,Ship,LOCEAN,"Lefevre, N.",France
35MJ20110610,Colibri,Ship,LOCEAN,"Lefevre, N.",France
35MJ20110624,Colibri,Ship,LOCEAN,"Lefevre, N.",France
35MJ20120120,Colibri,Ship,LOCEAN,"Lefevre, N.",France
35MJ20120206,Colibri,Ship,LOCEAN,"Lefevre, N.",France
35MJ20120309,Colibri,Ship,LOCEAN,"Lefevre, N.",France
35MJ20120322,Colibri,Ship,LOCEAN,"Lefevre, N.",France
35MJ20120919,Colibri,Ship,LOCEAN,"Lefevre, N.",France
35MJ20121009,Colibri,Ship,LOCEAN,"Lefevre, N.",France
35MJ20140704,Colibri,Ship,LOCEAN,"Lefevre, N. : Diverres, D.",France
35MJ20140718,Colibri,Ship,LOCEAN,"Lefevre, N. : Diverres, D.",France
35MJ20140827,Colibri,Ship,LOCEAN,"Lefevre, N. : Diverres, D.",France
35MJ20140912,Colibri,Ship,LOCEAN,"Lefevre, N. : Diverres, D.",France
35MJ20141025,Colibri,Ship,LOCEAN,"Lefevre, N. : Diverres, D.",France
35MJ20150226,Colibri,Ship,LOCEAN,"Lefevre, N. : Diverres, D.",France
35MJ20150312,Colibri,Ship,LOCEAN,"Lefevre, N. : Diverres, D.",France
35MJ20150526,Colibri,Ship,LOCEAN,"Lefevre, N. : Diverres, D.",France
35MJ20150607,Colibri,Ship,LOCEAN,"Lefevre, N. : Diverres, D.",France
35MJ20151014,Colibri,Ship,LOCEAN,"Lefevre, N.",France
35MJ20151109,Colibri,Ship,LOCEAN,"Lefevre, N.",France
35MJ20151229,Colibri,Ship,LOCEAN,"Lefevre, N.",France
35MJ20160107,Colibri,Ship,LOCEAN,"Lefevre, N.",France
35MJ20160304,Colibri,Ship,LOCEAN,"Lefevre, N.",France
35MJ20160319,Colibri,Ship,LOCEAN,"Lefevre, N.",France
35MJ20160504,Colibri,Ship,LOCEAN,"Lefevre, N.",France
35MJ20160519,Colibri,Ship,LOCEAN,"Lefevre, N.",France
35MJ20160812,Colibri,Ship,LOCEAN,"Lefevre, N.",France
35MJ20160825,Colibri,Ship,LOCEAN,"Lefevre, N.",France
35MJ20170825,Colibri,Ship,LOCEAN,"Lefevre, N.",France
35MJ20171102,Colibri,Ship,LOCEAN,"Lefevre, N.",France
35MJ20180430,Colibri,Ship,LOCEAN,"Lefevre, N.",France
35MJ20190111,Colibri,Ship,LOCEAN,"Lefevre, N.",France
35MJ20190124,Colibri,Ship,LOCEAN,"Lefevre, N.",France
35MJ20190529,Colibri,Ship,LOCEAN,"Lefevre, N.",France
35MJ20190613,Colibri,Ship,LOCEAN,"Lefevre, N.",France
35MJ20190809,Colibri,Ship,LOCEAN,"Lefevre, N.",France
35MJ20201104,Colibri,Ship,LOCEAN,"Lefevre, N.",France
35MJ20201121,Colibri,Ship,LOCEAN,"Lefevre, N.",France
35MJ20220405,Colibri,Ship,LOCEAN,"Lefevre, N.",France
35MJ20220720,MN Colibri,Ship,LOCEAN,"Lefevre, N.",France
35MJ20220805,MN Colibri,Ship,LOCEAN,"Lefevre, N.",France
35MJ20221017,Colibri,Ship,LOCEAN,"Lefevre, N.",France
35MJ20230506,Colibri,Ship,LOCEAN,"Lefevre, N.",France
35MJ20230526,Colibri,Ship,LOCEAN,"Lefevre, N.",France
35MJ20230709,Colibri,Ship,LOCEAN,"Lefevre, N.",France
35MV20161006,Marion Dufresne,Ship,LOCEAN,"Metzl, N. : Lo Monaco, C.",France
35MV20170105,Marion Dufresne,Ship,LOCEAN,"Metzl, N. : Lo Monaco, C.",France
35MV20180105,Marion Dufresne,Ship,LOCEAN,"Lo Monaco, C. : Metzl, N.",France
35MV20190109,Marion Dufresne,Ship,LOCEAN,"Lo Monaco, C. : Metzl, N.",France
35MV20190405,Marion Dufresne,Ship,LOCEAN,"Lo Monaco, C. : Metzl, N. : A. Tribollet",France
35MV20200106,Marion Dufresne,Ship,LOCEAN,"Lo Monaco, C. : Metzl, N.",France
35MV20210113,Marion Dufresne,Ship,LOCEAN,"Lo Monaco, C. : Metzl, N.",France
35MV20220210,Marion Dufresne,Ship,LOCEAN,"Lo Monaco, C. : Metzl, N.",France
35MV20220420,Marion Dufresne,Ship,LOCEAN,"Lo Monaco, C. : Metzl, N.",France
35MV20220627,Marion Dufresne,Ship,LOCEAN,"Lo Monaco, C. : Metzl, N.",France
35MV20230123,Marion Dufresne,Ship,LOCEAN,"Lo Monaco, C. : Metzl, N.",France
35MV20240112,Marion Dufresne,Ship,LOCEAN,"Lo Monaco, C. : Metzl, N.",France
35NR20191027,Newrest Art and Fenetres,Ship,GEOMAR,"Tanhua, T.",Germany
35NR20191119,Newrest Art and Fenetres,Ship,GEOMAR,"Tanhua, T.",Germany
35NR20201111,Newrest Art and Fenetres,sailing yacht IMOCA60,Fabrice AMEDEO,"Tanhua, T. : Reynaud, T.",Germany
35NR20201222,Newrest Art and Fenetres,sailing yacht IMOCA60,Fabrice AMEDEO,"Tanhua, T. : Reynaud, T.",Germany
35NR20211130,Newrest Art and Fenetres,sailing yacht IMOCA60,Fabrice AMEDEO,"Tanhua, T. : Reynaud, T.",Germany
35NR20220612,Nexans  Art and Fenetres,sailing yacht IMOCA60,Fabrice AMEDEO,"Tanhua, T.",Germany
35RF19910727,Rabelais,Ship,Univ Pierre Marie Curie,"Dandonneau, Y.",France
35RF19911022,Rabelais,Ship,Univ Pierre Marie Curie,"Dandonneau, Y.",France
35RF19920216,Rabelais,Ship,Univ Pierre Marie Curie,"Dandonneau, Y.",France
35RF19920531,Rabelais,Ship,Univ Pierre Marie Curie,"Dandonneau, Y.",France
35RF19920909,Rabelais,Ship,Univ Pierre Marie Curie,"Dandonneau, Y.",France
35RF19931229,Rabelais,Ship,Univ Pierre Marie Curie,"Dandonneau, Y.",France
35RF19940406,Rabelais,Ship,Univ Pierre Marie Curie,"Dandonneau, Y.",France
35RF19940731,Rabelais,Ship,Univ Pierre Marie Curie,"Dandonneau, Y.",France
35RF19950509,Rabelais,Ship,Univ Pierre Marie Curie,"Dandonneau, Y.",France
35RF19950820,Rabelais,Ship,Univ Pierre Marie Curie,"Dandonneau, Y.",France
35RF19951205,Rabelais,Ship,Univ Pierre Marie Curie,"Dandonneau, Y.",France
35RF19960306,Rabelais,Ship,Univ Pierre Marie Curie,"Dandonneau, Y.",France
35RF19960606,Rabelais,Ship,Univ Pierre Marie Curie,"Dandonneau, Y.",France
35RF19960911,Rabelais,Ship,Univ Pierre Marie Curie,"Dandonneau, Y.",France
35RF19961210,Rabelais,Ship,Univ Pierre Marie Curie,"Dandonneau, Y.",France
35TH19990907,Thalassa,Ship,OOV France,"Claustre, H.",France
35TH20010203,Thalassa,Ship,Univ Las Palmas,"Gonzalez-Davila, M. : Santana-Casiano, J.M.",Spain
35TH20040605,Thalassa,Ship,CSIC Spain,"Rios, A.F.",Spain
35TH20040613,Thalassa,Ship,CSIC Spain,"Rios, A.F.",Spain
35TH20080824,Thalassa,Ship,CSIC Spain,"Rios, A.F.",Spain
35TH20120819,Thalassa,Ship,Univ Ireland,"Ward, B.",Ireland
35TT19980206,Tethys II,Ship,Univ Pierre Marie Curie,"Copin-Montegut, C.",France
35TT19980316,Tethys II,Ship,Univ Pierre Marie Curie,"Copin-Montegut, C.",France
35TT19980426,Tethys II,Ship,Univ Pierre Marie Curie,"Copin-Montegut, C.",France
35TT19980506,Tethys II,Ship,Univ Pierre Marie Curie,"Copin-Montegut, C.",France
35TT19980617,Tethys II,Ship,Univ Pierre Marie Curie,"Copin-Montegut, C.",France
35TT19980723,Tethys II,Ship,Univ Pierre Marie Curie,"Copin-Montegut, C.",France
35TT19981010,Tethys II,Ship,Univ Pierre Marie Curie,"Copin-Montegut, C.",France
35TT19981207,Tethys II,Ship,Univ Pierre Marie Curie,"Begovic, M.",France
35TT19990127,Tethys II,Ship,Univ Pierre Marie Curie,"Copin-Montegut, C.",France
35TT19990221,Tethys II,Ship,Univ Pierre Marie Curie,"Copin-Montegut, C.",France
35TT19990317,Tethys II,Ship,Univ Pierre Marie Curie,"Copin-Montegut, C.",France
35TT19990412,Tethys II,Ship,Univ Pierre Marie Curie,"Copin-Montegut, C.",France
35TT19991028,Tethys II,Ship,Univ Pierre Marie Curie,"Copin-Montegut, C.",France
35TT19991208,Tethys II,Ship,Univ Pierre Marie Curie,"Copin-Montegut, C.",France
35TT20000131,Tethys II,Ship,Univ Pierre Marie Curie,"Copin-Montegut, C.",France
35TT20020226,Tethys II,Ship,OMEX,"Frankignoulle, M.",France
35TT20120222,Tethys II,Ship,Bio Sta Roscoff,"Bozec, Y.",France
35TT20120720,Tethys II,Ship,Bio Sta Roscoff,"Bozec, Y.",France
35XI20210819,Tara,Ship,LOCEAN,"Olivier, L.",France
369920201127,POSEIDON HCB,Mooring,Hellenic Centre Marine Res,"Frangoulis, C. : Stamataki, N. : Giannoudi, L. : Petihakis, G. : Perivoliotis, L.",Greece
369920210914,POSEIDON HCB,Mooring,Hellenic Centre Marine Res,"Frangoulis, C. : Stamataki, N. : Giannoudi, L. : Petihakis, G. : Perivoliotis, L.",Greece
369920220329,POSEIDON HCB,Mooring,Hellenic Centre Marine Res,"Frangoulis, C. : Stamataki, N. : Giannoudi, L. : Petihakis, G. : Perivoliotis, L.",Greece
369920220921,POSEIDON HCB,Mooring,Hellenic Centre Marine Res,"Frangoulis, C. : Stamataki, N. : Giannoudi, L. : Petihakis, G. : Perivoliotis, L.",Greece
36AE20060208,Aegaeo,Ship,Hellenic Centre Marine Res,"Krasakopoulou, E.",Greece
45CE20060615,Celtic Explorer,Ship,NOAA AOML,"Wanninkhof, R.",USA
45CE201701003,Celtic Explorer,Ship,Irish Marine Inst.,"Cronin, M.",Ireland
45CE201701015,Celtic Explorer,Ship,Irish Marine Inst.,"Cronin, M.",Ireland
45CE20170420,Celtic Explorer,Ship,Irish Marine Inst.,"Cronin, M.",Ireland
45CE20170429,Celtic Explorer,Ship,Irish Marine Inst.,"Cronin, M.",Ireland
45CE20170524,Celtic Explorer,Ship,Irish Marine Inst.,"Cronin, M.",Ireland
45CE20170606,Celtic Explorer,Ship,Irish Marine Inst.,"Cronin, M.",Ireland
45CE20170704,Celtic Explorer,Ship,Irish Marine Inst.,"Cronin, M.",Ireland
45CE20170722,Celtic Explorer,Ship,Irish Marine Inst.,"Cronin, M.",Ireland
45CE20170811,Celtic Explorer,Ship,Irish Marine Inst.,"Cronin, M.",Ireland
45CE20170922,Celtic Explorer,Ship,Irish Marine Inst.,"Cronin, M.",Ireland
45CE20171105,Celtic Explorer,Ship,Irish Marine Inst.,"Cronin, M.",Ireland
45CE20180210,Celtic Explorer,Ship,Irish Marine Inst.,"Cronin, M.",Ireland
45CE20180219,Celtic Explorer,Ship,Irish Marine Inst.,"Cronin, M.",Ireland
45CE20180320,Celtic Explorer,Ship,Irish Marine Inst.,"Cronin, M.",Ireland
45CE20180410,Celtic Explorer,Ship,Irish Marine Inst.,"Cronin, M.",Ireland
45CE20180422,Celtic Explorer,Ship,Irish Marine Inst.,"Cronin, M.",Ireland
45CE20180514,Celtic Explorer,Ship,Irish Marine Inst.,"Cronin, M.",Ireland
45CE20180609,Celtic Explorer,Ship,Irish Marine Inst.,"Cronin, M.",Ireland
45CE20180703,Celtic Explorer,Ship,Irish Marine Inst.,"Cronin, M.",Ireland
45CE20180728,Celtic Explorer,Ship,Irish Marine Inst.,"Cronin, M.",Ireland
45CE20180811,Celtic Explorer,Ship,Irish Marine Inst.,"Cronin, M.",Ireland
45CE20180828,Celtic Explorer,Ship,Irish Marine Inst.,"Cronin, M.",Ireland
45CE20180917,Celtic Explorer,Ship,Irish Marine Inst.,"Cronin, M.",Ireland
45CE20181008,Celtic Explorer,Ship,Irish Marine Inst.,"Cronin, M.",Ireland
45CE20181029,Celtic Explorer,Ship,Irish Marine Inst.,"Cronin, M.",Ireland
45CE20181109,Celtic Explorer,Ship,Irish Marine Inst.,"Cronin, M.",Ireland
45CE20190326,Celtic Explorer,Ship,Irish Marine Inst.,"Cronin, M.",Ireland
45CE20190417,Celtic Explorer,Ship,Irish Marine Inst.,"Cronin, M.",Ireland
45CE20190428,Celtic Explorer,Ship,Irish Marine Inst.,"Cronin, M.",Ireland
45CE20190514,Celtic Explorer,Ship,Irish Marine Inst.,"Cronin, M.",Ireland
45CE20190524,Celtic Explorer,Ship,Irish Marine Inst.,"Cronin, M.",Ireland
45CE20190613,Celtic Explorer,Ship,Irish Marine Inst.,"Cronin, M.",Ireland
45CE20190725,Celtic Explorer,Ship,Irish Marine Inst.,"Cronin, M.",Ireland
45CE20190801,Celtic Explorer,Ship,Irish Marine Inst.,"Cronin, Margot",Ireland
45CE20190921,Celtic Explorer,Ship,Irish Marine Inst.,"Cronin, Margot",Ireland
45CE20191009,Celtic Explorer,Ship,Irish Marine Inst.,"Cronin, M.",Ireland
45CE20191030,Celtic Explorer,Ship,Irish Marine Inst.,"Cronin, Margot",Ireland
45CE20200212,Celtic Explorer,Ship,Irish Marine Inst.,"Cronin, Margot",Ireland
45CE20200226,Celtic Explorer,Ship,Irish Marine Inst.,"Cronin, Margot",Ireland
45CE20200326,Celtic Explorer,Ship,Irish Marine Inst.,"Cronin, Margot",Ireland
45CE20200413,Celtic Explorer,Ship,Irish Marine Inst.,"Cronin, Margot",Ireland
45CE20200426,Celtic Explorer,Ship,Irish Marine Inst.,"Cronin, Margot",Ireland
45CE20200609,Celtic Explorer,Ship,Irish Marine Inst.,"Cronin, Margot",Ireland
45CE20210218,Celtic Explorer,Ship,Irish Marine Inst.,"Cronin, Margot",Ireland
45CE20210305,Celtic Explorer,Ship,Irish Marine Inst.,"Cronin, Margot",Ireland
45CE20210320,Celtic Explorer,Ship,Irish Marine Inst.,"Cronin, Margot",Ireland
45CE20210411,Celtic Explorer,Ship,Irish Marine Inst.,"Cronin, Margot",Ireland
45CE20210424,Celtic Explorer,Ship,Irish Marine Inst.,"Cronin, Margot",Ireland
45CE20210509,Celtic Explorer,Ship,Irish Marine Inst.,"Cronin, Margot",Ireland
45CE20210609,Celtic Explorer,Ship,Irish Marine Inst.,"Cronin, Margot",Ireland
45CE20210726,Celtic Explorer,Ship,Irish Marine Inst.,"Cronin, Margot",Ireland
45CE20210814,Celtic Explorer,Ship,Irish Marine Inst.,"Cronin, Margot",Ireland
45CE20210823,Celtic Explorer,Ship,Irish Marine Inst.,"Cronin, Margot",Ireland
45CE20220424,Celtic Explorer,Ship,Irish Marine Inst.,"Cronin, Margot",Ireland
45CE20220510,Celtic Explorer,Ship,Irish Marine Inst.,"Cronin, Margot",Ireland
45CE20220614,Celtic Explorer,Ship,Irish Marine Inst.,"Cronin, Margot",Ireland
45CE20240501,Celtic Explorer,Ship,Irish Marine Inst.,"Cronin, Margot",Ireland
45CE20240608,Celtic Explorer,Ship,Irish Marine Inst.,"Cronin, Margot",Ireland
45CE20240721,Celtic Explorer,Ship,Irish Marine Inst.,"Cronin, Margot",Ireland
45CE20240902,Celtic Explorer,Ship,Irish Marine Inst.,"Cronin, Margot",Ireland
45CE20241103,Celtic Explorer,Ship,Irish Marine Inst.,"Cronin, Margot",Ireland
46BS20060514,Bjarni Saemundsson,Ship,MFRI Iceland,"Olafsson, J. : Olafsdottir, S.R.",Iceland
46BS20060710,Bjarni Saemundsson,Ship,MFRI Iceland,"Olafsson, J. : Olafsdottir, S.R.",Iceland
46BS20070206,Bjarni Saemundsson,Ship,MFRI Iceland,"Olafsson, J. : Olafsdottir, S.R.",Iceland
46BS20070412,Bjarni Saemundsson,Ship,MFRI Iceland,"Olafsson, J. : Olafsdottir, S.R.",Iceland
46BS20070514,Bjarni Saemundsson,Ship,MFRI Iceland,"Olafsson, J. : Olafsdottir, S.R.",Iceland
46BS20070808,Bjarni Saemundsson,Ship,MFRI Iceland,"Olafsson, J. : Olafsdottir, S.R.",Iceland
46BS20080430,Bjarni Saemundsson,Ship,MFRI Iceland,"Olafsson, J. : Olafsdottir, S.R.",Iceland
46BS20080506,Bjarni Saemundsson,Ship,MFRI Iceland,"Olafsson, J. : Olafsdottir, S.R.",Iceland
46BS20080514,Bjarni Saemundsson,Ship,MFRI Iceland,"Olafsson, J. : Olafsdottir, S.R. : Benoit-Cattin-Breton, A.",Iceland
46BS20090514,Bjarni Saemundsson,Ship,MFRI Iceland,"Olafsson, J. : Olafsdottir, S.R. : Benoit-Cattin-Breton, A.",Iceland
46BS20100208,Bjarni Saemundsson,Ship,MFRI Iceland,"Olafsdottir, S.R. : Benoit-Cattin-Breton, A.",Iceland
46BS20100518,Bjarni Saemundsson,Ship,MFRI Iceland,"Benoit-Cattin-Breton, A. : Olafsdottir, S.R.",Iceland
46BS20110217,Bjarni Saemundsson,Ship,MFRI Iceland,"Benoit-Cattin-Breton, A. : Olafsdottir, S.R.",Iceland
46BS20110520,Bjarni Saemundsson,Ship,MFRI Iceland,"Benoit-Cattin-Breton, A. : Olafsdottir, S.R.",Iceland
46BS20120207,Bjarni Saemundsson,Ship,MFRI Iceland,"Benoit-Cattin-Breton, A. : Olafsdottir, S.R.",Iceland
46BS20120515,Bjarni Saemundsson,Ship,MFRI Iceland,"Benoit-Cattin-Breton, A. : Olafsdottir, S.R.",Iceland
46BS20121113,Bjarni Saemundsson,Ship,MFRI Iceland,"Benoit-Cattin-Breton, A. : Olafsdottir, S.R.",Iceland
46BS20130205,Bjarni Saemundsson,Ship,MFRI Iceland,"Benoit-Cattin-Breton, A. : Olafsdottir, S.R.",Iceland
46BS20130514,Bjarni Saemundsson,Ship,MFRI Iceland,"Benoit-Cattin-Breton, A. : Olafsdottir, S.R.",Iceland
46BS20130807,Bjarni Saemundsson,Ship,MFRI Iceland,"Benoit-Cattin-Breton, A. : Olafsdottir, S.R.",Iceland
46BS20131112,Bjarni Saemundsson,Ship,MFRI Iceland,"Benoit-Cattin-Breton, A. : Olafsdottir, S.R.",Iceland
46BS20140210,Bjarni Saemundsson,Ship,MFRI Iceland,"Benoit-Cattin-Breton, A. : Olafsdottir, S.R.",Iceland
46BS20140514,Bjarni Saemundsson,Ship,MFRI Iceland,"Benoit-Cattin-Breton, A. : Olafsdottir, S.R.",Iceland
46BS20140814,Bjarni Saemundsson,Ship,MFRI Iceland,"Benoit-Cattin-Breton, A. : Olafsdottir, S.R.",Iceland
46BS20150519,Bjarni Saemundsson,Ship,MFRI Iceland,"Benoit-Cattin-Breton, A. : Olafsdottir, S.R.",Iceland
46BS20150728,Bjarni Saemundsson,Ship,MFRI Iceland,"Benoit-Cattin-Breton, A. : Olafsdottir, S.R.",Iceland
46BS20160813,Bjarni Saemundsson,Ship,MFRI Iceland,"Benoit-Cattin-Breton, A. : Olafsdottir, S.R.",Iceland
46BS20170203,Bjarni Saemundsson,Ship,MFRI Iceland,"Benoit-Cattin-Breton, A. : Olafsdottir, S.R.",Iceland
46BS20170516,Bjarni Saemundsson,Ship,MFRI Iceland,"Benoit-Cattin-Breton, A. : Olafsdottir, S.R.",Iceland
46BS20170803,Bjarni Saemundsson,Ship,MFRI Iceland,"Benoit-Cattin-Breton, A. : Olafsdottir, S.R.",Iceland
46BS20180511,Bjarni Saemundsson,Ship,MFRI Iceland,"Benoit-Cattin-Breton, A. : Olafsdottir, S.R.",Iceland
46BS20190212,Bjarni Saemundsson,Ship,MFRI Iceland,"Benoit-Cattin-Breton, A. : Olafsdottir, S.R.",Iceland
46BS20190512,Bjarni Saemundsson,Ship,MFRI Iceland,"Benoit-Cattin-Breton, A. : Olafsdottir, S.R.",Iceland
46BS20191021,Bjarni Saemundsson,Ship,MFRI Iceland,"Benoit-Cattin-Breton, A. : Olafsdottir, S.R.",Iceland
46BS20200520,Bjarni Saemundsson,Ship,MFRI Iceland,"Benoit-Cattin, A. : Olafsdottir, S. R.",Iceland
46FR20061107,Arni Fridriksson,Ship,MFRI Iceland,"Olafsson, J. : Olafsdottir, S.R.",Iceland
46FR20071107,Arni Fridriksson,Ship,MFRI Iceland,"Olafsson, J. : Olafsdottir, S.R.",Iceland
46FR20130920,Arni Fridriksson,Ship,MFRI Iceland,"Benoit-Cattin-Breton, A. : Olafsdottir, S.R.",Iceland
46FR20150916,Arni Fridriksson,Ship,MFRI Iceland,"Benoit-Cattin-Breton, A. : Olafsdottir, S.R.",Iceland
46FR20240504,Arni Fridriksson,Ship,MFRI Iceland,"Benoit-Cattin, A.",Iceland
46FR20240605,Arni Fridriksson,Ship,MFRI Iceland,"Benoit-Cattin, A.",Iceland
46FR20240701,Arni Fridriksson,Ship,MFRI Iceland,"Benoit-Cattin, A.",Iceland
489920180509,MIRAMARE,Mooring,National Institute of Oceanography (OGS),"Giani, M : Brunetti, F : Corbo, A : Dentico, C : Holodkov, N : Kralj, M : Laudicella, A.",Italy
489920181109,MIRAMARE,Mooring,National Institute of Oceanography (OGS),"Giani, M : Brunetti, F : Corbo, A : Dentico, C : Holodkov, N : Kralj, M : Laudicella, A.",Italy
489920200709,W1M3A,Mooring,National Research Council,"Bozzano, R : Pensieri, S.",Italy
489920200712,MIRAMARE,Mooring,National Institute of Oceanography (OGS),"Giani, M : Brunetti, F : Corbo, A : Dentico, C : Holodkov, N : Kralj, M : Laudicella, A.",Italy
489920231016,MIRAMARE,Mooring,National Institute of Oceanography (OGS),"Giani, M : Brunetti, F : Corbo, A : Dentico, C : Holodkov, N : Kralj, M : Laudicella, A.",Italy
48MB20170309,Paloma,Mooring,Institute of Marine Sciences (CNR-ISMAR),"Luchetta, A. : Cantoni, C. : Sparnocchia, S.",Italy
48MB20180102,Paloma,Mooring,Institute of Marine Sciences (CNR-ISMAR),"Luchetta, A. : Cantoni, C. : Sparnocchia, S.",Italy
48MB20180722,Paloma,Mooring,Institute of Marine Sciences (CNR-ISMAR),"Luchetta, A. : Cantoni, C. : Sparnocchia, S.",Italy
48MB20191022,Paloma,Mooring,Institute of Marine Sciences (CNR-ISMAR),"Luchetta, A. : Cantoni, C.",Italy
48MB20230202,Paloma,Mooring,Institute of Marine Sciences (CNR-ISMAR),"Cantoni, C : Luchetta, A : Castelli, G : Fragiacomo, E",Italy
48MB20230608,Paloma,Mooring,Institute of Marine Sciences (CNR-ISMAR),"Cantoni, C : Luchetta, A : Castelli, G : Fragiacomo, E",Italy
48MB20231120,Paloma,Mooring,Institute of Marine Sciences (CNR-ISMAR),"Cantoni, C : Luchetta, A : Castelli, G : Fragiacomo, E",Italy
492B19881104,Wellington Maru,Ship,MRI Japan,"Inoue, H.",Japan
492C19980429,Kofu Maru,Ship,Japan Met Agency,"Nakadate, A.",Japan
492C19980611,Kofu Maru,Ship,Japan Met Agency,"Nakadate, A.",Japan
492C19981007,Kofu Maru,Ship,Japan Met Agency,"Nakadate, A.",Japan
492C19981119,Kofu Maru,Ship,Japan Met Agency,"Nakadate, A.",Japan
492C19990129,Kofu Maru,Ship,Japan Met Agency,"Nakadate, A.",Japan
492C19990427,Kofu Maru,Ship,Japan Met Agency,"Nakadate, A.",Japan
492C19990703,Kofu Maru,Ship,Japan Met Agency,"Nakadate, A.",Japan
492C19990930,Kofu Maru,Ship,Japan Met Agency,"Nakadate, A.",Japan
492C19991117,Kofu Maru,Ship,Japan Met Agency,"Nakadate, A.",Japan
492C20000202,Kofu Maru,Ship,Japan Met Agency,"Nakadate, A.",Japan
492C20000428,Kofu Maru,Ship,Japan Met Agency,"Nakadate, A.",Japan
492C20000621,Kofu Maru,Ship,Japan Met Agency,"Nakadate, A.",Japan
492C20000930,Kofu Maru,Ship,Japan Met Agency,"Nakadate, A.",Japan
492C20001109,Kofu Maru,Ship,Japan Met Agency,"Nakadate, A.",Japan
492C20010207,Kofu Maru,Ship,Japan Met Agency,"Nakadate, A.",Japan
492C20010420,Kofu Maru,Ship,Japan Met Agency,"Nakadate, A.",Japan
492C20010612,Kofu Maru,Ship,Japan Met Agency,"Nakadate, A.",Japan
492C20010927,Kofu Maru,Ship,Japan Met Agency,"Nakadate, A.",Japan
492C20011116,Kofu Maru,Ship,Japan Met Agency,"Nakadate, A.",Japan
492C20020209,Kofu Maru,Ship,Japan Met Agency,"Nakadate, A.",Japan
492C20020426,Kofu Maru,Ship,Japan Met Agency,"Nakadate, A.",Japan
49B519940106,Kaiyo,Ship,MRI Japan,"Inoue, H.",Japan
49B519941109,Kaiyo,Ship,MRI Japan,"Inoue, H.",Japan
49B519951223,Kaiyo,Ship,MRI Japan,"Inoue, H.",Japan
49B519960124,Kaiyo,Ship,MRI Japan,"Inoue, H.",Japan
49B519961215,Kaiyo,Ship,MRI Japan,"Inoue, H.",Japan
49B519970126,Kaiyo,Ship,MRI Japan,"Inoue, H.",Japan
49B519971207,Kaiyo,Ship,MRI Japan,"Inoue, H.",Japan
49B519980103,Kaiyo,Ship,MRI Japan,"Inoue, H.",Japan
49B519990126,Kaiyo,Ship,MRI Japan,"Inoue, H.",Japan
49B519991020,Kaiyo,Ship,MRI Japan,"Inoue, H.",Japan
49EM19930125,Taisei Maru,Ship,MRI Japan,"Inoue, H.",Japan
49EM19930705,Taisei Maru,Ship,MRI Japan,"Inoue, H.",Japan
49EM19950123,Taisei Maru,Ship,MRI Japan,"Inoue, H.",Japan
49EM19980124,Taisei Maru,Ship,MRI Japan,"Inoue, H.",Japan
49GD19911008,Sogen Maru,Ship,MRI Japan,"Inoue, H.",Japan
49HG19920807,Hakurei Maru 2,Ship,AIST Japan,"Tsurushima, N.",Japan
49HG19930414,Hakurei Maru 2,Ship,AIST Japan,"Tsurushima, N.",Japan
49HG19930807,Hakurei Maru 2,Ship,AIST Japan,"Tsurushima, N.",Japan
49HG19940414,Hakurei Maru 2,Ship,AIST Japan,"Tsurushima, N.",Japan
49HG19940809,Hakurei Maru 2,Ship,AIST Japan,"Tsurushima, N.",Japan
49HG19950414,Hakurei Maru 2,Ship,AIST Japan,"Tsurushima, N.",Japan
49HG19950808,Hakurei Maru 2,Ship,AIST Japan,"Tsurushima, N.",Japan
49HG19960412,Hakurei Maru 2,Ship,AIST Japan,"Tsurushima, N.",Japan
49HG19960807,Hakurei Maru 2,Ship,AIST Japan,"Tsurushima, N.",Japan
49HG19971112,Hakurei Maru 2,Ship,AIST Japan,"Tsurushima, N.",Japan
49HG19980812,Hakurei Maru 2,Ship,AIST Japan,"Tsurushima, N.",Japan
49HG19990805,Hakurei Maru 2,Ship,AIST Japan,"Tsurushima, N.",Japan
49HG20000912,Hakurei Maru 2,Ship,AIST Japan,"Tsurushima, N.",Japan
49HG20010813,Hakurei Maru 2,Ship,AIST Japan,"Tsurushima, N.",Japan
49HH19681116,Hakuho Maru,Ship,MRI Japan,"Inoue, H.",Japan
49HH19700206,Hakuho Maru,Ship,MRI Japan,"Inoue, H.",Japan
49HH19700415,Hakuho Maru,Ship,MRI Japan,"Inoue, H.",Japan
49HH19831123,Hakuho Maru,Ship,MRI Japan,"Inoue, H.",Japan
49HH19850531,Hakuho Maru,Ship,MRI Japan,"Inoue, H.",Japan
49HH19880122,Hakuho Maru,Ship,MRI Japan,"Inoue, H.",Japan
49HH19900903,Hakuho Maru,Ship,MRI Japan,"Inoue, H.",Japan
49HH19901031,Hakuho Maru,Ship,MRI Japan,"Inoue, H.",Japan
49HH19941123,Hakuho Maru,Ship,MRI Japan,"Inoue, H.",Japan
49HH20011128,Hakuho Maru,Ship,MRI Japan,"Inoue, H.",Japan
49HH20091216,Hakuho Maru,Ship,MRI Japan,"Sasano, D. : Ishii, M. : Kosugi, N.",Japan
49HH20101217,Hakuho Maru,Ship,MRI Japan,"Sasano, D. : Ishii, M. : Kosugi, N.",Japan
49HH20111201,Hakuho Maru,Ship,MRI Japan,"Kosugi, N. : Ishii, M. : Sasano, D.",Japan
49HH20120129,Hakuho Maru,Ship,MRI Japan,"Kosugi, N. : Ishii, M. : Sasano, D.",Japan
49HH20130402,Hakuho Maru,Ship,MRI Japan,"Kosugi, N. : Ishii, M. : Sasano, D.",Japan
49HH20140623,Hakuho Maru,Ship,Meteorological Research Institute,"Kosugi, N.",Japan
49HH20160531,Hakuho Maru,Ship,Meteorological Research Institute,"Kosugi, N.",Japan
49HH20161206,Hakuho Maru,Ship,Meteorological Research Institute,N. Kosugi,Japan
49HH20171017,Hakuho Maru,Ship,Meteorological Research Institute,N. Kosugi,Japan
49HH20171204,Hakuho Maru,Ship,Meteorological Research Institute,N. Kosugi,Japan
49HH20210213,Hakuho Maru,Ship,Meteorological Research Institute,N. Kosugi,Japan
49HM19920704,Hokuto Maru,Ship,MRI Japan,"Inoue, H.",Japan
49HM19940709,Hokuto Maru,Ship,MRI Japan,"Inoue, H.",Japan
49HM19960120,Hokuto Maru,Ship,MRI Japan,"Inoue, H.",Japan
49HM19960706,Hokuto Maru,Ship,MRI Japan,"Inoue, H.",Japan
49K619871028,Kaiyo-Maru,Ship,MRI Japan,"Inoue, H.",Japan
49KD20181212,Kaiyo-Maru,Ship,Univ Hokkaido,"Nomura, D.",Japan
49NB19870124,Natsushima,Ship,MRI Japan,"Inoue, H.",Japan
49NB19881228,Natsushima,Ship,MRI Japan,"Inoue, H.",Japan
49NB19900112,Natsushima,Ship,MRI Japan,"Inoue, H.",Japan
49NB19901228,Natsushima,Ship,MRI Japan,"Inoue, H.",Japan
49NZ19980131,Mirai,Ship,MRI Japan,"Inoue, H.",Japan
49NZ19980801,Mirai,Ship,JAMSTEC,"Murata, A.",Japan
49NZ19981102,Mirai,Ship,JAMSTEC,"Murata, A.",Japan
49NZ19981224,Mirai,Ship,MRI Japan,"Inoue, H.",Japan
49NZ19990208,Mirai,Ship,MRI Japan,"Inoue, H.",Japan
49NZ19990508,Mirai,Ship,JAMSTEC,"Murata, A.",Japan
49NZ19990727,Mirai,Ship,JAMSTEC,"Murata, A.",Japan
49NZ19990912,Mirai,Ship,JAMSTEC,"Murata, A.",Japan
49NZ19991015,Mirai,Ship,MRI Japan,"Inoue, H.",Japan
49NZ19991121,Mirai,Ship,MRI Japan,"Inoue, H.",Japan
49NZ20000106,Mirai,Ship,JAMSTEC,"Murata, A.",Japan
49NZ20000509,Mirai,Ship,JAMSTEC,"Murata, A.",Japan
49NZ20000804,Mirai,Ship,JAMSTEC,"Murata, A.",Japan
49NZ20001227,Mirai,Ship,MRI Japan,"Ishii, M. : Yoshikawa-Inoue, H.",Japan
49NZ20010215,Mirai,Ship,MRI Japan,"Ishii, M. : Yoshikawa-Inoue, H.",Japan
49NZ20010514,Mirai,Ship,JAMSTEC,"Murata, A.",Japan
49NZ20010606,Mirai,Ship,JAMSTEC,"Murata, A.",Japan
49NZ20010725,Mirai,Ship,JAMSTEC,"Murata, A.",Japan
49NZ20010828,Mirai,Ship,JAMSTEC,"Murata, A.",Japan
49NZ20010922,Mirai,Ship,JAMSTEC,"Murata, A.",Japan
49NZ20020107,Mirai,Ship,MRI Japan,"Inoue, H.",Japan
49NZ20020222,Mirai,Ship,MRI Japan,"Inoue, H.",Japan
49NZ20020607,Mirai,Ship,JAMSTEC,"Murata, A.",Japan
49NZ20020903,Mirai,Ship,JAMSTEC,"Murata, A.",Japan
49NZ20021114,Mirai,Ship,MRI Japan,"Inoue, H.",Japan
49NZ20030221,Mirai,Ship,JAMSTEC,"Murata, A.",Japan
49NZ20030521,Mirai,Ship,JAMSTEC,"Murata, A.",Japan
49NZ20030803,Mirai,Ship,JAMSTEC,"Murata, A.",Japan
49NZ20030914,Mirai,Ship,JAMSTEC,"Murata, A.",Japan
49NZ20031107,Mirai,Ship,JAMSTEC,"Murata, A.",Japan
49NZ20031209,Mirai,Ship,JAMSTEC,"Murata, A.",Japan
49NZ20040808,Mirai,Ship,JAMSTEC,"Murata, A.",Japan
49NZ20040902,Mirai,Ship,JAMSTEC,"Murata, A.",Japan
49NZ20050527,Mirai,Ship,JAMSTEC,"Murata, A.",Japan
49NZ20051031,Mirai,Ship,JAMSTEC,"Murata, A.",Japan
49NZ20051129,Mirai,Ship,JAMSTEC,"Murata, A.",Japan
49NZ20060120,Mirai,Ship,JAMSTEC,"Murata, A.",Japan
49NZ20060801,Mirai,Ship,JAMSTEC,"Murata, A.",Japan
49NZ20070725,Mirai,Ship,JAMSTEC,"Murata, A.",Japan
49NZ20070906,Mirai,Ship,JAMSTEC,"Murata, A.",Japan
49NZ20071009,Mirai,Ship,JAMSTEC,"Murata, A.",Japan
49NZ20090424,Mirai,Ship,JAMSTEC,"Murata, A.",Japan
49NZ20111220,Mirai,Ship,JAMSTEC,"Murata, A.",Japan
49NZ20120113,Mirai,Ship,JAMSTEC,"Murata, A.",Japan
49NZ20121128,Mirai,Ship,JAMSTEC,"Murata, A.",Japan
49NZ20170824,Mirai,Ship,JAMSTEC,"Murata, A.",Japan
49NZ20181025,Mirai,Ship,JAMSTEC,"Murata, A.",Japan
49NZ20181210,Mirai,Ship,JAMSTEC,"Murata, A.",Japan
49NZ20190929,Mirai,Ship,JAMSTEC,"Murata, A.",Japan
49NZ20201003,Mirai,Ship,JAMSTEC,"Murata, A.",Japan
49NZ20210717,Mirai,Ship,JAMSTEC,"Murata, A.",Japan
49NZ20210901,Mirai,Ship,JAMSTEC,"Murata, A.",Japan
49NZ20220816,Mirai,Ship,JAMSTEC,"Murata, A.",Japan
49OX20200317,Oshoro Maru V,Ship,National Institute for Environmental Studies,"Takafumi, A. : Nakaoka, S.-I.",Japan
49OX20200424,Oshoro Maru V,Ship,National Institute for Environmental Studies,"Takafumi, A. : Nakaoka, S.-I.",Japan
49OX20200715,Oshoro Maru V,Ship,National Institute for Environmental Studies,"Takafumi, A. : Nakaoka, S.-I.",Japan
49OX20200915,Oshoro Maru V,Ship,National Institute for Environmental Studies,"Takafumi, A. : Nakaoka, S.-I.",Japan
49OX20200926,Oshoro Maru V,Ship,National Institute for Environmental Studies,"Takafumi, A. : Nakaoka, S.-I.",Japan
49OX20201017,Oshoro Maru V,Ship,National Institute for Environmental Studies,"Takafumi, A. : Nakaoka, S.-I.",Japan
49OX20201103,Oshoro Maru V,Ship,National Institute for Environmental Studies,"Takafumi, A. : Nakaoka, S.-I.",Japan
49OX20201112,Oshoro Maru V,Ship,National Institute for Environmental Studies,"Takafumi, A. : Nakaoka, S.-I.",Japan
49OX20201202,Oshoro Maru V,Ship,National Institute for Environmental Studies,"Takafumi, A. : Nakaoka, S.-I.",Japan
49OX20210317,Oshoro Maru V,Ship,National Institute for Environmental Studies,"Takafumi, A. : Nakaoka, S.-I.",Japan
49OX20210416,Oshoro Maru V,Ship,National Institute for Environmental Studies,"Takafumi, A. : Nakaoka, S.-I.",Japan
49OX20210511,Oshoro Maru V,Ship,National Institute for Environmental Studies,"Takafumi, A. : Nakaoka, S.-I.",Japan
49OX20211010,Oshoro Maru V,Ship,National Institute for Environmental Studies,"Takafumi, A. : Nakaoka, S.-I.",Japan
49OX20211103,Oshoro Maru V,Ship,National Institute for Environmental Studies,"Takafumi, A. : Nakaoka, S.-I.",Japan
49OX20211123,Oshoro Maru V,Ship,National Institute for Environmental Studies,"Takafumi, A. : Nakaoka, S.-I.",Japan
49OX20211130,Oshoro Maru V,Ship,National Institute for Environmental Studies,"Takafumi, A. : Nakaoka, S.-I.",Japan
49OX20220317,Oshoro Maru V,Ship,National Institute for Environmental Studies,"Takafumi, A. : Nakaoka, S.-I.",Japan
49OX20220421,Oshoro Maru V,Ship,National Institute for Environmental Studies,"Takafumi, A. : Nakaoka, S.-I.",Japan
49OX20220510,Oshoro Maru V,Ship,National Institute for Environmental Studies,"Takafumi, A. : Nakaoka, S.-I.",Japan
49OX20220521,Oshoro Maru V,Ship,National Institute for Environmental Studies,"Takafumi, A. : Nakaoka, S.-I.",Japan
49OX20220619,Oshoro Maru V,Ship,National Institute for Environmental Studies,"Takafumi, A. : Nakaoka, S.-I.",Japan
49OX20220701,Oshoro Maru V,Ship,National Institute for Environmental Studies,"Takafumi, A. : Nakaoka, S.-I.",Japan
49OX20220803,Oshoro Maru V,Ship,National Institute for Environmental Studies,"Takafumi, A. : Nakaoka, S.-I.",Japan
49OX20220915,Oshoro Maru V,Ship,National Institute for Environmental Studies,"Takafumi, A. : Nakaoka, S.-I.",Japan
49OX20220920,Oshoro Maru V,Ship,National Institute for Environmental Studies,"Takafumi, A. : Nakaoka, S.-I.",Japan
49OX20221001,Oshoro Maru V,Ship,National Institute for Environmental Studies,"Takafumi, A. : Nakaoka, S.-I.",Japan
49OX20221019,Oshoro Maru V,Ship,National Institute for Environmental Studies,"Takafumi, A. : Nakaoka, S.-I.",Japan
49OX20221108,Oshoro Maru V,Ship,National Institute for Environmental Studies,"Takafumi, A. : Nakaoka, S.-I.",Japan
49OX20221123,Oshoro Maru V,Ship,National Institute for Environmental Studies,"Takafumi, A. : Nakaoka, S.-I.",Japan
49OX20221130,Oshoro Maru V,Ship,National Institute for Environmental Studies,"Takafumi, A. : Nakaoka, S.-I.",Japan
49OX20230216,Oshoro Maru V,Ship,National Institute for Environmental Studies,"Takafumi, A. : Nakaoka, S.-I.",Japan
49OX20230226,Oshoro Maru V,Ship,National Institute for Environmental Studies,"Takafumi, A. : Nakaoka, S.-I.",Japan
49OX20230318,Oshoro Maru V,Ship,National Institute for Environmental Studies,"Takafumi, A. : Nakaoka, S.-I.",Japan
49OX20230420,Oshoro Maru V,Ship,National Institute for Environmental Studies,"Takafumi, A. : Nakaoka, S.-I.",Japan
49OX20230512,Oshoro Maru V,Ship,National Institute for Environmental Studies,"Takafumi, A. : Nakaoka, S.-I.",Japan
49OX20230629,Oshoro Maru V,Ship,National Institute for Environmental Studies,"Takafumi, A. : Nakaoka, S.-I.",Japan
49OX20230713,Oshoro Maru V,Ship,National Institute for Environmental Studies,"Takafumi, A. : Nakaoka, S.-I.",Japan
49OX20230913,Oshoro Maru V,Ship,National Institute for Environmental Studies,"Takafumi, A. : Nakaoka, S.-I.",Japan
49OX20230920,Oshoro Maru V,Ship,National Institute for Environmental Studies,"Takafumi, A. : Nakaoka, S.-I.",Japan
49OX20231014,Oshoro Maru V,Ship,National Institute for Environmental Studies,"Takafumi, A. : Nakaoka, S.-I.",Japan
49OX20231102,Oshoro Maru V,Ship,National Institute for Environmental Studies,"Takafumi, A. : Nakaoka, S.-I.",Japan
49OX20231109,Oshoro Maru V,Ship,National Institute for Environmental Studies,"Takafumi, A. : Nakaoka, S.-I.",Japan
49OX20231122,Oshoro Maru V,Ship,National Institute for Environmental Studies,"Takafumi, A. : Nakaoka, S.-I.",Japan
49OX20231201,Oshoro Maru V,Ship,National Institute for Environmental Studies,"Takafumi, A. : Nakaoka, S.-I.",Japan
49OX20240220,Oshoro Maru V,Ship,National Institute for Environmental Studies,"Takafumi, A. : Nakaoka, S.-I.",Japan
49OX20240318,Oshoro Maru V,Ship,National Institute for Environmental Studies,"Takafumi, A. : Nakaoka, S.-I.",Japan
49OX20240423,Oshoro Maru V,Ship,National Institute for Environmental Studies,"Takafumi, A. : Nakaoka, S.-I.",Japan
49OX20240513,Oshoro Maru V,Ship,National Institute for Environmental Studies,"Takafumi, A. : Nakaoka, S.-I.",Japan
49OX20240610,Oshoro Maru V,Ship,National Institute for Environmental Studies,"Takafumi, A. : Nakaoka, S.-I.",Japan
49OX20240615,Oshoro Maru V,Ship,National Institute for Environmental Studies,"Takafumi, A. : Nakaoka, S.-I.",Japan
49P120020727,Pyxis,Ship,NIES Japan,"Nojiri, Y.",Japan
49P120020813,Pyxis,Ship,NIES Japan,"Nojiri, Y.",Japan
49P120020827,Pyxis,Ship,NIES Japan,"Nojiri, Y.",Japan
49P120020912,Pyxis,Ship,NIES Japan,"Nojiri, Y.",Japan
49P120020927,Pyxis,Ship,NIES Japan,"Nojiri, Y.",Japan
49P120021017,Pyxis,Ship,NIES Japan,"Nojiri, Y.",Japan
49P120021030,Pyxis,Ship,NIES Japan,"Nojiri, Y.",Japan
49P120021112,Pyxis,Ship,NIES Japan,"Nojiri, Y.",Japan
49P120021128,Pyxis,Ship,NIES Japan,"Nojiri, Y.",Japan
49P120021216,Pyxis,Ship,NIES Japan,"Nojiri, Y.",Japan
49P120030106,Pyxis,Ship,NIES Japan,"Nojiri, Y.",Japan
49P120030123,Pyxis,Ship,NIES Japan,"Nojiri, Y.",Japan
49P120030208,Pyxis,Ship,NIES Japan,"Nojiri, Y.",Japan
49P120030225,Pyxis,Ship,NIES Japan,"Nojiri, Y.",Japan
49P120030312,Pyxis,Ship,NIES Japan,"Nojiri, Y.",Japan
49P120030328,Pyxis,Ship,NIES Japan,"Nojiri, Y.",Japan
49P120030424,Pyxis,Ship,NIES Japan,"Nojiri, Y.",Japan
49P120030509,Pyxis,Ship,NIES Japan,"Nojiri, Y.",Japan
49P120030522,Pyxis,Ship,NIES Japan,"Nojiri, Y.",Japan
49P120030627,Pyxis,Ship,NIES Japan,"Nojiri, Y.",Japan
49P120030717,Pyxis,Ship,NIES Japan,"Nojiri, Y.",Japan
49P120030802,Pyxis,Ship,NIES Japan,"Nojiri, Y.",Japan
49P120030822,Pyxis,Ship,NIES Japan,"Nojiri, Y.",Japan
49P120030906,Pyxis,Ship,NIES Japan,"Nojiri, Y.",Japan
49P120030922,Pyxis,Ship,NIES Japan,"Nojiri, Y.",Japan
49P120031008,Pyxis,Ship,NIES Japan,"Nojiri, Y.",Japan
49P120031024,Pyxis,Ship,NIES Japan,"Nojiri, Y.",Japan
49P120031121,Pyxis,Ship,NIES Japan,"Nojiri, Y.",Japan
49P120031217,Pyxis,Ship,NIES Japan,"Nojiri, Y.",Japan
49P120040103,Pyxis,Ship,NIES Japan,"Nojiri, Y.",Japan
49P120040119,Pyxis,Ship,NIES Japan,"Nojiri, Y.",Japan
49P120040217,Pyxis,Ship,NIES Japan,"Nojiri, Y.",Japan
49P120040318,Pyxis,Ship,NIES Japan,"Nojiri, Y.",Japan
49P120040415,Pyxis,Ship,NIES Japan,"Nojiri, Y.",Japan
49P120040512,Pyxis,Ship,NIES Japan,"Nojiri, Y.",Japan
49P120040528,Pyxis,Ship,NIES Japan,"Nojiri, Y.",Japan
49P120040623,Pyxis,Ship,NIES Japan,"Nojiri, Y.",Japan
49P120040710,Pyxis,Ship,NIES Japan,"Nojiri, Y.",Japan
49P120040724,Pyxis,Ship,NIES Japan,"Nojiri, Y.",Japan
49P120040822,Pyxis,Ship,NIES Japan,"Nojiri, Y.",Japan
49P120040917,Pyxis,Ship,NIES Japan,"Nojiri, Y.",Japan
49P120041016,Pyxis,Ship,NIES Japan,"Nojiri, Y.",Japan
49P120041112,Pyxis,Ship,NIES Japan,"Nojiri, Y.",Japan
49P120041210,Pyxis,Ship,NIES Japan,"Nojiri, Y.",Japan
49P120050112,Pyxis,Ship,NIES Japan,"Nojiri, Y.",Japan
49P120050210,Pyxis,Ship,NIES Japan,"Nojiri, Y.",Japan
49P120050308,Pyxis,Ship,NIES Japan,"Nojiri, Y.",Japan
49P120050324,Pyxis,Ship,NIES Japan,"Nojiri, Y.",Japan
49P120050420,Pyxis,Ship,NIES Japan,"Nojiri, Y.",Japan
49P120050506,Pyxis,Ship,NIES Japan,"Nojiri, Y.",Japan
49P120050523,Pyxis,Ship,NIES Japan,"Nojiri, Y.",Japan
49P120050607,Pyxis,Ship,NIES Japan,"Nojiri, Y.",Japan
49P120050621,Pyxis,Ship,NIES Japan,"Nojiri, Y.",Japan
49P120050718,Pyxis,Ship,NIES Japan,"Nojiri, Y.",Japan
49P120050820,Pyxis,Ship,NIES Japan,"Nojiri, Y.",Japan
49P120050916,Pyxis,Ship,NIES Japan,"Nojiri, Y.",Japan
49P120051015,Pyxis,Ship,NIES Japan,"Nojiri, Y.",Japan
49P120051112,Pyxis,Ship,NIES Japan,"Nojiri, Y.",Japan
49P120051213,Pyxis,Ship,NIES Japan,"Nojiri, Y.",Japan
49P120060110,Pyxis,Ship,NIES Japan,"Nojiri, Y.",Japan
49P120060206,Pyxis,Ship,NIES Japan,"Nojiri, Y.",Japan
49P120060309,Pyxis,Ship,NIES Japan,"Nojiri, Y.",Japan
49P120060419,Pyxis,Ship,NIES Japan,"Nojiri, Y.",Japan
49P120060505,Pyxis,Ship,NIES Japan,"Nojiri, Y.",Japan
49P120060518,Pyxis,Ship,NIES Japan,"Nojiri, Y.",Japan
49P120060627,Pyxis,Ship,NIES Japan,"Nojiri, Y.",Japan
49P120060717,Pyxis,Ship,NIES Japan,"Nojiri, Y.",Japan
49P120060813,Pyxis,Ship,NIES Japan,"Nojiri, Y.",Japan
49P120060909,Pyxis,Ship,NIES Japan,"Nojiri, Y.",Japan
49P120061006,Pyxis,Ship,NIES Japan,"Nojiri, Y.",Japan
49P120061103,Pyxis,Ship,NIES Japan,"Nojiri, Y.",Japan
49P120061120,Pyxis,Ship,NIES Japan,"Nojiri, Y.",Japan
49P120061205,Pyxis,Ship,NIES Japan,"Nojiri, Y.",Japan
49P120070103,Pyxis,Ship,NIES Japan,"Nojiri, Y.",Japan
49P120070131,Pyxis,Ship,NIES Japan,"Nojiri, Y.",Japan
49P120070228,Pyxis,Ship,NIES Japan,"Nojiri, Y.",Japan
49P120070327,Pyxis,Ship,NIES Japan,"Nojiri, Y.",Japan
49P120070413,Pyxis,Ship,NIES Japan,"Nojiri, Y.",Japan
49P120070704,Pyxis,Ship,NIES Japan,"Nojiri, Y.",Japan
49P120070731,Pyxis,Ship,NIES Japan,"Nojiri, Y.",Japan
49P120070828,Pyxis,Ship,NIES Japan,"Nojiri, Y.",Japan
49P120070926,Pyxis,Ship,NIES Japan,"Nojiri, Y.",Japan
49P120071022,Pyxis,Ship,NIES Japan,"Nojiri, Y.",Japan
49P120071118,Pyxis,Ship,NIES Japan,"Nojiri, Y.",Japan
49P120071218,Pyxis,Ship,NIES Japan,"Nojiri, Y.",Japan
49P120080116,Pyxis,Ship,NIES Japan,"Nojiri, Y.",Japan
49P120080213,Pyxis,Ship,NIES Japan,"Nojiri, Y.",Japan
49P120080311,Pyxis,Ship,NIES Japan,"Nojiri, Y.",Japan
49P120080429,Pyxis,Ship,NIES Japan,"Nojiri, Y.",Japan
49P120080527,Pyxis,Ship,NIES Japan,"Nojiri, Y.",Japan
49P120080624,Pyxis,Ship,NIES Japan,"Nojiri, Y.",Japan
49P120080723,Pyxis,Ship,NIES Japan,"Nojiri, Y.",Japan
49P120080818,Pyxis,Ship,NIES Japan,"Nojiri, Y.",Japan
49P120080915,Pyxis,Ship,NIES Japan,"Nojiri, Y.",Japan
49P120081213,Pyxis,Ship,NIES Japan,"Nojiri, Y.",Japan
49P120090104,Pyxis,Ship,NIES Japan,"Nojiri, Y.",Japan
49P120090128,Pyxis,Ship,NIES Japan,"Nojiri, Y.",Japan
49P120090213,Pyxis,Ship,NIES Japan,"Nojiri, Y.",Japan
49P120090423,Pyxis,Ship,NIES Japan,"Nojiri, Y.",Japan
49P120090501,Pyxis,Ship,NIES Japan,"Nojiri, Y.",Japan
49P120090513,Pyxis,Ship,NIES Japan,"Nojiri, Y.",Japan
49P120090612,Pyxis,Ship,NIES Japan,"Nojiri, Y.",Japan
49P120090625,Pyxis,Ship,NIES Japan,"Nojiri, Y.",Japan
49P120090713,Pyxis,Ship,NIES Japan,"Nojiri, Y.",Japan
49P120090727,Pyxis,Ship,NIES Japan,"Nojiri, Y.",Japan
49P120090820,Pyxis,Ship,NIES Japan,"Nojiri, Y.",Japan
49P120090902,Pyxis,Ship,NIES Japan,"Nojiri, Y.",Japan
49P120090916,Pyxis,Ship,NIES Japan,"Nojiri, Y.",Japan
49P120091002,Pyxis,Ship,NIES Japan,"Nojiri, Y.",Japan
49P120091019,Pyxis,Ship,NIES Japan,"Nojiri, Y.",Japan
49P120091102,Pyxis,Ship,NIES Japan,"Nojiri, Y.",Japan
49P120091118,Pyxis,Ship,NIES Japan,"Nojiri, Y.",Japan
49P120091204,Pyxis,Ship,NIES Japan,"Nojiri, Y.",Japan
49P120091219,Pyxis,Ship,NIES Japan,"Nojiri, Y.",Japan
49P120100104,Pyxis,Ship,NIES Japan,"Nojiri, Y.",Japan
49P120100127,Pyxis,Ship,NIES Japan,"Nojiri, Y.",Japan
49P120100211,Pyxis,Ship,NIES Japan,"Nojiri, Y.",Japan
49P120100305,Pyxis,Ship,NIES Japan,"Nojiri, Y.",Japan
49P120100401,Pyxis,Ship,NIES Japan,"Nojiri, Y.",Japan
49P120100430,Pyxis,Ship,NIES Japan,"Nojiri, Y.",Japan
49P120100527,Pyxis,Ship,NIES Japan,"Nojiri, Y.",Japan
49P120100707,Pyxis,Ship,NIES Japan,"Nojiri, Y.",Japan
49P120100721,Pyxis,Ship,NIES Japan,"Nojiri, Y.",Japan
49P120100807,Pyxis,Ship,NIES Japan,"Nojiri, Y.",Japan
49P120100820,Pyxis,Ship,NIES Japan,"Nojiri, Y.",Japan
49P120100915,Pyxis,Ship,NIES Japan,"Nojiri, Y.",Japan
49P120100929,Pyxis,Ship,NIES Japan,"Nojiri, Y.",Japan
49P120101018,Pyxis,Ship,NIES Japan,"Nojiri, Y.",Japan
49P120101102,Pyxis,Ship,NIES Japan,"Nojiri, Y.",Japan
49P120101117,Pyxis,Ship,NIES Japan,"Nojiri, Y.",Japan
49P120101218,Pyxis,Ship,NIES Japan,"Nojiri, Y.",Japan
49P120110122,Pyxis,Ship,NIES Japan,"Nojiri, Y.",Japan
49P120110205,Pyxis,Ship,NIES Japan,"Nojiri, Y.",Japan
49P120110219,Pyxis,Ship,NIES Japan,"Nojiri, Y.",Japan
49P120110321,Pyxis,Ship,NIES Japan,"Nojiri, Y.",Japan
49P120110602,Pyxis,Ship,NIES Japan,"Nojiri, Y.",Japan
49P120110629,Pyxis,Ship,NIES Japan,"Nojiri, Y.",Japan
49P120110809,Pyxis,Ship,NIES Japan,"Nojiri, Y.",Japan
49P120110906,Pyxis,Ship,NIES Japan,"Nojiri, Y.",Japan
49P120111005,Pyxis,Ship,NIES Japan,"Nojiri, Y.",Japan
49P120111130,Pyxis,Ship,NIES Japan,"Nojiri, Y.",Japan
49P120111214,Pyxis,Ship,NIES Japan,"Nojiri, Y.",Japan
49P120111230,Pyxis,Ship,NIES Japan,"Nojiri, Y.",Japan
49P120120116,Pyxis,Ship,NIES Japan,"Nojiri, Y.",Japan
49P120120202,Pyxis,Ship,NIES Japan,"Nojiri, Y.",Japan
49P120120303,Pyxis,Ship,NIES Japan,"Nojiri, Y.",Japan
49P120120320,Pyxis,Ship,NIES Japan,"Nojiri, Y.",Japan
49P120120418,Pyxis,Ship,NIES Japan,"Nojiri, Y.",Japan
49P120120502,Pyxis,Ship,NIES Japan,"Nojiri, Y.",Japan
49P120120516,Pyxis,Ship,NIES Japan,"Nojiri, Y.",Japan
49P120120530,Pyxis,Ship,NIES Japan,"Nojiri, Y.",Japan
49P120120614,Pyxis,Ship,NIES Japan,"Nojiri, Y.",Japan
49P120120729,Pyxis,Ship,NIES Japan,"Nojiri, Y.",Japan
49P120120813,Pyxis,Ship,NIES Japan,"Nojiri, Y.",Japan
49P120120827,Pyxis,Ship,NIES Japan,"Nojiri, Y.",Japan
49P120120915,Pyxis,Ship,NIES Japan,"Nojiri, Y.",Japan
49P120120929,Pyxis,Ship,NIES Japan,"Nojiri, Y.",Japan
49P120121018,Pyxis,Ship,NIES Japan,"Nojiri, Y.",Japan
49P120121103,Pyxis,Ship,NIES Japan,"Nojiri, Y.",Japan
49P120121121,Pyxis,Ship,NIES Japan,"Nojiri, Y.",Japan
49P120121208,Pyxis,Ship,NIES Japan,"Nojiri, Y.",Japan
49P120121225,Pyxis,Ship,NIES Japan,"Nojiri, Y.",Japan
49P120130109,Pyxis,Ship,NIES Japan,"Nojiri, Y.",Japan
49P120130125,Pyxis,Ship,NIES Japan,"Nojiri, Y.",Japan
49P120130209,Pyxis,Ship,NIES Japan,"Nojiri, Y.",Japan
49P120130225,Pyxis,Ship,NIES Japan,"Nojiri, Y.",Japan
49P120130314,Pyxis,Ship,NIES Japan,"Nojiri, Y.",Japan
49P120130329,Pyxis,Ship,NIES Japan,"Nojiri, Y.",Japan
49P120130412,Pyxis,Ship,NIES Japan,"Nojiri, Y.",Japan
49P219991125,Alligator Hope,Ship,NIES Japan,"Nojiri, Y.",Japan
49P219991217,Alligator Hope,Ship,NIES Japan,"Nojiri, Y.",Japan
49P219991229,Alligator Hope,Ship,NIES Japan,"Nojiri, Y.",Japan
49P220000123,Alligator Hope,Ship,NIES Japan,"Nojiri, Y.",Japan
49P220000203,Alligator Hope,Ship,NIES Japan,"Nojiri, Y.",Japan
49P220000226,Alligator Hope,Ship,NIES Japan,"Nojiri, Y.",Japan
49P220000309,Alligator Hope,Ship,NIES Japan,"Nojiri, Y.",Japan
49P220000401,Alligator Hope,Ship,NIES Japan,"Nojiri, Y.",Japan
49P220000413,Alligator Hope,Ship,NIES Japan,"Nojiri, Y.",Japan
49P220000505,Alligator Hope,Ship,NIES Japan,"Nojiri, Y.",Japan
49P220000518,Alligator Hope,Ship,NIES Japan,"Nojiri, Y.",Japan
49P220000610,Alligator Hope,Ship,NIES Japan,"Nojiri, Y.",Japan
49P220000621,Alligator Hope,Ship,NIES Japan,"Nojiri, Y.",Japan
49P220000714,Alligator Hope,Ship,NIES Japan,"Nojiri, Y.",Japan
49P220000726,Alligator Hope,Ship,NIES Japan,"Nojiri, Y.",Japan
49P220000818,Alligator Hope,Ship,NIES Japan,"Nojiri, Y.",Japan
49P220000830,Alligator Hope,Ship,NIES Japan,"Nojiri, Y.",Japan
49P220000922,Alligator Hope,Ship,NIES Japan,"Nojiri, Y.",Japan
49P220001005,Alligator Hope,Ship,NIES Japan,"Nojiri, Y.",Japan
49P220001027,Alligator Hope,Ship,NIES Japan,"Nojiri, Y.",Japan
49P220001108,Alligator Hope,Ship,NIES Japan,"Nojiri, Y.",Japan
49P220001201,Alligator Hope,Ship,NIES Japan,"Nojiri, Y.",Japan
49P220001213,Alligator Hope,Ship,NIES Japan,"Nojiri, Y.",Japan
49P220010106,Alligator Hope,Ship,NIES Japan,"Nojiri, Y.",Japan
49P220010117,Alligator Hope,Ship,NIES Japan,"Nojiri, Y.",Japan
49P220010209,Alligator Hope,Ship,NIES Japan,"Nojiri, Y.",Japan
49P220010221,Alligator Hope,Ship,NIES Japan,"Nojiri, Y.",Japan
49P220010316,Alligator Hope,Ship,NIES Japan,"Nojiri, Y.",Japan
49P220010328,Alligator Hope,Ship,NIES Japan,"Nojiri, Y.",Japan
49P220010420,Alligator Hope,Ship,NIES Japan,"Nojiri, Y.",Japan
49P220010502,Alligator Hope,Ship,NIES Japan,"Nojiri, Y.",Japan
49QB20060104,Umitaka Maru,Ship,National Institute of Polar Research,"Hashida, G.",Japan
49QB20071226,Umitaka Maru,Ship,National Institute of Polar Research,"Hashida, G. : Shin-ichiro Nakaoka",Japan
49QB20080125,Umitaka Maru,Ship,NIPR,"Hashida, G.",Japan
49QB20090107,Umitaka Maru,Ship,National Institute of Polar Research,"Hashida, G. : Shin-ichiro Nakaoka",Japan
49RY19810120,Ryofu Maru,Ship,MRI Japan,"Inoue, H.",Japan
49RY19820119,Ryofu Maru,Ship,MRI Japan,"Inoue, H.",Japan
49RY19830119,Ryofu Maru,Ship,MRI Japan,"Inoue, H.",Japan
49RY19840121,Ryofu Maru,Ship,MRI Japan,"Inoue, H.",Japan
49RY19850118,Ryofu Maru,Ship,MRI Japan,"Inoue, H.",Japan
49RY19860119,Ryofu Maru,Ship,MRI Japan,"Inoue, H.",Japan
49RY19870114,Ryofu Maru,Ship,MRI Japan,"Inoue, H.",Japan
49RY19870609,Ryofu Maru,Ship,MRI Japan,"Inoue, H.",Japan
49RY19880116,Ryofu Maru,Ship,MRI Japan,"Inoue, H.",Japan
49RY19890119,Ryofu Maru,Ship,MRI Japan,"Inoue, H.",Japan
49RY19891117,Ryofu Maru,Ship,MRI Japan,"Saito, S.",Japan
49RY19900121,Ryofu Maru,Ship,MRI Japan,"Saito, S.",Japan
49RY19900513,Ryofu Maru,Ship,MRI Japan,"Saito, S.",Japan
49RY19900615,Ryofu Maru,Ship,MRI Japan,"Saito, S.",Japan
49RY19900913,Ryofu Maru,Ship,MRI Japan,"Saito, S.",Japan
49RY19901012,Ryofu Maru,Ship,MRI Japan,"Saito, S.",Japan
49RY19910119,Ryofu Maru,Ship,MRI Japan,"Saito, S.",Japan
49RY19910507,Ryofu Maru,Ship,MRI Japan,"Saito, S.",Japan
49RY19910607,Ryofu Maru,Ship,MRI Japan,"Saito, S.",Japan
49RY19910929,Ryofu Maru,Ship,MRI Japan,"Saito, S.",Japan
49RY19920119,Ryofu Maru,Ship,MRI Japan,"Saito, S.",Japan
49RY19920508,Ryofu Maru,Ship,MRI Japan,"Saito, S.",Japan
49RY19920613,Ryofu Maru,Ship,MRI Japan,"Saito, S.",Japan
49RY19921012,Ryofu Maru,Ship,MRI Japan,"Saito, S.",Japan
49RY19930120,Ryofu Maru,Ship,MRI Japan,"Saito, S.",Japan
49RY19930509,Ryofu Maru,Ship,MRI Japan,"Saito, S.",Japan
49RY19930610,Ryofu Maru,Ship,MRI Japan,"Saito, S.",Japan
49RY19931014,Ryofu Maru,Ship,MRI Japan,"Saito, S.",Japan
49RY19940119,Ryofu Maru,Ship,MRI Japan,"Saito, S.",Japan
49RY19940504,Ryofu Maru,Ship,MRI Japan,"Saito, S.",Japan
49RY19940708,Ryofu Maru,Ship,MRI Japan,"Saito, S.",Japan
49RY19941109,Ryofu Maru,Ship,MRI Japan,"Saito, S.",Japan
49RY19950119,Ryofu Maru,Ship,MRI Japan,"Saito, S.",Japan
49UF20010120,Keifu Maru II,Ship,MRI Japan,"Saito, S.",Japan
49UF20010509,Keifu Maru II,Ship,MRI Japan,"Saito, S.",Japan
49UF20010712,Keifu Maru II,Ship,MRI Japan,"Saito, S.",Japan
49UF20011107,Keifu Maru II,Ship,MRI Japan,"Saito, S.",Japan
49UF20020117,Keifu Maru II,Ship,MRI Japan,"Saito, S.",Japan
49UF20020426,Keifu Maru II,Ship,MRI Japan,"Saito, S.",Japan
49UF20020625,Keifu Maru II,Ship,MRI Japan,"Saito, S.",Japan
49UF20021031,Keifu Maru II,Ship,MRI Japan,"Saito, S.",Japan
49UF20030115,Keifu Maru II,Ship,MRI Japan,"Saito, S.",Japan
49UF20030422,Keifu Maru II,Ship,MRI Japan,"Saito, S.",Japan
49UF20030625,Keifu Maru II,Ship,MRI Japan,"Saito, S.",Japan
49UF20031028,Keifu Maru II,Ship,MRI Japan,"Saito, S.",Japan
49UF20040120,Keifu Maru II,Ship,MRI Japan,"Saito, S.",Japan
49UF20040421,Keifu Maru II,Ship,MRI Japan,"Saito, S.",Japan
49UF20040616,Keifu Maru II,Ship,MRI Japan,"Saito, S.",Japan
49UF20041101,Keifu Maru II,Ship,MRI Japan,"Saito, S.",Japan
49UF20050118,Keifu Maru II,Ship,MRI Japan,"Saito, S.",Japan
49UF20050421,Keifu Maru II,Ship,MRI Japan,"Saito, S.",Japan
49UF20050615,Keifu Maru II,Ship,MRI Japan,"Saito, S.",Japan
49UF20051102,Keifu Maru II,Ship,MRI Japan,"Saito, S.",Japan
49UF20060118,Keifu Maru II,Ship,MRI Japan,"Saito, S.",Japan
49UF20060418,Keifu Maru II,Ship,MRI Japan,"Saito, S.",Japan
49UF20060614,Keifu Maru II,Ship,MRI Japan,"Saito, S.",Japan
49UF20061013,Keifu Maru II,Ship,MRI Japan,"Saito, S.",Japan
49UF20070117,Keifu Maru II,Ship,MRI Japan,"Saito, S.",Japan
49UF20070424,Keifu Maru II,Ship,MRI Japan,"Saito, S.",Japan
49UF20070703,Keifu Maru II,Ship,MRI Japan,"Saito, S.",Japan
49UF20071023,Keifu Maru II,Ship,MRI Japan,"Saito, S.",Japan
49UF20080117,Keifu Maru II,Ship,MRI Japan,"Saito, S.",Japan
49UF20080422,Keifu Maru II,Ship,MRI Japan,"Saito, S.",Japan
49UF20080617,Keifu Maru II,Ship,MRI Japan,"Saito, S.",Japan
49UF20081031,Keifu Maru II,Ship,MRI Japan,"Saito, S.",Japan
49UF20090116,Keifu Maru II,Ship,MRI Japan,"Saito, S.",Japan
49UF20090422,Keifu Maru II,Ship,MRI Japan,"Saito, S.",Japan
49UF20090610,Keifu Maru II,Ship,MRI Japan,"Saito, S.",Japan
49UF20091030,Keifu Maru II,Ship,MRI Japan,"Saito, S.",Japan
49UF20100108,Keifu Maru II,Ship,MRI Japan,"Saito, S.",Japan
49UF20100414,Keifu Maru II,Ship,MRI Japan,"Saito, S.",Japan
49UF20100509,Keifu Maru II,Ship,MRI Japan,"Saito, S.",Japan
49UF20100524,Keifu Maru II,Ship,MRI Japan,"Saito, S.",Japan
49UF20100615,Keifu Maru II,Ship,MRI Japan,"Saito, S.",Japan
49UF20100811,Keifu Maru II,Ship,MRI Japan,"Saito, S.",Japan
49UF20101002,Keifu Maru II,Ship,MRI Japan,"Saito, S.",Japan
49UF20101110,Keifu Maru II,Ship,MRI Japan,"Saito, S.",Japan
49UF20101204,Keifu Maru II,Ship,MRI Japan,"Saito, S.",Japan
49UF20110108,Keifu Maru II,Ship,MRI Japan,"Saito, S.",Japan
49UF20110205,Keifu Maru II,Ship,MRI Japan,"Saito, S.",Japan
49UF20110617,Keifu Maru II,Ship,MRI Japan,"Saito, S.",Japan
49UF20111004,Keifu Maru II,Ship,MRI Japan,"Saito, S.",Japan
49UF20111205,Keifu Maru II,Ship,MRI Japan,"Saito, S.",Japan
49UF20120108,Keifu Maru II,Ship,MRI Japan,"Saito, S.",Japan
49UF20120203,Keifu Maru II,Ship,MRI Japan,"Saito, S.",Japan
49UF20120412,Keifu Maru II,Ship,MRI Japan,"Saito, S.",Japan
49UF20120429,Keifu Maru II,Ship,MRI Japan,"Saito, S.",Japan
49UF20120602,Keifu Maru II,Ship,MRI Japan,"Saito, S.",Japan
49UF20120621,Keifu Maru II,Ship,MRI Japan,"Saito, S.",Japan
49UF20120826,Keifu Maru II,Ship,MRI Japan,"Saito, S.",Japan
49UF20121024,Keifu Maru II,Ship,MRI Japan,"Saito, S.",Japan
49UF20121210,Keifu Maru II,Ship,MRI Japan,"Saito, S.",Japan
49UF20130107,Keifu Maru II,Ship,MRI Japan,"Saito, S.",Japan
49UF20130203,Keifu Maru II,Ship,MRI Japan,"Saito, S.",Japan
49UF20130411,Keifu Maru II,Ship,MRI Japan,"Saito, S.",Japan
49UF20130531,Keifu Maru II,Ship,MRI Japan,"Saito, S.",Japan
49UF20130626,Keifu Maru II,Ship,MRI Japan,"Saito, S.",Japan
49UF20131006,Keifu Maru II,Ship,MRI Japan,"Saito, S.",Japan
49UF20131030,Keifu Maru II,Ship,MRI Japan,"Saito, S.",Japan
49UF20140107,Keifu Maru II,Ship,MRI Japan,"Saito, S.",Japan
49UF20140206,Keifu Maru II,Ship,MRI Japan,"Saito, S.",Japan
49UF20140410,Keifu Maru II,Ship,MRI Japan,"Saito, S.",Japan
49UF20140512,Keifu Maru II,Ship,MRI Japan,"Saito, S.",Japan
49UF20140623,Keifu Maru II,Ship,MRI Japan,"Saito, S.",Japan
49UF20140904,Keifu Maru II,Ship,MRI Japan,"Saito, S.",Japan
49UF20141218,Keifu Maru II,Ship,MRI Japan,"Saito, S.",Japan
49UF20150108,Keifu Maru II,Ship,MRI Japan,"Saito, S.",Japan
49UF20150202,Keifu Maru II,Ship,MRI Japan,"Saito, S.",Japan
49UF20150416,Keifu Maru II,Ship,MRI Japan,"Saito, S.",Japan
49UF20150511,Keifu Maru II,Ship,MRI Japan,"Saito, S.",Japan
49UF20150620,Keifu Maru II,Ship,MRI Japan,"Saito, S.",Japan
49UF20151021,Keifu Maru II,Ship,MRI Japan,"Saito, S.",Japan
49UF20160107,Keifu Maru II,Ship,Japan Met Agency,"Sakurai, K.",Japan
49UF20160201,Keifu Maru II,Ship,Japan Met Agency,"Sakurai, K.",Japan
49UF20160315,Keifu Maru II,Ship,Japan Met Agency,"Sakurai, K.",Japan
49UF20160408,Keifu Maru II,Ship,Japan Met Agency,"Sakurai, K.",Japan
49UF20160512,Keifu Maru II,Ship,Japan Met Agency,"Sakurai, K.",Japan
49UF20160618,Keifu Maru II,Ship,Japan Met Agency,"Sakurai, K.",Japan
49UF20160730,Keifu Maru II,Ship,Japan Met Agency,"Sakurai, K.",Japan
49UF20160917,Keifu Maru II,Ship,Japan Met Agency,"Sakurai, K.",Japan
49UF20161116,Keifu Maru II,Ship,Japan Met Agency,"Sakurai, K.",Japan
49UF20170110,Keifu Maru II,Ship,Japan Met Agency,"Sakurai, K.",Japan
49UF20170228,Keifu Maru II,Ship,Japan Met Agency,"Sakurai, K.",Japan
49UF20170409,Keifu Maru II,Ship,Japan Met Agency,"Sakurai, K.",Japan
49UF20170502,Keifu Maru II,Ship,Japan Met Agency,"Sakurai, K.",Japan
49UF20170612,Keifu Maru II,Ship,Japan Met Agency,"Sakurai, K.",Japan
49UF20170727,Keifu Maru II,Ship,Japan Met Agency,"Sakurai, K.",Japan
49UF20171107,Keifu Maru II,Ship,Japan Met Agency,"Sakurai, K.",Japan
49UF20171212,Keifu Maru II,Ship,Japan Met Agency,"Sakurai, K.",Japan
49UF20180106,Keifu Maru II,Ship,Japan Met Agency,"Kadono, K.",Japan
49UF20180129,Keifu Maru II,Ship,Japan Met Agency,"Kadono, K.",Japan
49UF20180314,Keifu Maru II,Ship,Japan Met Agency,"Kadono, K.",Japan
49UF20180408,Keifu Maru II,Ship,Japan Met Agency,"Kadono, K.",Japan
49UF20180518,Keifu Maru II,Ship,Japan Met Agency,"Kadono, K.",Japan
49UF20180709,Keifu Maru II,Ship,Japan Met Agency,"Kadono, K.",Japan
49UF20180927,Keifu Maru II,Ship,Japan Met Agency,"Kadono, K.",Japan
49UF20181030,Keifu Maru II,Ship,Japan Met Agency,"Kadono, K.",Japan
49UF20190108,Keifu Maru II,Ship,Japan Met Agency,"Kadono, K.",Japan
49UF20190207,Keifu Maru II,Ship,Japan Met Agency,"Kadono, K.",Japan
49UF20190424,Keifu Maru II,Ship,Japan Met Agency,"Kadono, K.",Japan
49UF20190621,Keifu Maru II,Ship,Japan Met Agency,"Kadono, K.",Japan
49UF20190727,Keifu Maru II,Ship,Japan Met Agency,"Kadono, K.",Japan
49UF20190917,Keifu Maru II,Ship,Japan Met Agency,"Kadono, K.",Japan
49UF20191201,Keifu Maru II,Ship,JMA,"Kazutaka, ENYO",Japan
49UF20200108,Keifu Maru II,Ship,JMA,"Kazutaka, ENYO",Japan
49UF20200201,Keifu Maru II,Ship,JMA,"Kazutaka, ENYO",Japan
49UF20200407,Keifu Maru II,Ship,JMA,"Kazutaka, ENYO",Japan
49UF20200605,Keifu Maru II,Ship,JMA,"Kazutaka, ENYO",Japan
49UF20200619,Keifu Maru II,Ship,JMA,"Kazutaka, ENYO",Japan
49UF20200730,Keifu Maru II,Ship,JMA,"Kazutaka, ENYO",Japan
49UF20201021,Keifu Maru II,Ship,JMA,"Kadono, K.",Japan
49UF20201205,Keifu Maru II,Ship,JMA,"Kadono, K.",Japan
49UF20210108,Keifu Maru II,Ship,JMA,"Kadono, K.",Japan
49UF20210202,Keifu Maru II,Ship,JMA,"Kadono, K.",Japan
49UF20210407,Keifu Maru II,Ship,JMA,"Kadono, K.",Japan
49UF20210515,Keifu Maru II,Ship,JMA,"Kadono, K.",Japan
49UF20210703,Keifu Maru II,Ship,JMA,"Kadono, K.",Japan
49UF20210809,Keifu Maru II,Ship,JMA,"Kadono, K.",Japan
49UF20210905,Keifu Maru II,Ship,JMA,"Kadono, K.",Japan
49UF20211020,Keifu Maru II,Ship,JMA,"Kadono, K.",Japan
49UF20220108,Keifu Maru II,Ship,JMA,"Kazutaka, ENYO",Japan
49UF20220413,Keifu Maru II,Ship,JMA,"Kazutaka, ENYO",Japan
49UF20220530,Keifu Maru II,Ship,JMA,"Kazutaka, ENYO",Japan
49UF20220717,Keifu Maru II,Ship,JMA,"Kazutaka, ENYO",Japan
49UF20220831,Keifu Maru II,Ship,JMA,"Kazutaka, ENYO",Japan
49UF20221207,Keifu Maru II,Ship,JMA,"Kazutaka, ENYO",Japan
49UF20230210,Keifu Maru II,Ship,JMA,"Kazutaka, ENYO",Japan
49UF20230410,Keifu Maru II,Ship,JMA,"Kazutaka, ENYO",Japan
49UF20230603,Keifu Maru II,Ship,JMA,"Kazutaka, ENYO",Japan
49UF20230709,Keifu Maru II,Ship,JMA,"Kazutaka, ENYO",Japan
49UF20230906,Keifu Maru II,Ship,JMA,"Kazutaka, ENYO",Japan
49UF20231005,Keifu Maru II,Ship,JMA,"Kazutaka, ENYO",Japan
49UF20240111,Keifu Maru II,Ship,JMA,"Kazutaka, ENYO",Japan
49UF20240202,Keifu Maru II,Ship,JMA,"Kazutaka, ENYO",Japan
49UF20240428,Keifu Maru II,Ship,JMA,"Kazutaka, ENYO",Japan
49UF20240614,Keifu Maru II,Ship,JMA,"Kazutaka, ENYO",Japan
49UF20240712,Keifu Maru II,Ship,JMA,"Kazutaka, ENYO",Japan
49UF20240906,Keifu Maru II,Ship,JMA,"Kazutaka, ENYO",Japan
49UP19950716,Ryofu Maru III,Ship,MRI Japan,"Saito, S.",Japan
49UP19950831,Ryofu Maru III,Ship,MRI Japan,"Saito, S.",Japan
49UP19951115,Ryofu Maru III,Ship,MRI Japan,"Saito, S.",Japan
49UP19960118,Ryofu Maru III,Ship,MRI Japan,"Saito, S.",Japan
49UP19960424,Ryofu Maru III,Ship,MRI Japan,"Saito, S.",Japan
49UP19960720,Ryofu Maru III,Ship,MRI Japan,"Saito, S.",Japan
49UP19961010,Ryofu Maru III,Ship,MRI Japan,"Saito, S.",Japan
49UP19970123,Ryofu Maru III,Ship,MRI Japan,"Saito, S.",Japan
49UP19970424,Ryofu Maru III,Ship,MRI Japan,"Saito, S.",Japan
49UP19970531,Ryofu Maru III,Ship,MRI Japan,"Saito, S.",Japan
49UP19970913,Ryofu Maru III,Ship,MRI Japan,"Saito, S.",Japan
49UP19980127,Ryofu Maru III,Ship,MRI Japan,"Saito, S.",Japan
49UP19980427,Ryofu Maru III,Ship,MRI Japan,"Saito, S.",Japan
49UP19980610,Ryofu Maru III,Ship,MRI Japan,"Saito, S.",Japan
49UP19980917,Ryofu Maru III,Ship,MRI Japan,"Saito, S.",Japan
49UP19990123,Ryofu Maru III,Ship,MRI Japan,"Saito, S.",Japan
49UP19990423,Ryofu Maru III,Ship,MRI Japan,"Saito, S.",Japan
49UP19990623,Ryofu Maru III,Ship,MRI Japan,"Saito, S.",Japan
49UP19990918,Ryofu Maru III,Ship,MRI Japan,"Saito, S.",Japan
49UP20000122,Ryofu Maru III,Ship,MRI Japan,"Saito, S.",Japan
49UP20000421,Ryofu Maru III,Ship,MRI Japan,"Saito, S.",Japan
49UP20000621,Ryofu Maru III,Ship,MRI Japan,"Saito, S.",Japan
49UP20000921,Ryofu Maru III,Ship,MRI Japan,"Saito, S.",Japan
49UP20010120,Ryofu Maru III,Ship,MRI Japan,"Saito, S.",Japan
49UP20010425,Ryofu Maru III,Ship,MRI Japan,"Saito, S.",Japan
49UP20010620,Ryofu Maru III,Ship,MRI Japan,"Saito, S.",Japan
49UP20011011,Ryofu Maru III,Ship,MRI Japan,"Saito, S.",Japan
49UP20020126,Ryofu Maru III,Ship,MRI Japan,"Saito, S.",Japan
49UP20020427,Ryofu Maru III,Ship,MRI Japan,"Saito, S.",Japan
49UP20020625,Ryofu Maru III,Ship,MRI Japan,"Saito, S.",Japan
49UP20021002,Ryofu Maru III,Ship,MRI Japan,"Saito, S.",Japan
49UP20030125,Ryofu Maru III,Ship,MRI Japan,"Saito, S.",Japan
49UP20030426,Ryofu Maru III,Ship,MRI Japan,"Saito, S.",Japan
49UP20030621,Ryofu Maru III,Ship,MRI Japan,"Saito, S.",Japan
49UP20031007,Ryofu Maru III,Ship,MRI Japan,"Saito, S.",Japan
49UP20040115,Ryofu Maru III,Ship,MRI Japan,"Saito, S.",Japan
49UP20040423,Ryofu Maru III,Ship,MRI Japan,"Saito, S.",Japan
49UP20040609,Ryofu Maru III,Ship,MRI Japan,"Saito, S.",Japan
49UP20041022,Ryofu Maru III,Ship,MRI Japan,"Saito, S.",Japan
49UP20050114,Ryofu Maru III,Ship,MRI Japan,"Saito, S.",Japan
49UP20050423,Ryofu Maru III,Ship,MRI Japan,"Saito, S.",Japan
49UP20050616,Ryofu Maru III,Ship,MRI Japan,"Saito, S.",Japan
49UP20051021,Ryofu Maru III,Ship,MRI Japan,"Saito, S.",Japan
49UP20060115,Ryofu Maru III,Ship,MRI Japan,"Saito, S.",Japan
49UP20060429,Ryofu Maru III,Ship,MRI Japan,"Saito, S.",Japan
49UP20060609,Ryofu Maru III,Ship,MRI Japan,"Saito, S.",Japan
49UP20061021,Ryofu Maru III,Ship,MRI Japan,"Saito, S.",Japan
49UP20070119,Ryofu Maru III,Ship,MRI Japan,"Saito, S.",Japan
49UP20070502,Ryofu Maru III,Ship,MRI Japan,"Saito, S.",Japan
49UP20070607,Ryofu Maru III,Ship,MRI Japan,"Saito, S.",Japan
49UP20071020,Ryofu Maru III,Ship,MRI Japan,"Saito, S.",Japan
49UP20080123,Ryofu Maru III,Ship,MRI Japan,"Saito, S.",Japan
49UP20080425,Ryofu Maru III,Ship,MRI Japan,"Saito, S.",Japan
49UP20080614,Ryofu Maru III,Ship,MRI Japan,"Saito, S.",Japan
49UP20081105,Ryofu Maru III,Ship,MRI Japan,"Saito, S.",Japan
49UP20090117,Ryofu Maru III,Ship,MRI Japan,"Saito, S.",Japan
49UP20090423,Ryofu Maru III,Ship,MRI Japan,"Saito, S.",Japan
49UP20090609,Ryofu Maru III,Ship,MRI Japan,"Saito, S.",Japan
49UP20100415,Ryofu Maru III,Ship,MRI Japan,"Saito, S.",Japan
49UP20100511,Ryofu Maru III,Ship,MRI Japan,"Saito, S.",Japan
49UP20100706,Ryofu Maru III,Ship,MRI Japan,"Saito, S.",Japan
49UP20101110,Ryofu Maru III,Ship,MRI Japan,"Saito, S.",Japan
49UP20110107,Ryofu Maru III,Ship,MRI Japan,"Saito, S.",Japan
49UP20110307,Ryofu Maru III,Ship,MRI Japan,"Saito, S.",Japan
49UP20110515,Ryofu Maru III,Ship,MRI Japan,"Saito, S.",Japan
49UP20110604,Ryofu Maru III,Ship,MRI Japan,"Saito, S.",Japan
49UP20110705,Ryofu Maru III,Ship,MRI Japan,"Saito, S.",Japan
49UP20110912,Ryofu Maru III,Ship,MRI Japan,"Saito, S.",Japan
49UP20111205,Ryofu Maru III,Ship,MRI Japan,"Saito, S.",Japan
49UP20120111,Ryofu Maru III,Ship,MRI Japan,"Saito, S.",Japan
49UP20120307,Ryofu Maru III,Ship,MRI Japan,"Saito, S.",Japan
49UP20120410,Ryofu Maru III,Ship,MRI Japan,"Saito, S.",Japan
49UP20120602,Ryofu Maru III,Ship,MRI Japan,"Saito, S.",Japan
49UP20120726,Ryofu Maru III,Ship,MRI Japan,"Saito, S.",Japan
49UP20121116,Ryofu Maru III,Ship,MRI Japan,"Saito, S.",Japan
49UP20130109,Ryofu Maru III,Ship,MRI Japan,"Saito, S.",Japan
49UP20130307,Ryofu Maru III,Ship,MRI Japan,"Saito, S.",Japan
49UP20130426,Ryofu Maru III,Ship,MRI Japan,"Saito, S.",Japan
49UP20130621,Ryofu Maru III,Ship,MRI Japan,"Saito, S.",Japan
49UP20130731,Ryofu Maru III,Ship,MRI Japan,"Saito, S.",Japan
49UP20131128,Ryofu Maru III,Ship,MRI Japan,"Saito, S.",Japan
49UP20140108,Ryofu Maru III,Ship,MRI Japan,"Saito, S.",Japan
49UP20140307,Ryofu Maru III,Ship,MRI Japan,"Saito, S.",Japan
49UP20140429,Ryofu Maru III,Ship,MRI Japan,"Saito, S.",Japan
49UP20140610,Ryofu Maru III,Ship,MRI Japan,"Saito, S.",Japan
49UP20140703,Ryofu Maru III,Ship,MRI Japan,"Saito, S.",Japan
49UP20140728,Ryofu Maru III,Ship,MRI Japan,"Saito, S.",Japan
49UP20141112,Ryofu Maru III,Ship,MRI Japan,"Saito, S.",Japan
49UP20141206,Ryofu Maru III,Ship,MRI Japan,"Saito, S.",Japan
49UP20150110,Ryofu Maru III,Ship,MRI Japan,"Saito, S.",Japan
49UP20150228,Ryofu Maru III,Ship,MRI Japan,"Saito, S.",Japan
49UP20150426,Ryofu Maru III,Ship,MRI Japan,"Saito, S.",Japan
49UP20150604,Ryofu Maru III,Ship,MRI Japan,"Saito, S.",Japan
49UP20150628,Ryofu Maru III,Ship,MRI Japan,"Saito, S.",Japan
49UP20150724,Ryofu Maru III,Ship,MRI Japan,"Saito, S.",Japan
49UP20151115,Ryofu Maru III,Ship,MRI Japan,"Saito, S.",Japan
49UP20160109,Ryofu Maru III,Ship,Japan Met Agency,"Sakurai, K.",Japan
49UP20160227,Ryofu Maru III,Ship,Japan Met Agency,"Sakurai, K.",Japan
49UP20160427,Ryofu Maru III,Ship,Japan Met Agency,"Sakurai, K.",Japan
49UP20160608,Ryofu Maru III,Ship,Japan Met Agency,"Sakurai, K.",Japan
49UP20160703,Ryofu Maru III,Ship,Japan Met Agency,"Sakurai, K.",Japan
49UP20161021,Ryofu Maru III,Ship,Japan Met Agency,"Sakurai, K.",Japan
49UP20161211,Ryofu Maru III,Ship,Japan Met Agency,"Sakurai, K.",Japan
49UP20170107,Ryofu Maru III,Ship,Japan Met Agency,"Sakurai, K.",Japan
49UP20170201,Ryofu Maru III,Ship,Japan Met Agency,"Sakurai, K.",Japan
49UP20170316,Ryofu Maru III,Ship,Japan Met Agency,"Sakurai, K.",Japan
49UP20170425,Ryofu Maru III,Ship,Japan Met Agency,"Sakurai, K.",Japan
49UP20170516,Ryofu Maru III,Ship,Japan Met Agency,"Sakurai, K.",Japan
49UP20170623,Ryofu Maru III,Ship,Japan Met Agency,"Sakurai, K.",Japan
49UP20170815,Ryofu Maru III,Ship,Japan Met Agency,"Sakurai, K.",Japan
49UP20171113,Ryofu Maru III,Ship,Japan Met Agency,"Sakurai, K.",Japan
49UP20171125,Ryofu Maru III,Ship,Japan Met Agency,"Sakurai, K.",Japan
49UP20180111,Ryofu Maru III,Ship,Japan Met Agency,"Kadono, K.",Japan
49UP20180302,Ryofu Maru III,Ship,Japan Met Agency,"Kadono, K.",Japan
49UP20180501,Ryofu Maru III,Ship,Japan Met Agency,"Kadono, K.",Japan
49UP20180614,Ryofu Maru III,Ship,Japan Met Agency,"Kadono, K.",Japan
49UP20180806,Ryofu Maru III,Ship,Japan Met Agency,"Kadono, K.",Japan
49UP20181122,Ryofu Maru III,Ship,Japan Met Agency,"Kadono, K.",Japan
49UP20181206,Ryofu Maru III,Ship,Japan Met Agency,"Kadono, K.",Japan
49UP20190110,Ryofu Maru III,Ship,Japan Met Agency,"Kadono, K.",Japan
49UP20190301,Ryofu Maru III,Ship,Japan Met Agency,"Kadono, K.",Japan
49UP20190408,Ryofu Maru III,Ship,Japan Met Agency,"Kadono, K.",Japan
49UP20190516,Ryofu Maru III,Ship,Japan Met Agency,"Kadono, K.",Japan
49UP20190612,Ryofu Maru III,Ship,Japan Met Agency,"Kadono, K.",Japan
49UP20190811,Ryofu Maru III,Ship,Japan Met Agency,"Kadono, K.",Japan
49UP20191125,Ryofu Maru III,Ship,JMA,"Kazutaka, ENYO",Japan
49UP20200110,Ryofu Maru III,Ship,JMA,"Kazutaka, ENYO",Japan
49UP20200227,Ryofu Maru III,Ship,JMA,"Kazutaka, ENYO",Japan
49UP20200605,Ryofu Maru III,Ship,JMA,"Kazutaka, ENYO",Japan
49UP20200730,Ryofu Maru III,Ship,JMA,"Kazutaka, ENYO",Japan
49UP20200921,Ryofu Maru III,Ship,JMA,"Kadono, K.",Japan
49UP20201019,Ryofu Maru III,Ship,JMA,"Kadono, K.",Japan
49UP20210113,Ryofu Maru III,Ship,JMA,"Kadono, K.",Japan
49UP20210301,Ryofu Maru III,Ship,JMA,"Kadono, K.",Japan
49UP20210407,Ryofu Maru III,Ship,JMA,"Kadono, K.",Japan
49UP20210425,Ryofu Maru III,Ship,JMA,"Kadono, K.",Japan
49UP20210531,Ryofu Maru III,Ship,JMA,"Kadono, K.",Japan
49UP20210719,Ryofu Maru III,Ship,JMA,"Kadono, K.",Japan
49UP20210827,Ryofu Maru III,Ship,JMA,"Kadono, K.",Japan
49UP20210920,Ryofu Maru III,Ship,JMA,"Kadono, K.",Japan
49UP20220126,Ryofu Maru III,Ship,JMA,"Kazutaka, ENYO",Japan
49UP20220319,Ryofu Maru III,Ship,JMA,"Kazutaka, ENYO",Japan
49UP20220422,Ryofu Maru III,Ship,JMA,"Kazutaka, ENYO",Japan
49UP20220627,Ryofu Maru III,Ship,JMA,"Kazutaka, ENYO",Japan
49UP20220727,Ryofu Maru III,Ship,JMA,"Kazutaka, ENYO",Japan
49UP20220824,Ryofu Maru III,Ship,JMA,"Kazutaka, ENYO",Japan
49UP20220929,Ryofu Maru III,Ship,JMA,"Kazutaka, ENYO",Japan
49UP20230125,Ryofu Maru III,Ship,JMA,"Kazutaka, ENYO",Japan
49UP20230419,Ryofu Maru III,Ship,JMA,"Kazutaka, ENYO",Japan
49UP20230506,Ryofu Maru III,Ship,JMA,"Kazutaka, ENYO",Japan
49UP20230614,Ryofu Maru III,Ship,JMA,"Kazutaka, ENYO",Japan
49UP20230628,Ryofu Maru III,Ship,JMA,"Kazutaka, ENYO",Japan
49UP20230721,Ryofu Maru III,Ship,JMA,"Kazutaka, ENYO",Japan
49UP20230821,Ryofu Maru III,Ship,JMA,"Kazutaka, ENYO",Japan
49WA20110610,Wakataka Maru,Ship,FRA Japan,"Ono, T.",Japan
49WA20110802,Wakataka Maru,Ship,FRA Japan,"Ono, T.",Japan
49WA20110823,Wakataka Maru,Ship,FRA Japan,"Ono, T.",Japan
49WA20110924,Wakataka Maru,Ship,FRA Japan,"Ono, T.",Japan
49WA20111006,Wakataka Maru,Ship,FRA Japan,"Ono, T.",Japan
49WA20111027,Wakataka Maru,Ship,FRA Japan,"Ono, T.",Japan
49WA20120625,Wakataka Maru,Ship,FRA Japan,"Ono, T.",Japan
49WA20121006,Wakataka Maru,Ship,FRA Japan,"Ono, T.",Japan
49WA20140510,Wakataka Maru,Ship,Tohoku NFRI,"Kuwata, A. : Tadokoro, K.",Japan
49WA20140605,Wakataka Maru,Ship,Tohoku NFRI,"Kuwata, A. : Tadokoro, K.",Japan
49WA20141127,Wakataka Maru,Ship,Tohoku NFRI,"Kuwata, A. : Tadokoro, K.",Japan
49WA20150630,Wakataka Maru,Ship,Tohoku NFRI,"Kuwata, A. : Tadokoro, K.",Japan
49WA20150711,Wakataka Maru,Ship,Tohoku NFRI,"Kuwata, A. : Tadokoro, K.",Japan
49WA20150729,Wakataka Maru,Ship,Tohoku NFRI,"Kuwata, A. : Tadokoro, K.",Japan
49WA20150930,Wakataka Maru,Ship,Tohoku NFRI,"Kuwata, A. : Tadokoro, K.",Japan
49WA20160511,Wakataka Maru,Ship,Tohoku NFRI,"Kuwata, A.",Japan
49WA20160604,Wakataka Maru,Ship,Tohoku NFRI,"Tadokoro, K.",Japan
49WA20160628,Wakataka Maru,Ship,Tohoku NFRI,"Tadokoro, K.",Japan
49WA20160714,Wakataka Maru,Ship,FRA Japan,"Ono, T.",Japan
49WA20160930,Wakataka Maru,Ship,Tohoku NFRI,"Tadokoro, K.",Japan
49WA20161110,Wakataka Maru,Ship,Tohoku NFRI,"Tadokoro, K.",Japan
49WA20170828,Wakataka Maru,Ship,Tohoku NFRI,"Tadokoro, K.",Japan
49WA20180712,Wakataka Maru,Ship,Tohoku NFRI : FRA Japan,"Tadokoro, K. : Ono, T.",Japan
49WA20190412,Wakataka Maru,Ship,Tohoku NFRI : FRA Japan,"Tadokoro, K. : Ono, T.",Japan
49WA20190604,Wakataka Maru,Ship,Tohoku NFRI : FRA Japan,"Tadokoro, K. : Ono, T.",Japan
49WA20190828,Wakataka Maru,Ship,Tohoku NFRI : FRA Japan,"Tadokoro, K. : Ono, T.",Japan
49WA20191107,Wakataka Maru,Ship,Tohoku NFRI : FRA Japan,"Tadokoro, K. : Ono, T.",Japan
49WA20200229,Wakataka Maru,Ship,FREA,"Tadokoro, K. : Ono, T.",Japan
49WA20200411,Wakataka Maru,Ship,FREA,"Tadokoro, K. : Ono, T.",Japan
49WA20200512,Wakataka Maru,Ship,FREA,"Tadokoro, K. : Ono, T.",Japan
49WA20200710,Wakataka Maru,Ship,FREA,"Tadokoro, K. : Ono, T.",Japan
49WA20200731,Wakataka Maru,Ship,FREA,"Tadokoro, K. : Ono, T.",Japan
49WA20200930,Wakataka Maru,Ship,FREA,"Tadokoro, K. : Ono, T.",Japan
49WA20201130,Wakataka Maru,Ship,FREA,"Tadokoro, K. : Ono, T.",Japan
49WA20210630,Wakataka Maru,Ship,FREA,"Tadokoro, K. : Ono, T.",Japan
49WA20210709,Wakataka Maru,Ship,FREA,"Tadokoro, K. : Ono, T.",Japan
49WA20220301,Wakataka Maru,Ship,FREA,"Tadokoro, K. : Ono, T.",Japan
49WA20220414,Wakataka Maru,Ship,FREA,"Tadokoro, K. : Ono, T.",Japan
49WA20220512,Wakataka Maru,Ship,FREA,"Tadokoro, K. : Ono, T.",Japan
49WA20220602,Wakataka Maru,Ship,FREA,"Tadokoro, K. : Ono, T.",Japan
49WA20220630,Wakataka Maru,Ship,FREA,"Tadokoro, K. : Ono, T.",Japan
49WA20220709,Wakataka Maru,Ship,FREA,"Tadokoro, K. : Ono, T.",Japan
49WA20220818,Wakataka Maru,Ship,FREA,"Tadokoro, K. : Ono, T.",Japan
49WA20220928,Wakataka Maru,Ship,FREA,"Tadokoro, K. : Ono, T.",Japan
49WA20221019,Wakataka Maru,Ship,FREA,"Tadokoro, K. : Ono, T.",Japan
49WA20230601,Wakataka Maru,Ship,FREA,"Tadokoro, K. : Ono, T.",Japan
49WA20230630,Wakataka Maru,Ship,FREA,"Tadokoro, K. : Ono, T.",Japan
49WA20230708,Wakataka Maru,Ship,FREA,"Tadokoro, K. : Ono, T.",Japan
49WA20230823,Wakataka Maru,Ship,FREA,"Tadokoro, K. : Ono, T.",Japan
49WA20231107,Wakataka Maru,Ship,FREA,"Tadokoro, K. : Ono, T.",Japan
49WB20101112,Soyo Maru,Ship,FRA Japan,"Ono, T.",Japan
49WB20110523,Soyo Maru,Ship,FRA Japan,"Ono, T.",Japan
49WB20110715,Soyo Maru,Ship,FRA Japan,"Ono, T.",Japan
49WB20120410,Soyo Maru,Ship,FRA Japan,"Ono, T.",Japan
49WB20120522,Soyo Maru,Ship,FRA Japan,"Ono, T.",Japan
49WB20121029,Soyo Maru,Ship,FRA Japan,"Ono, T.",Japan
49WB20131206,Soyo Maru,Ship,FRA Japan,"Ichikawa, T. : Ono, T.",Japan
49WB20140121,Soyo Maru,Ship,FRA Japan,"Ichikawa, T. : Ono, T.",Japan
49WB20140207,Soyo Maru,Ship,FRA Japan,"Ichikawa, T. : Ono, T.",Japan
49WB20140227,Soyo Maru,Ship,FRA Japan,"Ichikawa, T. : Ono, T.",Japan
49WB20140509,Soyo Maru,Ship,FRA Japan,"Ichikawa, T. : Ono, T.",Japan
49WB20140523,Soyo Maru,Ship,FRA Japan,"Ichikawa, T. : Ono, T.",Japan
49WB20140703,Soyo Maru,Ship,FRA Japan,"Ichikawa, T. : Ono, T.",Japan
49WB20140822,Soyo Maru,Ship,FRA Japan,"Ichikawa, T. : Ono, T.",Japan
49WB20141025,Soyo Maru,Ship,FRA Japan,"Ono, T.",Japan
49WB20150508,Soyo Maru,Ship,FRA Japan,"Ono, T.",Japan
49WB20150801,Soyo Maru,Ship,FRA Japan,"Ono, T.",Japan
49WB20151026,Soyo Maru,Ship,FRA Japan,"Ono, T.",Japan
49WB20151203,Soyo Maru,Ship,FRA Japan,"Ono, T.",Japan
49WB20160524,Soyo Maru,Ship,FRA Japan,"Ono, T.",Japan
49WB20160627,Soyo Maru,Ship,FRA Japan,"Ono, T.",Japan
49WB20170215,Soyo Maru,Ship,FRA Japan,"Ono, T.",Japan
49WB20170522,Soyo Maru,Ship,FRA Japan,"Ono, T.",Japan
49WB20170711,Soyo Maru,Ship,FRA Japan,"Ono, T.",Japan
49WB20180417,Soyo Maru,Ship,FRA Japan,"Ono, T.",Japan
49WB20180509,Soyo Maru,Ship,FRA Japan,"Ono, T.",Japan
49WB20180626,Soyo Maru,Ship,FRA Japan,"Ono, T.",Japan
49WB20180905,Soyo Maru,Ship,FRA Japan,"Ono, T.",Japan
49WB20181108,Soyo Maru,Ship,FRA Japan,"Ono, T.",Japan
49WB20181204,Soyo Maru,Ship,FRA Japan,"Ono, T.",Japan
49WB20200610,Soyo Maru,Ship,FREA,"Ono, T.",Japan
49WB20200703,Soyo Maru,Ship,FREA,"Ono, T.",Japan
49WB20210618,Soyo Maru,Ship,FREA,"Ono, T.",Japan
49WB20210630,Soyo Maru,Ship,FREA,"Ono, T.",Japan
49WB20210820,Soyo Maru,Ship,FREA,"Ono, T.",Japan
49WB20230512,Soyo Maru,Ship,FREA,"Ono, T.",Japan
49WB20230623,Soyo Maru,Ship,FREA,"Ono, T.",Japan
54PC19940603,Prince of Seas,Ship,Univ Exeter,"Watson, A.J.",UK
54PC19940709,Prince of Seas,Ship,Univ Exeter,"Watson, A.J.",UK
54PC19940729,Prince of Seas,Ship,Univ Exeter,"Watson, A.J.",UK
54PC19940813,Prince of Seas,Ship,Univ Exeter,"Watson, A.J.",UK
54PC19940917,Prince of Seas,Ship,Univ Exeter,"Watson, A.J.",UK
54PC19941022,Prince of Seas,Ship,Univ Exeter,"Watson, A.J.",UK
54PC19941126,Prince of Seas,Ship,Univ Exeter,"Watson, A.J.",UK
54PC19950204,Prince of Seas,Ship,Univ Exeter,"Watson, A.J.",UK
54PC19950308,Prince of Seas,Ship,Univ Exeter,"Watson, A.J.",UK
54PC19950323,Prince of Seas,Ship,Univ Exeter,"Watson, A.J.",UK
54PC19950331,Prince of Seas,Ship,Univ Exeter,"Watson, A.J.",UK
54PC19950412,Prince of Seas,Ship,Univ Exeter,"Watson, A.J.",UK
54PC19950426,Prince of Seas,Ship,Univ Exeter,"Watson, A.J.",UK
54PC19950505,Prince of Seas,Ship,Univ Exeter,"Watson, A.J.",UK
54PC19950517,Prince of Seas,Ship,Univ Exeter,"Watson, A.J.",UK
54PC19950529,Prince of Seas,Ship,Univ Exeter,"Watson, A.J.",UK
54PC19950609,Prince of Seas,Ship,Univ Exeter,"Watson, A.J.",UK
54PC19950621,Prince of Seas,Ship,Univ Exeter,"Watson, A.J.",UK
54PC19950726,Prince of Seas,Ship,Univ Exeter,"Watson, A.J.",UK
54SL20020222,Santa Lucia,Ship,Univ Exeter,"Schuster, U.",UK
54SL20020317,Santa Lucia,Ship,Univ Exeter,"Schuster, U.",UK
54SL20020502,Santa Lucia,Ship,Univ Exeter,"Schuster, U.",UK
54SL20020525,Santa Lucia,Ship,Univ Exeter,"Schuster, U.",UK
54WC20060923,Albert Rickmers,Ship,NOAA PMEL,"Feely, R.",USA
54WC20061029,Albert Rickmers,Ship,NOAA PMEL,"Feely, R.",USA
589920110930,Station M,Mooring,Univ Bergen,"Skjelvan, I. : Lauvset, S.K.",Norway
589920120706,Station M,Mooring,Univ Bergen,"Skjelvan, I. : Lauvset, S.K.",Norway
589920130531,Station M,Mooring,Univ Bergen,"Skjelvan, I. : Lauvset, S.K.",Norway
589920140614,Station M,Mooring,Univ Bergen,"Skjelvan, I. : Lauvset, S.K.",Norway
589920150527,Station M,Mooring,Univ Bergen,"Skjelvan, I. : Lauvset, S.K.",Norway
589920160522,Station M,Mooring,Univ Bergen,"Skjelvan, I. : Lauvset, S.K.",Norway
589920171120,Station M,Mooring,Univ Bergen,"Skjelvan, I. : Lauvset, S.K.",Norway
589920181125,Station M,Mooring,NORCE,"Skjelvan, I.",Norway
589920190610,Station M,Mooring,NORCE,"Skjelvan, I.",Norway
589920200825,Station M,Mooring,NORCE,"Skjelvan, I.",Norway
58AA19950218,Haakon Mosby,Ship,Univ Bergen,"Skjelvan, I.",Norway
58AA19961117,Haakon Mosby,Ship,Univ Bergen,"Skjelvan, I.",Norway
58AA19970219,Haakon Mosby,Ship,Univ Bergen,"Skjelvan, I.",Norway
58AA19970317,Haakon Mosby,Ship,Univ Bergen,"Skjelvan, I.",Norway
58AA19991002,Haakon Mosby,Ship,Univ Bergen,"Omar, A.",Norway
58G220200130,G.O. Sars,Ship,Univ Bergen,"Skjelvan, I.",Norway
58G220200424,G.O. Sars,Ship,Univ Bergen,"Skjelvan, I.",Norway
58G220200604,G.O. Sars,Ship,Univ Bergen,"Skjelvan, I.",Norway
58G220200628,G.O. Sars,Ship,Univ Bergen,"Skjelvan, I.",Norway
58G220200810,G.O. Sars,Ship,Univ Bergen,"Skjelvan, I.",Norway
58G220200915,G.O. Sars,Ship,Univ Bergen,"Skjelvan, I.",Norway
58G220201002,G.O. Sars,Ship,Univ Bergen,"Skjelvan, I.",Norway
58G220210107,G.O. Sars,Ship,Univ Bergen,"Skjelvan, I.",Norway
58G220210505,G.O. Sars,Ship,Univ Bergen,"Skjelvan, I.",Norway
58G220210601,G.O. Sars,Ship,Univ Bergen,"Skjelvan, I.",Norway
58G220210704,G.O. Sars,Ship,Univ Bergen,"Skjelvan, I.",Norway
58G220210801,G.O. Sars,Ship,Univ Bergen,"Skjelvan, I.",Norway
58G220210820,G.O. Sars,Ship,Univ Bergen,"Skjelvan, I.",Norway
58G220210917,G.O. Sars,Ship,Univ Bergen,"Skjelvan, I.",Norway
58G220211008,G.O. Sars,Ship,Univ Bergen,"Skjelvan, I.",Norway
58G220211102,G.O. Sars,Ship,Univ Bergen,"Skjelvan, I.",Norway
58G220220124,G.O. Sars,Ship,Univ Bergen,"Skjelvan, I.",Norway
58G220220227,G.O. Sars,Ship,Univ Bergen,"Skjelvan, I.",Norway
58G220220325,G.O. Sars,Ship,Univ Bergen,"Skjelvan, I.",Norway
58G220220426,G.O. Sars,Ship,Univ Bergen,"Skjelvan, I.",Norway
58G220220603,G.O. Sars,Ship,Univ Bergen,"Skjelvan, I.",Norway
58G220220611,G.O. Sars,Ship,Univ Bergen,"Skjelvan, I.",Norway
58G220220722,G.O. Sars,Ship,Univ Bergen,"Skjelvan, I.",Norway
58G220220815,G.O. Sars,Ship,Univ Bergen,"Skjelvan, I.",Norway
58G220220915,G.O. Sars,Ship,Univ Bergen,"Skjelvan, I.",Norway
58G220221014,G.O. Sars,Ship,Univ Bergen,"Skjelvan, I.",Norway
58G220221116,G.O. Sars,Ship,Univ Bergen,"Skjelvan, I.",Norway
58G220221205,G.O. Sars,Ship,Univ Bergen,"Skjelvan, I.",Norway
58G220230201,G.O. Sars,Ship,unassigned,"Skjelvan, I",Norway
58G220230312,G.O. Sars,Ship,unassigned,"Skjelvan, I",Norway
58G220230402,G.O. Sars,Ship,unassigned,"Skjelvan, I",Norway
58G220230426,G.O. Sars,Ship,unassigned,"Skjelvan, I",Norway
58G220230606,G.O. Sars,Ship,unassigned,"Skjelvan, I",Norway
58G220230702,G.O. Sars,Ship,unassigned,"Skjelvan, I",Norway
58G220230719,G.O. Sars,Ship,unassigned,"Skjelvan, I",Norway
58G220230803,G.O. Sars,Ship,unassigned,"Skjelvan, I",Norway
58G220230821,G.O. Sars,Ship,unassigned,"Skjelvan, I",Norway
58G220230922,G.O. Sars,Ship,unassigned,"Skjelvan, I",Norway
58G220231021,G.O. Sars,Ship,unassigned,"Skjelvan, I",Norway
58G220231116,G.O. Sars,Ship,unassigned,"Skjelvan, I",Norway
58G220240106,G.O. Sars,Ship,unassigned,"Skjelvan, I",Norway
58G220240122,G.O. Sars,Ship,unassigned,"Skjelvan, I",Norway
58G220240215,G.O. Sars,Ship,unassigned,"Skjelvan, I",Norway
58G220240229,G.O. Sars,Ship,unassigned,"Skjelvan, I",Norway
58G220240328,G.O. Sars,Ship,unassigned,"Skjelvan, I",Norway
58G220240423,G.O. Sars,Ship,unassigned,"Skjelvan, I",Norway
58G220240622,G.O. Sars,Ship,unassigned,"Skjelvan, I",Norway
58G220240718,G.O. Sars,Ship,unassigned,"Skjelvan, I",Norway
58G220240818,G.O. Sars,Ship,unassigned,"Skjelvan, I",Norway
58G220240917,G.O. Sars,Ship,unassigned,"Skjelvan, I",Norway
58G220241001,G.O. Sars,Ship,unassigned,"Skjelvan, I",Norway
58G220241018,G.O. Sars,Ship,unassigned,"Skjelvan, I",Norway
58G220241110,G.O. Sars,Ship,unassigned,"Skjelvan, I",Norway
58G220241118,G.O. Sars,Ship,unassigned,"Skjelvan, I",Norway
58G220241206,G.O. Sars,Ship,unassigned,"Skjelvan, I",Norway
58GS20050314,G.O. Sars,Ship,Univ Bergen,"Johannessen, T.",Norway
58GS20050509,G.O. Sars,Ship,Univ Bergen,"Johannessen, T.",Norway
58GS20050819,G.O. Sars,Ship,Univ Bergen,"Johannessen, T.",Norway
58GS20050901,G.O. Sars,Ship,Univ Bergen,"Johannessen, T.",Norway
58GS20051001,G.O. Sars,Ship,Univ Bergen,"Johannessen, T.",Norway
58GS20051029,G.O. Sars,Ship,Univ Bergen,"Johannessen, T.",Norway
58GS20060202,G.O. Sars,Ship,Univ Bergen,"Johannessen, T.",Norway
58GS20060301,G.O. Sars,Ship,Univ Bergen,"Johannessen, T.",Norway
58GS20060401,G.O. Sars,Ship,Univ Bergen,"Johannessen, T.",Norway
58GS20060501,G.O. Sars,Ship,Univ Bergen,"Johannessen, T.",Norway
58GS20060603,G.O. Sars,Ship,Univ Bergen,"Johannessen, T.",Norway
58GS20060721,G.O. Sars,Ship,Univ Bergen,"Johannessen, T.",Norway
58GS20060806,G.O. Sars,Ship,Univ Bergen,"Johannessen, T.",Norway
58GS20060921,G.O. Sars,Ship,Univ Bergen,"Johannessen, T.",Norway
58GS20061001,G.O. Sars,Ship,Univ Bergen,"Johannessen, T.",Norway
58GS20061101,G.O. Sars,Ship,Univ Bergen,"Johannessen, T.",Norway
58GS20061201,G.O. Sars,Ship,Univ Bergen,"Johannessen, T.",Norway
58GS20070212,G.O. Sars,Ship,Univ Bergen,"Johannessen, T.",Norway
58GS20070304,G.O. Sars,Ship,Univ Bergen,"Johannessen, T.",Norway
58GS20070321,G.O. Sars,Ship,Univ Bergen,"Johannessen, T.",Norway
58GS20070331,G.O. Sars,Ship,Univ Bergen,"Johannessen, T.",Norway
58GS20070427,G.O. Sars,Ship,Univ Bergen,"Johannessen, T.",Norway
58GS20070524,G.O. Sars,Ship,Univ Bergen,"Johannessen, T.",Norway
58GS20070603,G.O. Sars,Ship,Univ Bergen,"Johannessen, T.",Norway
58GS20070626,G.O. Sars,Ship,Univ Bergen,"Johannessen, T.",Norway
58GS20070722,G.O. Sars,Ship,Univ Bergen,"Johannessen, T.",Norway
58GS20070814,G.O. Sars,Ship,Univ Bergen,"Johannessen, T.",Norway
58GS20070913,G.O. Sars,Ship,Univ Bergen,"Johannessen, T.",Norway
58GS20071001,G.O. Sars,Ship,Univ Bergen,"Johannessen, T.",Norway
58GS20071013,G.O. Sars,Ship,Univ Bergen,"Johannessen, T.",Norway
58GS20071027,G.O. Sars,Ship,Univ Bergen,"Johannessen, T.",Norway
58GS20081113,G.O. Sars,Ship,Univ Bergen,"Johannessen, T.",Norway
58GS20090121,G.O. Sars,Ship,Univ Bergen,"Johannessen, T.",Norway
58GS20090205,G.O. Sars,Ship,Univ Bergen,"Johannessen, T.",Norway
58GS20090312,G.O. Sars,Ship,Univ Bergen,"Johannessen, T.",Norway
58GS20090402,G.O. Sars,Ship,Univ Bergen,"Johannessen, T.",Norway
58GS20090414,G.O. Sars,Ship,Univ Bergen,"Johannessen, T.",Norway
58GS20090529,G.O. Sars,Ship,Univ Bergen,"Johannessen, T.",Norway
58GS20090618,G.O. Sars,Ship,Univ Bergen,"Johannessen, T.",Norway
58GS20110429,G.O. Sars,Ship,Univ Bergen,"Johannessen, T.",Norway
58GS20110516,G.O. Sars,Ship,Univ Bergen,"Johannessen, T.",Norway
58GS20110611,G.O. Sars,Ship,Univ Bergen,"Johannessen, T.",Norway
58GS20110624,G.O. Sars,Ship,Univ Bergen,"Johannessen, T.",Norway
58GS20110721,G.O. Sars,Ship,Univ Bergen,"Johannessen, T.",Norway
58GS20111003,G.O. Sars,Ship,Univ Bergen,"Johannessen, T.",Norway
58GS20120301,G.O. Sars,Ship,Univ Bergen,"Lauvset, S.K.",Norway
58GS20120317,G.O. Sars,Ship,Univ Bergen,"Lauvset, S.K.",Norway
58GS20120702,G.O. Sars,Ship,Univ Bergen,"Lauvset, S.K.",Norway
58GS20120723,G.O. Sars,Ship,Univ Bergen,"Lauvset, S.K.",Norway
58GS20140708,G.O. Sars,Ship,Univ Bergen,"Lauvset, S.K.",Norway
58GS20140830,G.O. Sars,Ship,Univ Bergen,"Lauvset, S.K.",Norway
58GS20140906,G.O. Sars,Ship,Univ Bergen,"Lauvset, S.K.",Norway
58GS20141004,G.O. Sars,Ship,Univ Bergen,"Lauvset, S.K.",Norway
58GS20141027,G.O. Sars,Ship,Univ Bergen,"Lauvset, S.K.",Norway
58GS20150112,G.O. Sars,Ship,Univ Bergen,"Lauvset, S.K.",Norway
58GS20150410,G.O. Sars,Ship,Univ Bergen,"Lauvset, S.K. : Skjelvan, I.",Norway
58GS20150428,G.O. Sars,Ship,Univ Bergen,"Lauvset, S.K. : Skjelvan, I.",Norway
58GS20150630,G.O. Sars,Ship,Univ Bergen,"Lauvset, S.K. : Skjelvan, I.",Norway
58GS20150719,G.O. Sars,Ship,Univ Bergen,"Lauvset, S.K. : Skjelvan, I.",Norway
58GS20150818,G.O. Sars,Ship,Univ Bergen,"Lauvset, S.K. : Skjelvan, I.",Norway
58GS20150911,G.O. Sars,Ship,Univ Bergen,"Lauvset, S.K. : Skjelvan, I.",Norway
58GS20150929,G.O. Sars,Ship,Univ Bergen,"Lauvset, S.K. : Skjelvan, I.",Norway
58GS20151020,G.O. Sars,Ship,Univ Bergen,"Lauvset, S.K. : Skjelvan, I.",Norway
58GS20160220,G.O. Sars,Ship,Univ Bergen,"Skjelvan, I.",Norway
58GS20160304,G.O. Sars,Ship,Univ Bergen,"Skjelvan, I.",Norway
58GS20160312,G.O. Sars,Ship,Univ Bergen,"Skjelvan, I.",Norway
58GS20160411,G.O. Sars,Ship,Univ Bergen,"Skjelvan, I.",Norway
58GS20160604,G.O. Sars,Ship,Univ Bergen,"Skjelvan, I.",Norway
58GS20160619,G.O. Sars,Ship,Univ Bergen,"Skjelvan, I.",Norway
58GS20160721,G.O. Sars,Ship,Univ Bergen,"Skjelvan, I.",Norway
58GS20160802,G.O. Sars,Ship,Univ Bergen,"Skjelvan, I.",Norway
58GS20160817,G.O. Sars,Ship,Univ Bergen,"Skjelvan, I.",Norway
58GS20160913,G.O. Sars,Ship,Univ Bergen,"Skjelvan, I.",Norway
58GS20161005,G.O. Sars,Ship,Univ Bergen,"Skjelvan, I.",Norway
58GS20161113,G.O. Sars,Ship,Univ Bergen,"Skjelvan, I.",Norway
58GS20161124,G.O. Sars,Ship,Univ Bergen,"Skjelvan, I.",Norway
58GS20170208,G.O. Sars,Ship,Univ Bergen,"Skjelvan, I.",Norway
58GS20170410,G.O. Sars,Ship,Univ Bergen,"Skjelvan, I.",Norway
58GS20170422,G.O. Sars,Ship,Univ Bergen,"Skjelvan, I.",Norway
58GS20170504,G.O. Sars,Ship,Univ Bergen,"Skjelvan, I.",Norway
58GS20170622,G.O. Sars,Ship,Univ Bergen,"Skjelvan, I.",Norway
58GS20170816,G.O. Sars,Ship,Univ Bergen,"Skjelvan, I.",Norway
58GS20170828,G.O. Sars,Ship,Univ Bergen,"Skjelvan, I.",Norway
58GS20180202,G.O. Sars,Ship,Univ Bergen,"Skjelvan, I.",Norway
58GS20180206,G.O. Sars,Ship,Univ Bergen,"Skjelvan, I.",Norway
58GS20180321,G.O. Sars,Ship,Univ Bergen,"Skjelvan, I.",Norway
58GS20180501,G.O. Sars,Ship,Univ Bergen,"Skjelvan, I.",Norway
58GS20180607,G.O. Sars,Ship,Univ Bergen,"Skjelvan, I.",Norway
58GS20180728,G.O. Sars,Ship,Univ Bergen,"Skjelvan, I.",Norway
58GS20180907,G.O. Sars,Ship,Univ Bergen,"Skjelvan, I.",Norway
58GS20181010,G.O. Sars,Ship,Univ Bergen,"Skjelvan, I.",Norway
58GS20181024,G.O. Sars,Ship,Univ Bergen,"Skjelvan, I.",Norway
58GS20181112,G.O. Sars,Ship,Univ Bergen,"Skjelvan, I.",Norway
58GS20181124,G.O. Sars,Ship,Univ Bergen,"Skjelvan, I.",Norway
58GS20190407,G.O. Sars,Ship,Univ Bergen,"Skjelvan, I.",Norway
58GS20190430,G.O. Sars,Ship,Univ Bergen,"Skjelvan, I.",Norway
58GS20190608,G.O. Sars,Ship,Univ Bergen,"Skjelvan, I.",Norway
58GS20190706,G.O. Sars,Ship,Univ Bergen,"Skjelvan, I.",Norway
58GS20190711,G.O. Sars,Ship,Univ Bergen,"Skjelvan, I.",Norway
58GS20190718,G.O. Sars,Ship,Univ Bergen,"Skjelvan, I.",Norway
58GS20190724,G.O. Sars,Ship,Univ Bergen,"Skjelvan, I.",Norway
58GS20190813,G.O. Sars,Ship,Univ Bergen,"Skjelvan, I.",Norway
58GS20190919,G.O. Sars,Ship,Univ Bergen,"Skjelvan, I.",Norway
58GS20191011,G.O. Sars,Ship,Univ Bergen,"Skjelvan, I.",Norway
58GS20191121,G.O. Sars,Ship,Univ Bergen,"Skjelvan, I.",Norway
58GS20241027,G.O. Sars,Ship,unassigned,"Skjelvan, I",Norway
58JH19950505,Johan Hjort,Ship,Univ Bergen,"Skjelvan, I.",Norway
58JH19951108,Johan Hjort,Ship,Univ Bergen,"Skjelvan, I.",Norway
58JH19970509,Johan Hjort,Ship,Univ Bergen,"Skjelvan, I.",Norway
58JH20071115,Johan Hjort,Ship,Univ Bergen,"Olsen, A.",Norway
58JH20080412,Johan Hjort,Ship,Univ Bergen,"Olsen, A.",Norway
58LA20150112,Lance,Ship,Norwegian Polar Inst,"Fransson, A. : Chierici, M.",Norway
58LH20210820,Statsraad Lehmkuhl,Ship,Univ Bergen,"Becker, M.",Norway
58LH20211004,Statsraad Lehmkuhl,Ship,Univ Bergen,"Becker, M.",Norway
58LH20211128,Statsraad Lehmkuhl,Ship,Univ Bergen,"Becker, M.",Norway
58LH20220102,Statsraad Lehmkuhl,Ship,University of Bergen,"Becker, M. : Olsen, A.",Norway
58LH20220226,Statsraad Lehmkuhl,Ship,University of Bergen,"Becker, M. : Olsen, A.",Norway
58LH20220505,Statsraad Lehmkuhl,Ship,University of Bergen,"Becker, M. : Olsen, A.",Norway
58LH20220827,Statsraad Lehmkuhl,Ship,University of Bergen,"Becker, M. : Olsen, A.",Norway
58LH20221114,Statsraad Lehmkuhl,Ship,University of Bergen,"Becker, M. : Olsen, A.",Norway
58LH20230103,Statsraad Lehmkuhl,Ship,University of Bergen,"Becker, M. : Olsen, A.",Norway
58LH20230316,Statsraad Lehmkuhl,Ship,University of Bergen,"Becker, M. : Olsen, A.",Norway
58LY20130914,Lysbris Seaways,Ship,unassigned,"Macovei, V. : Voynova, Y. : Gehrung, M. : Petersen, W.",Germany
58LY20140201,Lysbris Seaways,Ship,unassigned,"Macovei, V. : Voynova, Y. : Gehrung, M. : Petersen, W.",Germany
58LY20141121,Lysbris Seaways,Ship,unassigned,"Macovei, V. : Voynova, Y. : Gehrung, M. : Petersen, W.",Germany
58LY20150221,Lysbris Seaways,Ship,unassigned,"Macovei, V. : Voynova, Y. : Gehrung, M. : Petersen, W.",Germany
58LY20150620,Lysbris Seaways,Ship,unassigned,"Macovei, V. : Voynova, Y. : Gehrung, M. : Petersen, W.",Germany
58LY20151211,Lysbris Seaways,Ship,unassigned,"Macovei, V. : Voynova, Y. : Gehrung, M. : Petersen, W.",Germany
58LY20161217,Lysbris Seaways,Ship,unassigned,"Macovei, V. : Voynova, Y. : Gehrung, M. : Petersen, W.",Germany
58LY20170407,Lysbris Seaways,Ship,unassigned,"Macovei, V. : Voynova, Y. : Gehrung, M. : Petersen, W.",Germany
58LY20180202,Lysbris Seaways,Ship,unassigned,"Macovei, V. : Voynova, Y. : Gehrung, M. : Petersen, W.",Germany
58LY20190119,Lysbris Seaways,Ship,unassigned,"Macovei, V. : Voynova, Y. : Gehrung, M. : Petersen, W.",Germany
58LY20190730,Lysbris Seaways,Ship,unassigned,"Macovei, V. : Voynova, Y. : Gehrung, M. : Petersen, W.",Germany
58LY20191217,Lysbris Seaways,Ship,unassigned,"Macovei, V. : Voynova, Y. : Gehrung, M. : Petersen, W.",Germany
58LY20210912,Lysbris Seaways,Ship,unassigned,"Macovei, V. : Voynova, Y. : Gehrung, M. : Petersen, W.",Germany
58LY20211112,Lysbris Seaways,Ship,unassigned,"Macovei, V. : Voynova, Y. : Gehrung, M. : Petersen, W.",Germany
58LY20211214,Lysbris Seaways,Ship,unassigned,"Macovei, V. : Voynova, Y. : Gehrung, M. : Petersen, W.",Germany
58LY20221108,Lysbris Seaways,Ship-of-Opportunity,unassigned,"Macovei, V. : Voynova, Y. : Gehrung, M. : Petersen, W.",Germany
58LY20221230,Lysbris Seaways,Ship-of-Opportunity,unassigned,"Macovei, V. : Voynova, Y. : Gehrung, M. : Petersen, W.",Germany
58LY20230225,Lysbris Seaways,Ship-of-Opportunity,unassigned,"Macovei, V. : Voynova, Y. : Gehrung, M. : Petersen, W.",Germany
58LY20230426,Lysbris Seaways,Ship-of-Opportunity,unassigned,"Macovei, V. : Voynova, Y. : Gehrung, M. : Petersen, W.",Germany
58LY20230701,Lysbris Seaways,Ship-of-Opportunity,unassigned,"Macovei, V. : Voynova, Y. : Gehrung, M. : Petersen, W.",Germany
58LY20230829,Lysbris Seaways,Ship-of-Opportunity,unassigned,"Macovei, V. : Voynova, Y. : Gehrung, M. : Petersen, W.",Germany
58NC20060216,Norcliff,Ship,Univ Bergen,"Omar, A.",Norway
58NC20060328,Norcliff,Ship,Univ Bergen,"Omar, A.",Norway
58NC20060411,Norcliff,Ship,Univ Bergen,"Omar, A.",Norway
58NC20060418,Norcliff,Ship,Univ Bergen,"Omar, A.",Norway
58NC20060424,Norcliff,Ship,Univ Bergen,"Omar, A.",Norway
58NC20060501,Norcliff,Ship,Univ Bergen,"Omar, A.",Norway
58NC20060508,Norcliff,Ship,Univ Bergen,"Omar, A.",Norway
58NC20060515,Norcliff,Ship,Univ Bergen,"Omar, A.",Norway
58NC20060524,Norcliff,Ship,Univ Bergen,"Omar, A.",Norway
58NC20060529,Norcliff,Ship,Univ Bergen,"Omar, A.",Norway
58NC20060605,Norcliff,Ship,Univ Bergen,"Omar, A.",Norway
58NC20060612,Norcliff,Ship,Univ Bergen,"Omar, A.",Norway
58NC20060619,Norcliff,Ship,Univ Bergen,"Omar, A.",Norway
58NC20060626,Norcliff,Ship,Univ Bergen,"Omar, A.",Norway
58NC20060703,Norcliff,Ship,Univ Bergen,"Omar, A.",Norway
58NC20060711,Norcliff,Ship,Univ Bergen,"Omar, A.",Norway
58NC20060717,Norcliff,Ship,Univ Bergen,"Omar, A.",Norway
58NC20060809,Norcliff,Ship,Univ Bergen,"Omar, A.",Norway
58NC20060816,Norcliff,Ship,Univ Bergen,"Omar, A.",Norway
58NC20060823,Norcliff,Ship,Univ Bergen,"Omar, A.",Norway
58PF20060908,M/V Polarfront,Ship,Univ Bergen,"Skjelvan, I.",Norway
58PF20061004,M/V Polarfront,Ship,Univ Bergen,"Skjelvan, I.",Norway
58PF20061101,M/V Polarfront,Ship,Univ Bergen,"Skjelvan, I.",Norway
58PF20061129,M/V Polarfront,Ship,Univ Bergen,"Skjelvan, I.",Norway
58PF20061222,M/V Polarfront,Ship,Univ Bergen,"Skjelvan, I.",Norway
58PF20061227,M/V Polarfront,Ship,Univ Bergen,"Skjelvan, I.",Norway
58PF20070124,M/V Polarfront,Ship,Univ Bergen,"Skjelvan, I.",Norway
58PF20070221,M/V Polarfront,Ship,Univ Bergen,"Skjelvan, I.",Norway
58PF20070321,M/V Polarfront,Ship,Univ Bergen,"Skjelvan, I.",Norway
58PF20070418,M/V Polarfront,Ship,Univ Bergen,"Skjelvan, I.",Norway
58PF20070517,M/V Polarfront,Ship,Univ Bergen,"Skjelvan, I.",Norway
58PF20070613,M/V Polarfront,Ship,Univ Bergen,"Skjelvan, I.",Norway
58PF20070711,M/V Polarfront,Ship,Univ Bergen,"Skjelvan, I.",Norway
58PF20070808,M/V Polarfront,Ship,Univ Bergen,"Skjelvan, I.",Norway
58PF20070913,M/V Polarfront,Ship,Univ Bergen,"Skjelvan, I.",Norway
58PF20071003,M/V Polarfront,Ship,Univ Bergen,"Skjelvan, I.",Norway
58PF20071101,M/V Polarfront,Ship,Univ Bergen,"Skjelvan, I.",Norway
58PF20071128,M/V Polarfront,Ship,Univ Bergen,"Skjelvan, I.",Norway
58PF20071227,M/V Polarfront,Ship,Univ Bergen,"Skjelvan, I.",Norway
58PF20080101,M/V Polarfront,Ship,Univ Bergen,"Skjelvan, I.",Norway
58PF20080125,M/V Polarfront,Ship,Univ Bergen,"Skjelvan, I.",Norway
58PF20080222,M/V Polarfront,Ship,Univ Bergen,"Skjelvan, I.",Norway
58PF20080319,M/V Polarfront,Ship,Univ Bergen,"Skjelvan, I.",Norway
58PF20080416,M/V Polarfront,Ship,Univ Bergen,"Skjelvan, I.",Norway
58PF20080514,M/V Polarfront,Ship,Univ Bergen,"Skjelvan, I.",Norway
58PF20080611,M/V Polarfront,Ship,Univ Bergen,"Skjelvan, I.",Norway
58PF20080709,M/V Polarfront,Ship,Univ Bergen,"Skjelvan, I.",Norway
58PF20080806,M/V Polarfront,Ship,Univ Bergen,"Skjelvan, I.",Norway
58PF20081004,M/V Polarfront,Ship,Univ Bergen,"Skjelvan, I.",Norway
58PF20081029,M/V Polarfront,Ship,Univ Bergen,"Skjelvan, I.",Norway
58PF20081128,M/V Polarfront,Ship,Univ Bergen,"Skjelvan, I.",Norway
58PF20081229,M/V Polarfront,Ship,Univ Bergen,"Skjelvan, I.",Norway
58PF20090101,M/V Polarfront,Ship,Univ Bergen,"Skjelvan, I.",Norway
58PF20090128,M/V Polarfront,Ship,Univ Bergen,"Skjelvan, I.",Norway
58PF20090225,M/V Polarfront,Ship,Univ Bergen,"Skjelvan, I.",Norway
58PF20090421,M/V Polarfront,Ship,Univ Bergen,"Skjelvan, I.",Norway
58PF20090519,M/V Polarfront,Ship,Univ Bergen,"Skjelvan, I.",Norway
58PF20090616,M/V Polarfront,Ship,Univ Bergen,"Skjelvan, I.",Norway
58PF20090714,M/V Polarfront,Ship,Univ Bergen,"Skjelvan, I.",Norway
58PF20090811,M/V Polarfront,Ship,Univ Bergen,"Skjelvan, I.",Norway
58PF20090916,M/V Polarfront,Ship,Univ Bergen,"Skjelvan, I.",Norway
58PF20090928,M/V Polarfront,Ship,Univ Bergen,"Skjelvan, I.",Norway
58PF20091006,M/V Polarfront,Ship,Univ Bergen,"Skjelvan, I.",Norway
58PF20091103,M/V Polarfront,Ship,Univ Bergen,"Skjelvan, I.",Norway
58SC19950329,Skaugran,Ship,NIES Japan,"Nojiri, Y.",Japan
58SC19950422,Skaugran,Ship,NIES Japan,"Nojiri, Y.",Japan
58SC19950518,Skaugran,Ship,NIES Japan,"Nojiri, Y.",Japan
58SC19950605,Skaugran,Ship,NIES Japan,"Nojiri, Y.",Japan
58SC19950624,Skaugran,Ship,NIES Japan,"Nojiri, Y.",Japan
58SC19950711,Skaugran,Ship,NIES Japan,"Nojiri, Y.",Japan
58SC19950803,Skaugran,Ship,NIES Japan,"Nojiri, Y.",Japan
58SC19950820,Skaugran,Ship,NIES Japan,"Nojiri, Y.",Japan
58SC19950912,Skaugran,Ship,NIES Japan,"Nojiri, Y.",Japan
58SC19950930,Skaugran,Ship,NIES Japan,"Nojiri, Y.",Japan
58SC19951021,Skaugran,Ship,NIES Japan,"Nojiri, Y.",Japan
58SC19951111,Skaugran,Ship,NIES Japan,"Nojiri, Y.",Japan
58SC19951201,Skaugran,Ship,NIES Japan,"Nojiri, Y.",Japan
58SC19951220,Skaugran,Ship,NIES Japan,"Nojiri, Y.",Japan
58SC19960111,Skaugran,Ship,NIES Japan,"Nojiri, Y.",Japan
58SC19960128,Skaugran,Ship,NIES Japan,"Nojiri, Y.",Japan
58SC19960219,Skaugran,Ship,NIES Japan,"Nojiri, Y.",Japan
58SC19960306,Skaugran,Ship,NIES Japan,"Nojiri, Y.",Japan
58SC19960330,Skaugran,Ship,NIES Japan,"Nojiri, Y.",Japan
58SC19960424,Skaugran,Ship,NIES Japan,"Nojiri, Y.",Japan
58SC19960518,Skaugran,Ship,NIES Japan,"Nojiri, Y.",Japan
58SC19960603,Skaugran,Ship,NIES Japan,"Nojiri, Y.",Japan
58SC19960712,Skaugran,Ship,NIES Japan,"Nojiri, Y.",Japan
58SC19960730,Skaugran,Ship,NIES Japan,"Nojiri, Y.",Japan
58SC19960821,Skaugran,Ship,NIES Japan,"Nojiri, Y.",Japan
58SC19960907,Skaugran,Ship,NIES Japan,"Nojiri, Y.",Japan
58SC19960927,Skaugran,Ship,NIES Japan,"Nojiri, Y.",Japan
58SC19961017,Skaugran,Ship,NIES Japan,"Nojiri, Y.",Japan
58SC19961128,Skaugran,Ship,NIES Japan,"Nojiri, Y.",Japan
58SC19961227,Skaugran,Ship,NIES Japan,"Nojiri, Y.",Japan
58SC19970117,Skaugran,Ship,NIES Japan,"Nojiri, Y.",Japan
58SC19970210,Skaugran,Ship,NIES Japan,"Nojiri, Y.",Japan
58SC19970309,Skaugran,Ship,NIES Japan,"Nojiri, Y.",Japan
58SC19970405,Skaugran,Ship,NIES Japan,"Nojiri, Y.",Japan
58SC19970501,Skaugran,Ship,NIES Japan,"Nojiri, Y.",Japan
58SC19970526,Skaugran,Ship,NIES Japan,"Nojiri, Y.",Japan
58SC19970614,Skaugran,Ship,NIES Japan,"Nojiri, Y.",Japan
58SC19970708,Skaugran,Ship,NIES Japan,"Nojiri, Y.",Japan
58SC19970803,Skaugran,Ship,NIES Japan,"Nojiri, Y.",Japan
58SC19970829,Skaugran,Ship,NIES Japan,"Nojiri, Y.",Japan
58SC19970925,Skaugran,Ship,NIES Japan,"Nojiri, Y.",Japan
58SC19971020,Skaugran,Ship,NIES Japan,"Nojiri, Y.",Japan
58SC19971114,Skaugran,Ship,NIES Japan,"Nojiri, Y.",Japan
58SC19971219,Skaugran,Ship,NIES Japan,"Nojiri, Y.",Japan
58SC19980103,Skaugran,Ship,NIES Japan,"Nojiri, Y.",Japan
58SC19980120,Skaugran,Ship,NIES Japan,"Nojiri, Y.",Japan
58SC19980210,Skaugran,Ship,NIES Japan,"Nojiri, Y.",Japan
58SC19980319,Skaugran,Ship,NIES Japan,"Nojiri, Y.",Japan
58SC19980401,Skaugran,Ship,NIES Japan,"Nojiri, Y.",Japan
58SC19980418,Skaugran,Ship,NIES Japan,"Nojiri, Y.",Japan
58SC19980503,Skaugran,Ship,NIES Japan,"Nojiri, Y.",Japan
58SC19980520,Skaugran,Ship,NIES Japan,"Nojiri, Y.",Japan
58SC19980611,Skaugran,Ship,NIES Japan,"Nojiri, Y.",Japan
58SC19980626,Skaugran,Ship,NIES Japan,"Nojiri, Y.",Japan
58SC19980708,Skaugran,Ship,NIES Japan,"Nojiri, Y.",Japan
58SC19980725,Skaugran,Ship,NIES Japan,"Nojiri, Y.",Japan
58SC19980815,Skaugran,Ship,NIES Japan,"Nojiri, Y.",Japan
58SC19980907,Skaugran,Ship,NIES Japan,"Nojiri, Y.",Japan
58SC19980925,Skaugran,Ship,NIES Japan,"Nojiri, Y.",Japan
58SC19981012,Skaugran,Ship,NIES Japan,"Nojiri, Y.",Japan
58SC19981030,Skaugran,Ship,NIES Japan,"Nojiri, Y.",Japan
58SC19981116,Skaugran,Ship,NIES Japan,"Nojiri, Y.",Japan
58SC19981204,Skaugran,Ship,NIES Japan,"Nojiri, Y.",Japan
58SC19981226,Skaugran,Ship,NIES Japan,"Nojiri, Y.",Japan
58SC19990121,Skaugran,Ship,NIES Japan,"Nojiri, Y.",Japan
58SC19990213,Skaugran,Ship,NIES Japan,"Nojiri, Y.",Japan
58SC19990305,Skaugran,Ship,NIES Japan,"Nojiri, Y.",Japan
58SC19990520,Skaugran,Ship,NIES Japan,"Nojiri, Y.",Japan
58SC19990623,Skaugran,Ship,NIES Japan,"Nojiri, Y.",Japan
58SC19990715,Skaugran,Ship,NIES Japan,"Nojiri, Y.",Japan
58SC19990910,Skaugran,Ship,NIES Japan,"Nojiri, Y.",Japan
58US20181201,Kronprins Haakon,Ship,Norwegian Polar Inst,"Fransson, A.",Norway
58US20190112,Kronprins Haakon,Ship,Norwegian Polar Inst,"Fransson, A.",Norway
58US20190228,Kronprins Haakon,Ship,"NPI, IMR, NPI","Fransson, A. : Chierici, M. : Ericson, Y.",Norway
58US20190418,Kronprins Haakon,Ship,Norwegian Polar Inst,"Fransson, A.",Norway
58US20190701,Kronprins Haakon,Ship,"Norwegian Polar Institute, Norway","Fransson, A.",Norway
61MU20040126,Munida,Ship,NIWA,"Currie, K.I.",New Zealand
61MU20040728,Munida,Ship,NIWA,"Currie, K.I.",New Zealand
61MU20050120,Munida,Ship,NIWA,"Currie, K.I.",New Zealand
61MU20050314,Munida,Ship,NIWA,"Currie, K.I.",New Zealand
61P220040303,Polaris II,Ship,NIWA,"Currie, K.I.",New Zealand
61P220040323,Polaris II,Ship,NIWA,"Currie, K.I.",New Zealand
61P220040510,Polaris II,Ship,NIWA,"Currie, K.I.",New Zealand
61P220040912,Polaris II,Ship,NIWA,"Currie, K.I.",New Zealand
61P220041107,Polaris II,Ship,NIWA,"Currie, K.I.",New Zealand
61P220050523,Polaris II,Ship,NIWA,"Currie, K.I.",New Zealand
61P220050725,Polaris II,Ship,NIWA,"Currie, K.I.",New Zealand
61P220050913,Polaris II,Ship,NIWA,"Currie, K.I.",New Zealand
61P220060126,Polaris II,Ship,NIWA,"Currie, K.I.",New Zealand
61P220060321,Polaris II,Ship,NIWA,"Currie, K.I.",New Zealand
61P220060829,Polaris II,Ship,NIWA,"Currie, K.I.",New Zealand
61P220061024,Polaris II,Ship,NIWA,"Currie, K.I.",New Zealand
61TG19990202,Tangaroa,Ship,Univ East Anglia,"Bakker, D.",UK
61TG20130202,Tangaroa,Ship,NIWA,"Currie, K.I.",New Zealand
61TG20130604,Tangaroa,Ship,NIWA,"Currie, K.I.",New Zealand
61TG20130701,Tangaroa,Ship,NIWA,"Currie, K.I.",New Zealand
61TG20130725,Tangaroa,Ship,NIWA,"Currie, K.I.",New Zealand
61TG20130827,Tangaroa,Ship,NIWA,"Currie, K.I.",New Zealand
61TG20130925,Tangaroa,Ship,NIWA,"Currie, K.I.",New Zealand
61TG20131007,Tangaroa,Ship,NIWA,"Currie, K.I.",New Zealand
61TG20131101,Tangaroa,Ship,NIWA,"Currie, K.I.",New Zealand
61TG20131117,Tangaroa,Ship,NIWA,"Currie, K.I.",New Zealand
61TG20140203,Tangaroa,Ship,NIWA,"Currie, K.I.",New Zealand
61TG20140926,Tangaroa,Ship,NIWA,"Currie, K.I.",New Zealand
61TG20150124,Tangaroa,Ship,NIWA,"Currie, K.I.",New Zealand
61TG20150327,Tangaroa,Ship,NIWA,"Currie, K.I.",New Zealand
61TG20150416,Tangaroa,Ship,NIWA,"Currie, K.I.",New Zealand
61TG20150423,Tangaroa,Ship,NIWA,"Currie, K.I.",New Zealand
61TG20150503,Tangaroa,Ship,NIWA,"Currie, K.I.",New Zealand
61TG20150523,Tangaroa,Ship,NIWA,"Currie, K.I.",New Zealand
61TG20150704,Tangaroa,Ship,NIWA,"Currie, K.I.",New Zealand
61TG20150804,Tangaroa,Ship,NIWA,"Currie, K.I.",New Zealand
61TG20150905,Tangaroa,Ship,NIWA,"Currie, K.I.",New Zealand
61TG20151012,Tangaroa,Ship,NIWA,"Currie, K.I.",New Zealand
61TG20151028,Tangaroa,Ship,NIWA,"Currie, K.I.",New Zealand
61TG20151124,Tangaroa,Ship,NIWA,"Currie, K.I.",New Zealand
61TG20151203,Tangaroa,Ship,NIWA,"Currie, K.I.",New Zealand
61TG20160102,Tangaroa,Ship,NIWA,"Currie, K.I.",New Zealand
61TG20160204,Tangaroa,Ship,NIWA,"Currie, K.I.",New Zealand
61TG20160509,Tangaroa,Ship,NIWA,"Currie, K.I.",New Zealand
61TG20160607,Tangaroa,Ship,NIWA,"Currie, K.I.",New Zealand
61TG20160618,Tangaroa,Ship,NIWA,"Currie, K.I.",New Zealand
61TG20160630,Tangaroa,Ship,NIWA,"Currie, K.I.",New Zealand
61TG20160826,Tangaroa,Ship,NIWA,"Currie, K.I.",New Zealand
61TG20160926,Tangaroa,Ship,NIWA,"Currie, K.I.",New Zealand
61TG20161018,Tangaroa,Ship,NIWA,"Currie, K.I.",New Zealand
61TG20161108,Tangaroa,Ship,NIWA,"Currie, K.I.",New Zealand
61TG20161124,Tangaroa,Ship,NIWA,"Currie, K.I.",New Zealand
61TG20170104,Tangaroa,Ship,NIWA,"Currie, K.I.",New Zealand
61TG20170314,Tangaroa,Ship,NIWA,"Currie, K.I.",New Zealand
61TG20170406,Tangaroa,Ship,NIWA,"Currie, K.I.",New Zealand
61TG20170509,Tangaroa,Ship,NIWA,"Currie, K.I.",New Zealand
61TG20170622,Tangaroa,Ship,NIWA,"Currie, K.I.",New Zealand
61TG20170709,Tangaroa,Ship,NIWA,"Currie, K.I.",New Zealand
61TG20170902,Tangaroa,Ship,NIWA,"Currie, K.I.",New Zealand
61TG20170919,Tangaroa,Ship,NIWA,"Currie, K.I.",New Zealand
61TG20171020,Tangaroa,Ship,NIWA,"Currie, K.I.",New Zealand
61TG20171123,Tangaroa,Ship,NIWA,"Currie, K.I.",New Zealand
61TG20171215,Tangaroa,Ship,NIWA,"Currie, K.I.",New Zealand
61TG20180103,Tangaroa,Ship,NIWA,"Currie, K.I.",New Zealand
61TG20180205,Tangaroa,Ship,NIWA,"Currie, K.I.",New Zealand
61TG20180327,Tangaroa,Ship,NIWA,"Currie, K.I.",New Zealand
61TG20180411,Tangaroa,Ship,NIWA,"Currie, K.I.",New Zealand
61TG20180510,Tangaroa,Ship,NIWA,"Currie, K.I.",New Zealand
61TG20180702,Tangaroa,Ship,NIWA,"Currie, K.I.",New Zealand
61TG20180724,Tangaroa,Ship,NIWA,"Currie, K.I.",New Zealand
61TG20180908,Tangaroa,Ship,NIWA,"Currie, K.I.",New Zealand
61TG20181021,Tangaroa,Ship,NIWA,"Currie, K.I.",New Zealand
61TG20181123,Tangaroa,Ship,NIWA,"Currie, K.I.",New Zealand
61TG20190109,Tangaroa,Ship,NIWA,"Currie, K.I.",New Zealand
61TG20190228,Tangaroa,Ship,NIWA,"Currie, K.I.",New Zealand
61TG20190328,Tangaroa,Ship,NIWA,"Currie, K.I.",New Zealand
61TG20190610,Tangaroa,Ship,NIWA,"Currie, K.I.",New Zealand
61TG20190702,Tangaroa,Ship,NIWA,"Currie, K.I.",New Zealand
61TG20190724,Tangaroa,Ship,NIWA,"Currie, K.I.",New Zealand
61TG20190828,Tangaroa,Ship,NIWA,"Currie, K.I.",New Zealand
61TG20191022,Tangaroa,Ship,NIWA,"Currie, K.I.",New Zealand
61TG20191029,Tangaroa,Ship,NIWA,"Currie, K.I.",New Zealand
61TG20191111,Tangaroa,Ship,NIWA,"Currie, K.I.",New Zealand
61TG20191209,Tangaroa,Ship,NIWA,"Currie, K.I.",New Zealand
61TG20200103,Tangaroa,Ship,NIWA,"Currie, K.I.",New Zealand
61TG20200210,Tangaroa,Ship,NIWA,"Currie, K.I.",New Zealand
61TG20200316,Tangaroa,Ship,NIWA,"Currie, K.I.",New Zealand
61TG20200516,Tangaroa,Ship,NIWA,"Currie, K.I.",New Zealand
61TG20200608,Tangaroa,Ship,NIWA,"Currie, K.I.",New Zealand
61TG20200625,Tangaroa,Ship,NIWA,"Currie, K.I.",New Zealand
61TG20200722,Tangaroa,Ship,NIWA,"Currie, K.I.",New Zealand
61TG20200731,Tangaroa,Ship,NIWA,"Currie, K.I.",New Zealand
61TG20200828,Tangaroa,Ship,NIWA,"Currie, K.I.",New Zealand
61TG20200930,Tangaroa,Ship,NIWA,"Currie, K.I.",New Zealand
61TG20201101,Tangaroa,Ship,NIWA,"Currie, K.I.",New Zealand
61TG20201114,Tangaroa,Ship,NIWA,"Currie, K.I.",New Zealand
61TG20201125,Tangaroa,Ship,NIWA,"Currie, K.I.",New Zealand
61TG20210227,Tangaroa,Ship,NIWA,"Currie, K.I.",New Zealand
61TG20210308,Tangaroa,Ship,NIWA,"Currie, K.I.",New Zealand
61TG20230115,Tangaroa,Ship,NIWA,"Currie, K.I.",New Zealand
61TG20230306,Tangaroa,Ship,NIWA,"Currie, K.I.",New Zealand
61TG20230322,Tangaroa,Ship,NIWA,"Currie, K.I.",New Zealand
61TG20230331,Tangaroa,Ship,NIWA,"Currie, K.I.",New Zealand
61TG20230414,Tangaroa,Ship,NIWA,"Currie, K.I.",New Zealand
61TG20230524,Tangaroa,Ship,NIWA,"Currie, K.I.",New Zealand
61TG20230619,Tangaroa,Ship,NIWA,"Currie, K.I.",New Zealand
61TG20230701,Tangaroa,Ship,NIWA,"Currie, K.I.",New Zealand
61TG20230724,Tangaroa,Ship,NIWA,"Currie, K.I.",New Zealand
61TG20230801,Tangaroa,Ship,NIWA,"Currie, K.I.",New Zealand
61TG20230819,Tangaroa,Ship,NIWA,"Currie, K.I.",New Zealand
61TG20231002,Tangaroa,Ship,NIWA,"Currie, K.I.",New Zealand
61TG20231012,Tangaroa,Ship,NIWA,"Currie, K.I.",New Zealand
61TG20231028,Tangaroa,Ship,NIWA,"Currie, K.I.",New Zealand
61TG20231120,Tangaroa,Ship,NIWA,"Currie, K.I.",New Zealand
61TG20231204,Tangaroa,Ship,NIWA,"Currie, K.I.",New Zealand
61TG20240104,Tangaroa,Ship,NIWA,"Currie, K.I.",New Zealand
61TG20240207,Tangaroa,Ship,NIWA,"Currie, K.I.",New Zealand
61TG20240229,Tangaroa,Ship,NIWA,"Currie, K.I.",New Zealand
61TG20240327,Tangaroa,Ship,NIWA,van de Velde S.,New Zealand
61TG20240515,Tangaroa,Ship,NIWA,van de Velde S.,New Zealand
61TG20240615,Tangaroa,Ship,NIWA,van de Velde S.,New Zealand
61TG20240721,Tangaroa,Ship,NIWA,van de Velde S.,New Zealand
61TG20240816,Tangaroa,Ship,NIWA,van de Velde S.,New Zealand
61TG20240904,Tangaroa,Ship,NIWA,van de Velde S.,New Zealand
61TG20240919,Tangaroa,Ship,NIWA,van de Velde S.,New Zealand
61TG20241005,Tangaroa,Ship,NIWA,van de Velde S.,New Zealand
642B20080308,Benguela Stream,Ship,Univ East Anglia,"Schuster, U. : Watson, A.J.",UK
642B20080514,Benguela Stream,Ship,Univ East Anglia,"Schuster, U. : Watson, A.J.",UK
642B20080531,Benguela Stream,Ship,Univ East Anglia,"Schuster, U. : Watson, A.J.",UK
642B20080611,Benguela Stream,Ship,Univ East Anglia,"Schuster, U. : Watson, A.J.",UK
642B20080628,Benguela Stream,Ship,Univ East Anglia,"Schuster, U. : Watson, A.J.",UK
642B20080709,Benguela Stream,Ship,Univ East Anglia,"Schuster, U. : Watson, A.J.",UK
642B20080726,Benguela Stream,Ship,Univ East Anglia,"Schuster, U. : Watson, A.J.",UK
642B20080806,Benguela Stream,Ship,Univ East Anglia,"Schuster, U. : Watson, A.J.",UK
642B20080823,Benguela Stream,Ship,Univ East Anglia,"Schuster, U. : Watson, A.J.",UK
642B20080920,Benguela Stream,Ship,Univ East Anglia,"Schuster, U. : Watson, A.J.",UK
642B20081001,Benguela Stream,Ship,Univ East Anglia,"Schuster, U. : Watson, A.J.",UK
642B20081018,Benguela Stream,Ship,Univ East Anglia,"Schuster, U. : Watson, A.J.",UK
642B20081029,Benguela Stream,Ship,Univ East Anglia,"Schuster, U. : Watson, A.J.",UK
642B20081115,Benguela Stream,Ship,Univ East Anglia,"Schuster, U. : Watson, A.J.",UK
642B20081126,Benguela Stream,Ship,Univ East Anglia,"Schuster, U. : Watson, A.J.",UK
642B20081224,Benguela Stream,Ship,Univ East Anglia,"Schuster, U. : Watson, A.J.",UK
642B20090110,Benguela Stream,Ship,Univ East Anglia,"Schuster, U. : Watson, A.J.",UK
642B20090121,Benguela Stream,Ship,Univ East Anglia,"Schuster, U. : Watson, A.J.",UK
642B20090207,Benguela Stream,Ship,Univ East Anglia,"Schuster, U. : Watson, A.J.",UK
642B20090218,Benguela Stream,Ship,Univ East Anglia,"Schuster, U. : Watson, A.J.",UK
642B20090307,Benguela Stream,Ship,Univ East Anglia,"Schuster, U. : Watson, A.J.",UK
642B20090318,Benguela Stream,Ship,Univ East Anglia,"Schuster, U. : Watson, A.J.",UK
642B20090404,Benguela Stream,Ship,Univ East Anglia,"Schuster, U. : Watson, A.J.",UK
642B20090415,Benguela Stream,Ship,Univ East Anglia,"Schuster, U. : Watson, A.J.",UK
642B20090502,Benguela Stream,Ship,Univ East Anglia,"Schuster, U. : Watson, A.J.",UK
642B20090513,Benguela Stream,Ship,Univ East Anglia,"Schuster, U. : Watson, A.J.",UK
642B20090610,Benguela Stream,Ship,Univ East Anglia,"Schuster, U. : Watson, A.J.",UK
642B20090627,Benguela Stream,Ship,Univ East Anglia,"Schuster, U. : Watson, A.J.",UK
642B20090805,Benguela Stream,Ship,Univ East Anglia,"Schuster, U. : Watson, A.J.",UK
642B20090822,Benguela Stream,Ship,Univ East Anglia,"Schuster, U. : Watson, A.J.",UK
642B20090902,Benguela Stream,Ship,Univ East Anglia,"Schuster, U. : Watson, A.J.",UK
642B20090919,Benguela Stream,Ship,Univ East Anglia,"Schuster, U. : Watson, A.J.",UK
642B20090930,Benguela Stream,Ship,Univ East Anglia,"Schuster, U. : Watson, A.J.",UK
642B20091125,Benguela Stream,Ship,Univ East Anglia,"Schuster, U. : Watson, A.J.",UK
642B20091212,Benguela Stream,Ship,Univ East Anglia,"Schuster, U. : Watson, A.J.",UK
642B20091224,Benguela Stream,Ship,Univ East Anglia,"Schuster, U. : Watson, A.J.",UK
642B20100109,Benguela Stream,Ship,Univ East Anglia,"Schuster, U. : Watson, A.J.",UK
642B20100120,Benguela Stream,Ship,Univ East Anglia,"Schuster, U. : Watson, A.J.",UK
642B20100317,Benguela Stream,Ship,Univ East Anglia,"Schuster, U. : Watson, A.J.",UK
642B20100403,Benguela Stream,Ship,Univ East Anglia,"Schuster, U. : Watson, A.J.",UK
642B20100512,Benguela Stream,Ship,Univ East Anglia,"Schuster, U. : Watson, A.J.",UK
642B20101027,Benguela Stream,Ship,Univ East Anglia,"Schuster, U. : Watson, A.J.",UK
642B20101124,Benguela Stream,Ship,Univ East Anglia,"Schuster, U. : Watson, A.J.",UK
642B20101211,Benguela Stream,Ship,Univ East Anglia,"Schuster, U. : Watson, A.J.",UK
642B20101223,Benguela Stream,Ship,Univ East Anglia,"Schuster, U. : Watson, A.J.",UK
642B20110305,Benguela Stream,Ship,Univ East Anglia,"Schuster, U.",UK
642B20110316,Benguela Stream,Ship,Univ East Anglia,"Schuster, U.",UK
642B20110511,Benguela Stream,Ship,Univ East Anglia,"Schuster, U.",UK
642B20110528,Benguela Stream,Ship,Univ East Anglia,"Schuster, U.",UK
642B20110608,Benguela Stream,Ship,Univ East Anglia,"Schuster, U.",UK
642B20110625,Benguela Stream,Ship,Univ East Anglia,"Schuster, U.",UK
642B20110723,Benguela Stream,Ship,Univ East Anglia,"Schuster, U.",UK
642B20110803,Benguela Stream,Ship,Univ East Anglia,"Schuster, U.",UK
642B20120107,Benguela Stream,Ship,Univ East Anglia,"Schuster, U.",UK
642B20120205,Benguela Stream,Ship,Univ East Anglia,"Schuster, U.",UK
642B20120317,Benguela Stream,Ship,Univ East Anglia,"Schuster, U.",UK
642B20120411,Benguela Stream,Ship,Univ East Anglia,"Schuster, U.",UK
642B20120926,Benguela Stream,Ship,Univ East Anglia,"Schuster, U.",UK
642B20121024,Benguela Stream,Ship,Univ East Anglia,"Schuster, U.",UK
642B20121121,Benguela Stream,Ship,Univ East Anglia,"Schuster, U.",UK
642B20121212,Benguela Stream,Ship,Univ East Anglia,"Schuster, U.",UK
642B20121220,Benguela Stream,Ship,Univ East Anglia,"Schuster, U.",UK
642B20130108,Benguela Stream,Ship,Univ East Anglia,"Schuster, U.",UK
642B20130116,Benguela Stream,Ship,Univ East Anglia,"Schuster, U.",UK
642B20130202,Benguela Stream,Ship,Univ East Anglia,"Schuster, U.",UK
642B20130214,Benguela Stream,Ship,Univ East Anglia,"Schuster, U.",UK
642B20130302,Benguela Stream,Ship,Univ East Anglia,"Schuster, U.",UK
642B20130504,Benguela Stream,Ship,Univ East Anglia,"Schuster, U.",UK
642B20130518,Benguela Stream,Ship,Univ East Anglia,"Schuster, U.",UK
642B20130530,Benguela Stream,Ship,Univ East Anglia,"Schuster, U.",UK
642B20130615,Benguela Stream,Ship,Univ East Anglia,"Schuster, U.",UK
642B20130626,Benguela Stream,Ship,Univ East Anglia,"Schuster, U.",UK
642B20130713,Benguela Stream,Ship,Univ Exeter,"Schuster, U.",UK
642B20130724,Benguela Stream,Ship,Univ Exeter,"Schuster, U.",UK
642B20130810,Benguela Stream,Ship,Univ Exeter,"Schuster, U.",UK
642B20130821,Benguela Stream,Ship,Univ Exeter,"Schuster, U.",UK
642B20130907,Benguela Stream,Ship,Univ Exeter,"Schuster, U.",UK
642B20131005,Benguela Stream,Ship,Univ Exeter,"Schuster, U.",UK
642B20131102,Benguela Stream,Ship,Univ Exeter,"Schuster, U.",UK
642B20131113,Benguela Stream,Ship,Univ Exeter,"Schuster, U.",UK
642B20131228,Benguela Stream,Ship,Univ Exeter,"Schuster, U. : Jones, S.D. : Watson, A.J.",UK
642B20140430,Benguela Stream,Ship,Univ Exeter,"Schuster, U. : Jones, S.D. : Watson, A.J.",UK
642B20140517,Benguela Stream,Ship,Univ Exeter,"Schuster, U. : Jones, S.D. : Watson, A.J.",UK
642B20140528,Benguela Stream,Ship,Univ Exeter,"Schuster, U. : Jones, S.D. : Watson, A.J.",UK
642B20140614,Benguela Stream,Ship,Univ Exeter,"Schuster, U. : Jones, S.D. : Watson, A.J.",UK
642B20141015,Benguela Stream,Ship,Univ Exeter,"Schuster, U. : Jones, S.D. : Watson, A.J.",UK
642B20141101,Benguela Stream,Ship,Univ Exeter,"Schuster, U. : Jones, S.D. : Watson, A.J.",UK
642B20141112,Benguela Stream,Ship,Univ Exeter,"Schuster, U. : Jones, S.D. : Watson, A.J.",UK
642B20141129,Benguela Stream,Ship,Univ Exeter,"Schuster, U. : Jones, S.D. : Watson, A.J.",UK
642B20141210,Benguela Stream,Ship,Univ Exeter,"Schuster, U. : Jones, S.D. : Watson, A.J.",UK
642B20150108,Benguela Stream,Ship,Univ Exeter,"Schuster, U. : Jones, S.D. : Watson, A.J.",UK
642B20150205,Benguela Stream,Ship,Univ Exeter,"Schuster, U. : Jones, S.D. : Watson, A.J.",UK
642B20150222,Benguela Stream,Ship,Univ Exeter,"Schuster, U. : Jones, S.D. : Watson, A.J.",UK
642B20150430,Benguela Stream,Ship,Univ Exeter,"Schuster, U. : Jones, S.D. : Watson, A.J.",UK
642B20150517,Benguela Stream,Ship,Univ Exeter,"Schuster, U. : Jones, S.D. : Watson, A.J.",UK
642B20150527,Benguela Stream,Ship,Univ Exeter,"Schuster, U. : Jones, S.D. : Watson, A.J.",UK
642B20150624,Benguela Stream,Ship,Univ Exeter,"Schuster, U. : Jones, S.D. : Watson, A.J.",UK
642B20150711,Benguela Stream,Ship,Univ Exeter,"Schuster, U. : Jones, S.D. : Watson, A.J.",UK
642B20150722,Benguela Stream,Ship,Univ Exeter,"Schuster, U. : Jones, S.D. : Watson, A.J.",UK
642B20150808,Benguela Stream,Ship,Univ Exeter,"Schuster, U. : Jones, S.D. : Watson, A.J.",UK
642B20150819,Benguela Stream,Ship,Univ Exeter,"Schuster, U. : Jones, S.D. : Watson, A.J.",UK
642B20150905,Benguela Stream,Ship,Univ Exeter,"Schuster, U. : Watson, A.J.",UK
642B20151014,Benguela Stream,Ship,Univ Exeter,"Schuster, U. : Watson, A.J.",UK
642B20151031,Benguela Stream,Ship,Univ Exeter,"Schuster, U. : Watson, A.J.",UK
642B20151111,Benguela Stream,Ship,Univ Exeter,"Schuster, U. : Watson, A.J.",UK
642B20151128,Benguela Stream,Ship,Univ Exeter,"Schuster, U. : Watson, A.J.",UK
642B20151209,Benguela Stream,Ship,Univ Exeter,"Schuster, U. : Watson, A.J.",UK
642B20151225,Benguela Stream,Ship,Univ Exeter,"Schuster, U. : Watson, A.J.",UK
642B20160106,Benguela Stream,Ship,Univ Exeter,"Schuster, U.",UK
642B20160123,Benguela Stream,Ship,Univ Exeter,"Schuster, U.",UK
642B20160203,Benguela Stream,Ship,Univ Exeter,"Schuster, U.",UK
642B20160221,Benguela Stream,Ship,Univ Exeter,"Schuster, U.",UK
642B20160302,Benguela Stream,Ship,Univ Exeter,"Schuster, U.",UK
642B20160330,Benguela Stream,Ship,Univ Exeter,"Schuster, U.",UK
642B20160416,Benguela Stream,Ship,Univ Exeter,"Schuster, U.",UK
642B20160427,Benguela Stream,Ship,Univ Exeter,"Schuster, U.",UK
642B20160514,Benguela Stream,Ship,Univ Exeter,"Schuster, U.",UK
642B20160525,Benguela Stream,Ship,Univ Exeter,"Schuster, U.",UK
642B20160611,Benguela Stream,Ship,Univ Exeter,"Schuster, U.",UK
642B20160622,Benguela Stream,Ship,Univ Exeter,"Schuster, U.",UK
642B20160709,Benguela Stream,Ship,Univ Exeter,"Schuster, U.",UK
642B20160720,Benguela Stream,Ship,Univ Exeter,"Schuster, U.",UK
642B20160806,Benguela Stream,Ship,Univ Exeter,"Schuster, U.",UK
642B20160820,Benguela Stream,Ship,Univ Exeter,"Schuster, U.",UK
642B20160905,Benguela Stream,Ship,Univ Exeter,"Schuster, U.",UK
642B20160915,Benguela Stream,Ship,Univ Exeter,"Schuster, U.",UK
642B20161001,Benguela Stream,Ship,Univ Exeter,"Schuster, U.",UK
642B20161012,Benguela Stream,Ship,Univ Exeter,"Schuster, U. : Watson, A.J.",UK
642B20161029,Benguela Stream,Ship,Univ Exeter,"Schuster, U.",UK
642B20161110,Benguela Stream,Ship,Univ Exeter,"Schuster, U.",UK
642B20161126,Benguela Stream,Ship,Univ Exeter,"Schuster, U.",UK
642B20161208,Benguela Stream,Ship,Univ Exeter,"Schuster, U. : Watson, A.J.",UK
642B20161224,Benguela Stream,Ship,Univ Exeter,"Schuster, U. : Watson, A.J.",UK
642B20170104,Benguela Stream,Ship,Univ Exeter,"Schuster, U. : Watson, A.J.",UK
642B20170121,Benguela Stream,Ship,Univ Exeter,"Schuster, U. : Watson, A.J.",UK
642B20170203,Benguela Stream,Ship,Univ Exeter,"Schuster, U. : Watson, A.J.",UK
642B20170219,Benguela Stream,Ship,Univ Exeter,"Schuster, U. : Watson, A.J.",UK
642B20170329,Benguela Stream,Ship,Univ Exeter,"Schuster, U. : Watson, A.J.",UK
642B20170414,Benguela Stream,Ship,Univ Exeter,"Schuster, U. : Watson, A.J.",UK
642B20170426,Benguela Stream,Ship,Univ Exeter,"Schuster, U. : Watson, A.J.",UK
642B20170524,Benguela Stream,Ship,Univ Exeter,"Schuster, U. : Watson, A.J.",UK
642B20170610,Benguela Stream,Ship,Univ Exeter,"Schuster, U. : Watson, A.J.",UK
642B20170622,Benguela Stream,Ship,Univ Exeter,"Schuster, U. : Watson, A.J.",UK
642B20170708,Benguela Stream,Ship,Univ Exeter,"Schuster, U. : Watson, A.J.",UK
642B20170817,Benguela Stream,Ship,Univ Exeter,"Schuster, U. : Watson, A.J.",UK
642B20170902,Benguela Stream,Ship,Univ Exeter,"Schuster, U. : Watson, A.J.",UK
642B20170914,Benguela Stream,Ship,Univ Exeter,"Schuster, U. : Watson, A.J.",UK
642B20171001,Benguela Stream,Ship,Univ Exeter,"Schuster, U. : Watson, A.J.",UK
642B20171011,Benguela Stream,Ship,Univ Exeter,"Schuster, U. : Watson, A.J.",UK
64CW20040303,Columbus Waikato,Ship,NOAA PMEL,"Feely, R.",USA
64CW20040424,Columbus Waikato,Ship,NOAA PMEL,"Feely, R.",USA
64CW20040611,Columbus Waikato,Ship,NOAA PMEL,"Feely, R.",USA
64CW20040921,Columbus Waikato,Ship,NOAA PMEL,"Feely, R.",USA
64CW20041113,Columbus Waikato,Ship,NOAA PMEL,"Feely, R.",USA
64CW20041126,Columbus Waikato,Ship,NOAA PMEL,"Feely, R.",USA
64CW20050124,Columbus Waikato,Ship,NOAA PMEL,"Feely, R.",USA
64CW20050216,Columbus Waikato,Ship,NOAA PMEL,"Feely, R.",USA
64CW20050301,Columbus Waikato,Ship,NOAA PMEL,"Feely, R.",USA
64CW20050406,Columbus Waikato,Ship,NOAA PMEL,"Feely, R.",USA
64CW20050419,Columbus Waikato,Ship,NOAA PMEL,"Feely, R.",USA
64CW20050702,Columbus Waikato,Ship,NOAA PMEL,"Feely, R.",USA
64CW20050716,Columbus Waikato,Ship,NOAA PMEL,"Feely, R.",USA
64CW20050817,Columbus Waikato,Ship,NOAA PMEL,"Feely, R.",USA
64CW20050902,Columbus Waikato,Ship,NOAA PMEL,"Feely, R.",USA
64CW20050923,Columbus Waikato,Ship,NOAA PMEL,"Feely, R.",USA
64CW20051010,Columbus Waikato,Ship,NOAA PMEL,"Feely, R.",USA
64CW20051101,Columbus Waikato,Ship,NOAA PMEL,"Feely, R.",USA
64CW20051125,Columbus Waikato,Ship,NOAA PMEL,"Feely, R.",USA
64CW20060103,Columbus Waikato,Ship,NOAA PMEL,"Feely, R.",USA
64PE19980304,Pelagia,Ship,NIOZ,"de Baar, H.J.W.",Netherlands
64PE20010818,Pelagia,Ship,NIOZ,"Thomas, H.",Netherlands
64PE20011106,Pelagia,Ship,NIOZ,"Thomas, H.",Netherlands
64PE20020211,Pelagia,Ship,NIOZ,"Thomas, H.",Netherlands
64PE20020506,Pelagia,Ship,NIOZ,"Thomas, H.",Netherlands
64PE20050817,Pelagia,Ship,NIOZ : Univ Liege,"Thomas, H. : Borges, A.",Netherlands
64RJ20130906,Reykjafoss,Ship,NOAA AOML,"Wanninkhof, R. : Pierrot, D.",USA
64RJ20130918,Reykjafoss,Ship,NOAA AOML,"Wanninkhof, R. : Pierrot, D.",USA
64RJ20131017,Reykjafoss,Ship,NOAA AOML,"Wanninkhof, R. : Pierrot, D.",USA
64RJ20131029,Reykjafoss,Ship,NOAA AOML,"Wanninkhof, R. : Pierrot, D.",USA
64SA20020719,Santa Maria,Ship,Univ East Anglia,"Schuster, U.",UK
64SA20020803,Santa Maria,Ship,Univ East Anglia,"Schuster, U.",UK
64SA20020815,Santa Maria,Ship,Univ East Anglia,"Schuster, U.",UK
64SA20020912,Santa Maria,Ship,Univ East Anglia,"Schuster, U.",UK
64SA20020928,Santa Maria,Ship,Univ East Anglia,"Schuster, U.",UK
64SA20021010,Santa Maria,Ship,Univ East Anglia,"Schuster, U.",UK
64SA20021026,Santa Maria,Ship,Univ East Anglia,"Schuster, U.",UK
64SA20021107,Santa Maria,Ship,Univ East Anglia,"Schuster, U.",UK
64SA20021123,Santa Maria,Ship,Univ East Anglia,"Schuster, U.",UK
64SA20021221,Santa Maria,Ship,Univ East Anglia,"Schuster, U.",UK
64SA20030102,Santa Maria,Ship,Univ East Anglia,"Schuster, U.",UK
64SA20030118,Santa Maria,Ship,Univ East Anglia,"Schuster, U.",UK
64SA20030316,Santa Maria,Ship,Univ East Anglia,"Schuster, U.",UK
64SA20030413,Santa Maria,Ship,Univ East Anglia,"Schuster, U.",UK
64SA20030511,Santa Maria,Ship,Univ East Anglia,"Schuster, U.",UK
64SA20030612,Santa Maria,Ship,Univ East Anglia,"Schuster, U.",UK
64SA20030629,Santa Maria,Ship,Univ East Anglia,"Schuster, U.",UK
64SA20030710,Santa Maria,Ship,Univ East Anglia,"Schuster, U.",UK
64SA20030727,Santa Maria,Ship,Univ East Anglia,"Schuster, U.",UK
64SA20030807,Santa Maria,Ship,Univ East Anglia,"Schuster, U.",UK
64SA20030824,Santa Maria,Ship,Univ East Anglia,"Schuster, U.",UK
64SA20031002,Santa Maria,Ship,Univ East Anglia,"Schuster, U.",UK
64SA20031030,Santa Maria,Ship,Univ East Anglia,"Schuster, U.",UK
64SA20031116,Santa Maria,Ship,Univ East Anglia,"Schuster, U.",UK
64SA20040122,Santa Maria,Ship,Univ East Anglia,"Schuster, U.",UK
64SA20040208,Santa Maria,Ship,Univ East Anglia,"Schuster, U.",UK
64SA20040219,Santa Maria,Ship,Univ East Anglia,"Schuster, U.",UK
64SA20040307,Santa Maria,Ship,Univ East Anglia,"Schuster, U.",UK
64SA20040318,Santa Maria,Ship,Univ East Anglia,"Schuster, U.",UK
64SA20040404,Santa Maria,Ship,Univ East Anglia,"Schuster, U.",UK
64SA20040415,Santa Maria,Ship,Univ East Anglia,"Schuster, U.",UK
64SA20040502,Santa Maria,Ship,Univ East Anglia,"Schuster, U.",UK
64SA20040513,Santa Maria,Ship,Univ East Anglia,"Schuster, U.",UK
64SA20040530,Santa Maria,Ship,Univ East Anglia,"Schuster, U.",UK
64SA20040610,Santa Maria,Ship,Univ East Anglia,"Schuster, U.",UK
64SA20040627,Santa Maria,Ship,Univ East Anglia,"Schuster, U.",UK
64SA20040725,Santa Maria,Ship,Univ East Anglia,"Schuster, U.",UK
64SA20040805,Santa Maria,Ship,Univ East Anglia,"Schuster, U.",UK
64SA20040822,Santa Maria,Ship,Univ East Anglia,"Schuster, U.",UK
64SA20040901,Santa Maria,Ship,Univ East Anglia,"Schuster, U.",UK
64SA20040930,Santa Maria,Ship,Univ East Anglia,"Schuster, U.",UK
64SA20041016,Santa Maria,Ship,Univ East Anglia,"Schuster, U.",UK
64SA20041027,Santa Maria,Ship,Univ East Anglia,"Schuster, U.",UK
64SA20041113,Santa Maria,Ship,Univ East Anglia,"Schuster, U.",UK
64SA20041124,Santa Maria,Ship,Univ East Anglia,"Schuster, U.",UK
64SA20050216,Santa Maria,Ship,Univ East Anglia,"Schuster, U.",UK
64SA20050305,Santa Maria,Ship,Univ East Anglia,"Schuster, U.",UK
64SA20050316,Santa Maria,Ship,Univ East Anglia,"Schuster, U.",UK
64SA20050402,Santa Maria,Ship,Univ East Anglia,"Schuster, U.",UK
64SA20050413,Santa Maria,Ship,Univ East Anglia,"Schuster, U.",UK
64SA20050430,Santa Maria,Ship,Univ East Anglia,"Schuster, U.",UK
64SA20050511,Santa Maria,Ship,Univ East Anglia,"Schuster, U.",UK
64SA20050528,Santa Maria,Ship,Univ East Anglia,"Schuster, U.",UK
64SA20050608,Santa Maria,Ship,Univ East Anglia,"Schuster, U.",UK
64SA20050625,Santa Maria,Ship,Univ East Anglia,"Schuster, U.",UK
64SA20050706,Santa Maria,Ship,Univ East Anglia,"Schuster, U.",UK
64SA20050723,Santa Maria,Ship,Univ East Anglia,"Schuster, U.",UK
64SA20050803,Santa Maria,Ship,Univ East Anglia,"Schuster, U.",UK
64SA20050831,Santa Maria,Ship,Univ East Anglia,"Schuster, U.",UK
64SA20051026,Santa Maria,Ship,Univ East Anglia,"Schuster, U.",UK
64SA20051112,Santa Maria,Ship,Univ East Anglia,"Schuster, U.",UK
64SA20051123,Santa Maria,Ship,Univ East Anglia,"Schuster, U.",UK
64SA20051210,Santa Maria,Ship,Univ East Anglia,"Schuster, U.",UK
64SA20051221,Santa Maria,Ship,Univ East Anglia,"Schuster, U.",UK
64SA20060107,Santa Maria,Ship,Univ East Anglia,"Schuster, U.",UK
64SA20060118,Santa Maria,Ship,Univ East Anglia,"Schuster, U.",UK
64SA20060204,Santa Maria,Ship,Univ East Anglia,"Schuster, U.",UK
64SA20060216,Santa Maria,Ship,Univ East Anglia,"Schuster, U.",UK
64SA20060304,Santa Maria,Ship,Univ East Anglia,"Schuster, U.",UK
64SA20060412,Santa Maria,Ship,Univ East Anglia,"Schuster, U.",UK
64SA20060429,Santa Maria,Ship,Univ East Anglia,"Schuster, U.",UK
64SA20060705,Santa Maria,Ship,Univ East Anglia,"Schuster, U.",UK
64SA20060719,Santa Maria,Ship,Univ East Anglia,"Schuster, U.",UK
64SA20060809,Santa Maria,Ship,Univ East Anglia,"Schuster, U.",UK
64SA20060826,Santa Maria,Ship,Univ East Anglia,"Schuster, U.",UK
64SA20060906,Santa Maria,Ship,Univ East Anglia,"Schuster, U.",UK
64SA20060923,Santa Maria,Ship,Univ East Anglia,"Schuster, U.",UK
64SA20061004,Santa Maria,Ship,Univ East Anglia,"Schuster, U.",UK
64SA20061021,Santa Maria,Ship,Univ East Anglia,"Schuster, U.",UK
64SA20061101,Santa Maria,Ship,Univ East Anglia,"Schuster, U.",UK
64SA20061118,Santa Maria,Ship,Univ East Anglia,"Schuster, U.",UK
64SA20061129,Santa Maria,Ship,Univ East Anglia,"Schuster, U.",UK
64SA20070221,Santa Maria,Ship,Univ East Anglia,"Schuster, U.",UK
64SA20070310,Santa Maria,Ship,Univ East Anglia,"Schuster, U.",UK
64SA20070321,Santa Maria,Ship,Univ East Anglia,"Schuster, U.",UK
64SA20070407,Santa Maria,Ship,Univ East Anglia,"Schuster, U.",UK
64SA20070418,Santa Maria,Ship,Univ East Anglia,"Schuster, U.",UK
64SA20070505,Santa Maria,Ship,Univ East Anglia,"Schuster, U.",UK
64SA20070516,Santa Maria,Ship,Univ East Anglia,"Schuster, U.",UK
64SA20070602,Santa Maria,Ship,Univ East Anglia,"Schuster, U.",UK
64SA20070613,Santa Maria,Ship,Univ East Anglia,"Schuster, U.",UK
64SA20070630,Santa Maria,Ship,Univ East Anglia,"Schuster, U.",UK
64SA20070711,Santa Maria,Ship,Univ East Anglia,"Schuster, U.",UK
64SA20070809,Santa Maria,Ship,Univ East Anglia,"Schuster, U.",UK
64SA20070825,Santa Maria,Ship,Univ East Anglia,"Schuster, U.",UK
64SA20070905,Santa Maria,Ship,Univ East Anglia,"Schuster, U.",UK
64SA20070922,Santa Maria,Ship,Univ East Anglia,"Schuster, U.",UK
64SA20071003,Santa Maria,Ship,Univ East Anglia,"Schuster, U.",UK
64SA20071020,Santa Maria,Ship,Univ East Anglia,"Schuster, U.",UK
64SA20071031,Santa Maria,Ship,Univ East Anglia,"Schuster, U.",UK
64SA20071117,Santa Maria,Ship,Univ East Anglia,"Schuster, U.",UK
65DK20141115,Cap San Lorenzo,Ship,LOCEAN,"Lefevre, N. : Diverres, D.",France
65DK20141208,Cap San Lorenzo,Ship,LOCEAN,"Lefevre, N. : Diverres, D.",France
65DK20150228,Cap San Lorenzo,Ship,LOCEAN,"Lefevre, N. : Diverres, D.",France
65DK20150331,Cap San Lorenzo,Ship,LOCEAN,"Lefevre, N. : Diverres, D.",France
65DK20150428,Cap San Lorenzo,Ship,LOCEAN,"Lefevre, N. : Diverres, D.",France
65DK20150619,Cap San Lorenzo,Ship,LOCEAN,"Lefevre, N. : Diverres, D.",France
65DK20150729,Cap San Lorenzo,Ship,LOCEAN,"Lefevre, N. : Diverres, D.",France
65DK20150814,Cap San Lorenzo,Ship,LOCEAN,"Lefevre, N.",France
65DK20150914,Cap San Lorenzo,Ship,LOCEAN,"Lefevre, N.",France
65DK20151009,Cap San Lorenzo,Ship,LOCEAN,"Lefevre, N.",France
65DK20151109,Cap San Lorenzo,Ship,LOCEAN,"Lefevre, N.",France
65DK20151204,Cap San Lorenzo,Ship,LOCEAN,"Lefevre, N.",France
65DK20160129,Cap San Lorenzo,Ship,LOCEAN,"Lefevre, N.",France
65DK20160326,Cap San Lorenzo,Ship,LOCEAN,"Lefevre, N.",France
65DK20160715,Cap San Lorenzo,Ship,LOCEAN,"Lefevre, N.",France
65DK20170104,Cap San Lorenzo,Ship,LOCEAN,"Lefevre, N.",France
65DK20170130,Cap San Lorenzo,Ship,LOCEAN,"Lefevre, N.",France
65DK20170225,Cap San Lorenzo,Ship,LOCEAN,"Lefevre, N.",France
65DK20170423,Cap San Lorenzo,Ship,LOCEAN,"Lefevre, N.",France
65DK20170525,Cap San Lorenzo,Ship,LOCEAN,"Lefevre, N.",France
65DK20170617,Cap San Lorenzo,Ship,LOCEAN,"Lefevre, N.",France
65DK20170717,Cap San Lorenzo,Ship,LOCEAN,"Lefevre, N.",France
65DK20180624,Cap San Lorenzo,Ship,LOCEAN,"Lefevre, N.",France
65DK20180724,Cap San Lorenzo,Ship,LOCEAN,"Lefevre, N.",France
65DK20180821,Cap San Lorenzo,Ship,LOCEAN,"Lefevre, N.",France
65DK20180918,Cap San Lorenzo,Ship,LOCEAN,"Lefevre, N.",France
65DK20190504,Cap San Lorenzo,Ship,LOCEAN,"Lefevre, N.",France
65DK20190529,Cap San Lorenzo,Ship,LOCEAN,"Lefevre, N.",France
65DK20190626,Cap San Lorenzo,Ship,LOCEAN,"Lefevre, N.",France
65DK20190821,Cap San Lorenzo,Ship,LOCEAN,"Lefevre, N.",France
65DK20201009,Cap San Lorenzo,Ship,LOCEAN,"Lefevre, N.",France
65DK20201111,Cap San Lorenzo,Ship,LOCEAN,"Lefevre, N.",France
65DK20210130,Cap San Lorenzo,Ship,LOCEAN,"Lefevre, N.",France
65DK20210309,Cap San Lorenzo,Ship,LOCEAN,"Lefevre, N.",France
65DK20210404,Cap San Lorenzo,Ship,LOCEAN,"Lefevre, N.",France
65DK20210414,Cap San Lorenzo,Ship,LOCEAN,"Lefevre, N.",France
65DK20210515,Cap San Lorenzo,Ship,LOCEAN,"Lefevre, N.",France
65DK20210605,Cap San Lorenzo,Ship,LOCEAN,"Lefevre, N.",France
65DK20210719,Cap San Lorenzo,Ship,LOCEAN,"Lefevre, N.",France
65DK20220309,Cap San Lorenzo,Ship,LOCEAN,"Lefevre, N.",France
65DK20220408,Cap San Lorenzo,Ship,LOCEAN,"Lefevre, N.",France
65DK20220501,Cap San Lorenzo,Ship,LOCEAN,"Lefevre, N.",France
65DK20220702,Cap San Lorenzo,Ship,LOCEAN,"Lefevre, N.",France
65DK20220806,Cap San Lorenzo,Ship,LOCEAN,"Lefevre, N.",France
65DK20220831,Cap San Lorenzo,Ship,LOCEAN,"Lefevre, N.",France
65DK20221001,Cap San Lorenzo,Ship,LOCEAN,"Lefevre, N.",France
65DK20230217,Cap San Lorenzo,Ship,LOCEAN,"Lefevre, N.",France
687B20190208,"Jona Sophie (IMO 9144718, MMSI 255805601)",Ship,Univ Las Palmas,"Gonzalez-Davila, Melchor : Santana-Casiano, J. Magdalena : Curbelo-Hernandez, David",Spain
687B20190210,"Jona Sophie (IMO 9144718, MMSI 255805601)",Ship,Univ Las Palmas,"Gonzalez-Davila, Melchor : Santana-Casiano, J. Magdalena : Curbelo-Hernandez, David",Spain
740H20121011,James Cook,Ship,Plymouth Marine Lab,"Kitidis, V. : Brown, M.I.",UK
740H20200119,James Cook,Ship,VLIZ,"Theetaert, H.",UK
74AB19900918,Charles Darwin,Ship,Plymouth Marine Lab : Univ Exeter,"Robertson, J. : Watson, A.J.",UK
74AB19910613,Charles Darwin,Ship,Plymouth Marine Lab : Univ Exeter,"Robertson, J. : Watson, A.J.",UK
74AB19910706,Charles Darwin,Ship,Plymouth Marine Lab : Univ Exeter,"Robertson, J. : Watson, A.J.",UK
74AB19980116,Charles Darwin,Ship,Univ Liege,"Borges, A.",Belgium
74AB19980729,Charles Darwin,Ship,Univ Liege,"Borges, A.",Belgium
74AB19980821,Charles Darwin,Ship,Univ Liege,"Borges, A.",Belgium
74E319890508,RRS Discovery,Ship,Plymouth Marine Lab : Univ Exeter,"Robertson, J. : Watson, A.J.",UK
74E319900414,RRS Discovery,Ship,Plymouth Marine Lab : Univ Exeter,"Robertson, J. : Watson, A.J.",UK
74E319900609,RRS Discovery,Ship,Plymouth Marine Lab : Univ Exeter,"Robertson, J. : Watson, A.J.",UK
74E319921112,RRS Discovery,Ship,Plymouth Marine Lab,"Robertson, J.",UK
74E319930210,RRS Discovery,Ship,Plymouth Marine Lab,"Robertson, J.",UK
74E320041103,RRS Discovery,Ship,Univ East Anglia,"Bakker, D.",UK
74E320041213,RRS Discovery,Ship,Univ East Anglia,"Bakker, D.",UK
74E320110606,RRS Discovery,Ship,Plymouth Marine Lab,"Kitidis, V.",UK
74E320111003,RRS Discovery,Ship,Plymouth Marine Lab,"Kitidis, V.",UK
74E920120218,Cefas Endeavour,Ship,CEFAS UK,"Greenwood, N.",UK
74E920120310,Cefas Endeavour,Ship,CEFAS UK,"Greenwood, N.",UK
74E920120324,Cefas Endeavour,Ship,CEFAS UK,"Greenwood, N.",UK
74E920120424,Cefas Endeavour,Ship,CEFAS UK,"Greenwood, N.",UK
74E920120528,Cefas Endeavour,Ship,CEFAS UK,"Greenwood, N.",UK
74E920120910,Cefas Endeavour,Ship,CEFAS UK,"Greenwood, N.",UK
74E920120913,Cefas Endeavour,Ship,CEFAS UK,"Greenwood, N.",UK
74E920120927,Cefas Endeavour,Ship,CEFAS UK,"Greenwood, N.",UK
74E920121007,Cefas Endeavour,Ship,CEFAS UK,"Greenwood, N.",UK
74E920121019,Cefas Endeavour,Ship,CEFAS UK,"Greenwood, N.",UK
74E920121023,Cefas Endeavour,Ship,CEFAS UK,"Greenwood, N.",UK
74E920121113,Cefas Endeavour,Ship,CEFAS UK,"Greenwood, N.",UK
74E920121117,Cefas Endeavour,Ship,CEFAS UK,"Greenwood, N.",UK
74E920121201,Cefas Endeavour,Ship,CEFAS UK,"Greenwood, N.",UK
74E920130803,Cefas Endeavour,Ship,CEFAS UK,"Greenwood, N.",UK
74E920140130,Cefas Endeavour,Ship,CEFAS UK,"Greenwood, N. : Pearce, D.",UK
74E920140608,Cefas Endeavour,Ship,CEFAS UK,"Greenwood, N. : Pearce, D.",UK
74E920140802,Cefas Endeavour,Ship,CEFAS UK,"Greenwood, N. : Pearce, D.",UK
74E920140807,Cefas Endeavour,Ship,CEFAS UK,"Greenwood, N. : Pearce, D.",UK
74E920140907,Cefas Endeavour,Ship,CEFAS UK,"Greenwood, N. : Pearce, D.",UK
74E920140930,Cefas Endeavour,Ship,CEFAS UK,"Greenwood, N. : Pearce, D.",UK
74E920141022,Cefas Endeavour,Ship,CEFAS UK,"Greenwood, N. : Pearce, D.",UK
74E920141031,Cefas Endeavour,Ship,CEFAS UK,"Greenwood, N. : Pearce, D.",UK
74E920141227,Cefas Endeavour,Ship,CEFAS UK,"Greenwood, N. : Pearce, D.",UK
74E920150218,Cefas Endeavour,Ship,CEFAS UK,"Greenwood, N. : Pearce, D.",UK
74E920150226,Cefas Endeavour,Ship,CEFAS UK,"Greenwood, N. : Pearce, D.",UK
74E920150706,Cefas Endeavour,Ship,CEFAS UK,"Greenwood, N. : Pearce, D.",UK
74E920150718,Cefas Endeavour,Ship,CEFAS UK,"Greenwood, N. : Pearce, D.",UK
74E920150802,Cefas Endeavour,Ship,CEFAS UK,"Greenwood, N. : Pearce, D.",UK
74E920150811,Cefas Endeavour,Ship,CEFAS UK,"Greenwood, N. : Pearce, D.",UK
74E920150910,Cefas Endeavour,Ship,CEFAS UK,"Greenwood, N. : Pearce, D.",UK
74E920151003,Cefas Endeavour,Ship,CEFAS UK,"Greenwood, N. : Pearce, D.",UK
74EQ20140320,RRS Discovery,Ship,Plymouth Marine Lab,"Kitidis, V.",UK
74EQ20141027,RRS Discovery,Ship,Plymouth Marine Lab,"Kitidis, V.",UK
74EQ20141109,RRS Discovery,Ship,Plymouth Marine Lab,"Kitidis, V.",UK
74EQ20150306,RRS Discovery,Ship,Plymouth Marine Lab,"Kitidis, V.",UK
74EQ20150402,RRS Discovery,Ship,Plymouth Marine Lab,"Kitidis, V.",UK
74EQ20150505,RRS Discovery,Ship,Plymouth Marine Lab,"Kitidis, V.",UK
74EQ20150716,RRS Discovery,Ship,Plymouth Marine Lab,"Kitidis, V.",UK
74EQ20170414,RRS Discovery,Ship,Plymouth Marine Lab,"Kitidis, V.",UK
74EQ20170924,RRS Discovery,Ship,Plymouth Marine Lab,"Kitidis, V.",UK
74EQ20171115,RRS Discovery,Ship,Plymouth Marine Lab,"Kitidis, V.",UK
74EQ20190625-2,RRS Discovery,Ship,VLIZ,"Theetaert, H. : Hartman, S. : Gkritzalis, T.",Belgium
74FS20130426,Porcupine Abyssal Plain,Mooring,NOC UK,"Hartman, S.E.",UK
74FS20150630,Porcupine Abyssal Plain,Mooring,NOC UK,"Hartman, S.E.",UK
74FS20210403,Porcupine Abyssal Plain,Mooring,unassigned,"Hartman, S : Flohr, A",UK
74FS20211031,Porcupine Abyssal Plain,Mooring,unassigned,"Hartman, S : Flohr, A",UK
74FS20220110,Porcupine Abyssal Plain,Mooring,unassigned,"Hartman, S : Flohr, A",UK
74JC19951003,James Clark Ross,Ship,Univ East Anglia,"Lefevre, N.",UK
74JC19960515,James Clark Ross,Ship,Univ East Anglia,"Lefevre, N.",UK
74JC19960721,James Clark Ross,Ship,Univ Bergen,"Skjelvan, I.",Norway
74JC19960924,James Clark Ross,Ship,Univ East Anglia,"Lefevre, N.",UK
74JC19980916,James Clark Ross,Ship,Univ East Anglia,"Lefevre, N.",UK
74JC20061024,James Clark Ross,Ship,Plymouth Marine Lab,"Hardman-Mountford, N.J.",UK
74JC20080102,James Clark Ross,Ship,Plymouth Marine Lab,"Hardman-Mountford, N.J.",UK
74JC20090311,James Clark Ross,Ship,Plymouth Marine Lab,"Hardman-Mountford, N.J.",UK
74JC20121115,James Clark Ross,Ship,Plymouth Marine Lab,"Kitidis, V. : Brown, M.I.",UK
74JC20130109,James Clark Ross,Ship,Plymouth Marine Lab,"Kitidis, V. : Brown, M.I.",UK
74JC20130226,James Clark Ross,Ship,Plymouth Marine Lab,"Kitidis, V. : Brown, M.I.",UK
74JC20130318,James Clark Ross,Ship,Plymouth Marine Lab,"Kitidis, V. : Brown, M.I.",UK
74JC20130715,James Clark Ross,Ship,Plymouth Marine Lab,"Kitidis, V. : Brown, M.I.",UK
74JC20131009,James Clark Ross,Ship,Plymouth Marine Lab,"Kitidis, V. : Brown, M.I.",UK
74JC20140607,James Clark Ross,Ship,Plymouth Marine Lab,"Kitidis, V. : Brown, M.I.",UK
74JC20160402,James Clark Ross,Ship,Plymouth Marine Lab,"Kitidis, V.",UK
74JC20161110,James Clark Ross,Ship,Plymouth Marine Lab,"Kitidis, V.",UK
74JC20170205,James Clark Ross,Ship,Plymouth Marine Lab,"Kitidis, V.",UK
74JC20170324,James Clark Ross,Ship,Plymouth Marine Lab,"Kitidis, V.",UK
74JC20181010,James Clark Ross,Ship,Plymouth Marine Lab,"Kitidis, V.",UK
74JC20181103,James Clark Ross,Ship,Plymouth Marine Lab,"Kitidis, V.",UK
74JC20181202,James Clark Ross,Ship,Plymouth Marine Lab,"Kitidis, V.",UK
74JC20190107,James Clark Ross,Ship,Plymouth Marine Lab,"Kitidis, V.",UK
74JC20190223,James Clark Ross,Ship,Plymouth Marine Lab,"Kitidis, V.",UK
74JC20190806,James Clark Ross,Ship,Plymouth Marine Lab,"Kitidis, V.",UK
74JC20191125,James Clark Ross,Ship,Plymouth Marine Lab,"Kitidis, V.",UK
74JC20200108,James Clark Ross,Ship,Plymouth Marine Lab,"Kitidis, V.",UK
74P220070620,Prince Madog,Ship,Plymouth Marine Lab,"Hardman-Mountford, N.J.",UK
74P220070726,Prince Madog,Ship,Plymouth Marine Lab,"Hardman-Mountford, N.J.",UK
74P220070829,Prince Madog,Ship,Plymouth Marine Lab,"Hardman-Mountford, N.J.",UK
74P220071003,Prince Madog,Ship,Plymouth Marine Lab,"Hardman-Mountford, N.J.",UK
74P220071121,Prince Madog,Ship,Plymouth Marine Lab,"Hardman-Mountford, N.J.",UK
74P220080212,Prince Madog,Ship,Plymouth Marine Lab,"Hardman-Mountford, N.J.",UK
74P220080311,Prince Madog,Ship,Plymouth Marine Lab,"Hardman-Mountford, N.J.",UK
74P220080416,Prince Madog,Ship,Plymouth Marine Lab,"Hardman-Mountford, N.J.",UK
74P220080513,Prince Madog,Ship,Plymouth Marine Lab,"Hardman-Mountford, N.J.",UK
74P220080625,Prince Madog,Ship,Plymouth Marine Lab,"Hardman-Mountford, N.J.",UK
74P220080731,Prince Madog,Ship,Plymouth Marine Lab,"Hardman-Mountford, N.J.",UK
74P220080910,Prince Madog,Ship,Plymouth Marine Lab,"Hardman-Mountford, N.J.",UK
74P220081022,Prince Madog,Ship,Plymouth Marine Lab,"Hardman-Mountford, N.J.",UK
74P220081210,Prince Madog,Ship,Plymouth Marine Lab,"Hardman-Mountford, N.J.",UK
74P220090202,Prince Madog,Ship,Plymouth Marine Lab,"Hardman-Mountford, N.J.",UK
74P220090303,Prince Madog,Ship,Plymouth Marine Lab,"Hardman-Mountford, N.J.",UK
74P220090401,Prince Madog,Ship,Plymouth Marine Lab,"Hardman-Mountford, N.J.",UK
74P220090512,Prince Madog,Ship,Plymouth Marine Lab,"Hardman-Mountford, N.J.",UK
74P220090602,Prince Madog,Ship,Plymouth Marine Lab,"Hardman-Mountford, N.J.",UK
74PQ20160106,Plymouth Quest,Ship,Plymouth Marine Lab,"Kitidis, V.",UK
74RQ20180511,Maersk Raleigh,Ship,NOC UK,"Hartman, S.E.",UK
74RQ20181127,Maersk Raleigh,Ship,NOC UK,"Hartman, S.E.",UK
74WX20200310,Atlantic Sail,Ship,Geomar,"Steinhoff, T. and Koertzinger, A.",Germany
74WX20200402,Atlantic Sail,Ship,Geomar,"Steinhoff, T. and Koertzinger, A.",Germany
74WX20200420,Atlantic Sail,Ship,Geomar,"Steinhoff, T. and Koertzinger, A.",Germany
74WX20200508,Atlantic Sail,Ship,Geomar,"Steinhoff, T. and Koertzinger, A.",Germany
74WX20200526,Atlantic Sail,Ship,Geomar,"Steinhoff, T. and Koertzinger, A.",Germany
74WX20200611,Atlantic Sail,Ship,Geomar,"Steinhoff, T. and Koertzinger, A.",Germany
74WX20210303,Atlantic Sail,Ship,Geomar,"Steinhoff, T. and Koertzinger, A.",Germany
74WX20210514,Atlantic Sail,Ship,Geomar,"Steinhoff, T. and Koertzinger, A.",Germany
74WX20210617,Atlantic Sail,Ship,Geomar,"Steinhoff, T. and Koertzinger, A.",Germany
74WX20210722,Atlantic Sail,Ship,Geomar,"Steinhoff, T. and Koertzinger, A.",Germany
74WX20210828,Atlantic Sail,Ship,Geomar,"Steinhoff, T. and Koertzinger, A.",Germany
74WX20210913,Atlantic Sail,Ship,Geomar,"Steinhoff, T. and Koertzinger, A.",Germany
74WX20211003,Atlantic Sail,Ship,Geomar,"Steinhoff, T. and Koertzinger, A.",Germany
74WX20211103,Atlantic Sail,Ship,Geomar,"Steinhoff, T. and Koertzinger, A.",Germany
74WX20220120,Atlantic Sail,Ship,Geomar,"Steinhoff, T. and Koertzinger, A.",Germany
74WX20220302,Atlantic Sail,Ship,Geomar,"Steinhoff, T. and Koertzinger, A.",Germany
74WX20220410,Atlantic Sail,Ship,Geomar,"Steinhoff, T. and Koertzinger, A.",Germany
74WX20220905,Atlantic Sail,Ship,Geomar,"Steinhoff, T. and Koertzinger, A.",Germany
74WX20220926,Atlantic Sail,Ship,Geomar,"Steinhoff, T. and Koertzinger, A.",Germany
74WX20221012,Atlantic Sail,Ship,Geomar,"Steinhoff, T. and Koertzinger, A.",Germany
74WX20221103,Atlantic Sail,Ship,Geomar,"Steinhoff, T. and Koertzinger, A.",Germany
74WX20230202,Atlantic Sail,Ship,Geomar,"Steinhoff, T. and Koertzinger, A.",Germany
74WX20230220,Atlantic Sail,Ship,Geomar,"Steinhoff, T. and Koertzinger, A.",Germany
74WX20230724,Atlantic Sail,Ship,Geomar,"Steinhoff, T. and Koertzinger, A.",Germany
74X120090912,Las Cuevas,Ship,NOAA AOML,"Wanninkhof, R. : Pierrot, D.",USA
74X120090929,Las Cuevas,Ship,NOAA AOML,"Wanninkhof, R. : Pierrot, D.",USA
74X120091019,Las Cuevas,Ship,NOAA AOML,"Wanninkhof, R. : Pierrot, D.",USA
74X120100130,Las Cuevas,Ship,NOAA AOML,"Wanninkhof, R.",USA
74X120100419,Las Cuevas,Ship,NOAA AOML,"Wanninkhof, R.",USA
74X120100521,Las Cuevas,Ship,NOAA AOML,"Wanninkhof, R.",USA
74X120100616,Las Cuevas,Ship,NOAA AOML,"Wanninkhof, R.",USA
74X120100707,Las Cuevas,Ship,NOAA AOML,"Wanninkhof, R.",USA
74X120100801,Las Cuevas,Ship,NOAA AOML,"Wanninkhof, R.",USA
74X120100826,Las Cuevas,Ship,NOAA AOML,"Wanninkhof, R.",USA
74X120100915,Las Cuevas,Ship,NOAA AOML,"Wanninkhof, R.",USA
74X120101014,Las Cuevas,Ship,NOAA AOML,"Wanninkhof, R.",USA
74X120101214,Las Cuevas,Ship,NOAA AOML,"Wanninkhof, R.",USA
74X120110106,Las Cuevas,Ship,NOAA AOML,"Wanninkhof, R. : Pierrot, D.",USA
74X120110529,Las Cuevas,Ship,NOAA AOML,"Wanninkhof, R. : Pierrot, D.",USA
74X120110629,Las Cuevas,Ship,NOAA AOML,"Wanninkhof, R. : Pierrot, D.",USA
74X120110720,Las Cuevas,Ship,NOAA AOML,"Wanninkhof, R. : Pierrot, D.",USA
74X120110809,Las Cuevas,Ship,NOAA AOML,"Wanninkhof, R. : Pierrot, D.",USA
74X120111210,Las Cuevas,Ship,NOAA AOML,"Wanninkhof, R. : Pierrot, D.",USA
74X120120103,Las Cuevas,Ship,NOAA AOML,"Wanninkhof, R. : Pierrot, D.",USA
74X120120522,Las Cuevas,Ship,NOAA AOML,"Wanninkhof, R. : Pierrot, D.",USA
74X120120607,Las Cuevas,Ship,NOAA AOML,"Wanninkhof, R. : Pierrot, D.",USA
74X120120712,Las Cuevas,Ship,NOAA AOML,"Wanninkhof, R. : Pierrot, D.",USA
74X120120804,Las Cuevas,Ship,NOAA AOML,"Wanninkhof, R. : Pierrot, D.",USA
76XL20071113,Xue Long,Ship,NOAA AOML,"Wanninkhof, R.",USA
76XL20071130,Xue Long,Ship,NOAA AOML,"Wanninkhof, R.",USA
76XL20071224,Xue Long,Ship,NOAA AOML,"Wanninkhof, R.",USA
76XL20080210,Xue Long,Ship,NOAA AOML,"Wanninkhof, R.",USA
76XL20080304,Xue Long,Ship,NOAA AOML,"Wanninkhof, R.",USA
76XL20080730,Xue Long,Ship,NOAA AOML,"Wanninkhof, R.",USA
76XL20100709,Xue Long,Ship,TIO China,"Chen, L.",China
76XL20120717,Xue Long,Ship,TIO China : Univ Delaware,"Chen, L. : Cai, W.-J. : Ouyang, Z.",China
76XL20140727,Xue Long,Ship,TIO China : Univ Delaware,"Chen, L. : Cai, W.-J. : Ouyang, Z.",China
76XL20160724,Xue Long,Ship,"Third Institute of Oceanography, Ministry of Natural Resources","Qi, D.",China
76XL20180729,Xue Long,Ship,"Third Institute of Oceanography, Ministry of Natural Resources","Qi, D.",China
772020240802,RV Skagerak,Ship,VLIZ,"Leseurre, C.",Belgium
77CN20111018,Atlantic Companion,Ship,GEOMAR,"Steinhoff, T.",Germany
77CN20111102,Atlantic Companion,Ship,GEOMAR,"Steinhoff, T.",Germany
77CN20111205,Atlantic Companion,Ship,GEOMAR,"Steinhoff, T.",Germany
77CN20120317,Atlantic Companion,Ship,GEOMAR,"Steinhoff, T.",Germany
77CN20120406,Atlantic Companion,Ship,GEOMAR,"Steinhoff, T.",Germany
77CN20120419,Atlantic Companion,Ship,GEOMAR,"Steinhoff, T.",Germany
77CN20120508,Atlantic Companion,Ship,GEOMAR,"Steinhoff, T.",Germany
77CN20120525,Atlantic Companion,Ship,GEOMAR,"Steinhoff, T.",Germany
77CN20120629,Atlantic Companion,Ship,GEOMAR,"Steinhoff, T.",Germany
77CN20120716,Atlantic Companion,Ship,GEOMAR,"Steinhoff, T.",Germany
77CN20120730,Atlantic Companion,Ship,GEOMAR,"Steinhoff, T.",Germany
77CN20120923,Atlantic Companion,Ship,GEOMAR,"Steinhoff, T.",Germany
77CN20121008,Atlantic Companion,Ship,GEOMAR,"Steinhoff, T.",Germany
77CN20121026,Atlantic Companion,Ship,GEOMAR,"Steinhoff, T.",Germany
77CN20121129,Atlantic Companion,Ship,GEOMAR,"Steinhoff, T.",Germany
77CN20130212,Atlantic Companion,Ship,GEOMAR,"Steinhoff, T.",Germany
77CN20130321,Atlantic Companion,Ship,GEOMAR,"Steinhoff, T.",Germany
77CN20130506,Atlantic Companion,Ship,GEOMAR,"Steinhoff, T.",Germany
77CN20130918,Atlantic Companion,Ship,GEOMAR,"Steinhoff, T.",Germany
77CN20131004,Atlantic Companion,Ship,GEOMAR,"Steinhoff, T.",Germany
77CN20131102,Atlantic Companion,Ship,GEOMAR,"Steinhoff, T.",Germany
77CN20131118,Atlantic Companion,Ship,GEOMAR,"Steinhoff, T.",Germany
77CN20140221,Atlantic Companion,Ship,GEOMAR,"Steinhoff, T.",Germany
77CN20140426,Atlantic Companion,Ship,GEOMAR,"Steinhoff, T.",Germany
77CN20140531,Atlantic Companion,Ship,GEOMAR,"Steinhoff, T.",Germany
77CN20140616,Atlantic Companion,Ship,GEOMAR,"Steinhoff, T.",Germany
77CN20140827,Atlantic Companion,Ship,GEOMAR,"Steinhoff, T.",Germany
77CN20140928,Atlantic Companion,Ship,GEOMAR,"Steinhoff, T.",Germany
77CN20141119,Atlantic Companion,Ship,GEOMAR : Univ Bergen,"Steinhoff, T. : Becker, M. : Koertzinger, A.",Germany
77CN20141222,Atlantic Companion,Ship,GEOMAR : Univ Bergen,"Steinhoff, T. : Becker, M. : Koertzinger, A.",Germany
77CN20150301,Atlantic Companion,Ship,GEOMAR : Univ Bergen,"Steinhoff, T. : Becker, M. : Koertzinger, A.",Germany
77CN20150328,Atlantic Companion,Ship,GEOMAR : Univ Bergen,"Steinhoff, T. : Becker, M. : Koertzinger, A.",Germany
77CO20060611,Atlantic Companion,Ship,GEOMAR : Univ Bergen,"Steinhoff, T. : Koertzinger, A.",Germany
77CO20060625,Atlantic Companion,Ship,GEOMAR : Univ Bergen,"Steinhoff, T. : Koertzinger, A.",Germany
77CO20060717,Atlantic Companion,Ship,GEOMAR : Univ Bergen,"Steinhoff, T. : Koertzinger, A.",Germany
77CO20060924,Atlantic Companion,Ship,GEOMAR : Univ Bergen,"Steinhoff, T. : Koertzinger, A.",Germany
77CO20061010,Atlantic Companion,Ship,GEOMAR : Univ Bergen,"Steinhoff, T. : Koertzinger, A.",Germany
77CO20061114,Atlantic Companion,Ship,GEOMAR : Univ Bergen,"Steinhoff, T. : Koertzinger, A.",Germany
77CO20070124,Atlantic Companion,Ship,GEOMAR : Univ Bergen,"Steinhoff, T. : Koertzinger, A.",Germany
77CO20070211,Atlantic Companion,Ship,GEOMAR : Univ Bergen,"Steinhoff, T. : Koertzinger, A.",Germany
77CO20070320,Atlantic Companion,Ship,GEOMAR : Univ Bergen,"Steinhoff, T. : Koertzinger, A.",Germany
77CO20070404,Atlantic Companion,Ship,GEOMAR : Univ Bergen,"Steinhoff, T. : Koertzinger, A.",Germany
77CO20070423,Atlantic Companion,Ship,GEOMAR : Univ Bergen,"Steinhoff, T. : Koertzinger, A.",Germany
77CO20070509,Atlantic Companion,Ship,GEOMAR : Univ Bergen,"Steinhoff, T. : Koertzinger, A.",Germany
77CO20070527,Atlantic Companion,Ship,GEOMAR : Univ Bergen,"Steinhoff, T. : Koertzinger, A.",Germany
77CO20070614,Atlantic Companion,Ship,GEOMAR : Univ Bergen,"Steinhoff, T. : Koertzinger, A.",Germany
77CO20070719,Atlantic Companion,Ship,GEOMAR : Univ Bergen,"Steinhoff, T. : Koertzinger, A.",Germany
77CO20070925,Atlantic Companion,Ship,GEOMAR : Univ Bergen,"Steinhoff, T. : Koertzinger, A.",Germany
77CO20071013,Atlantic Companion,Ship,GEOMAR : Univ Bergen,"Steinhoff, T. : Koertzinger, A.",Germany
77CO20110530,Atlantic Companion,Ship,GEOMAR : Univ Bergen,"Steinhoff, T. : Koertzinger, A.",Germany
77CO20110615,Atlantic Companion,Ship,GEOMAR : Univ Bergen,"Steinhoff, T. : Koertzinger, A.",Germany
77CO20110807,Atlantic Companion,Ship,GEOMAR : Univ Bergen,"Steinhoff, T. : Koertzinger, A.",Germany
77CO20110824,Atlantic Companion,Ship,GEOMAR : Univ Bergen,"Steinhoff, T. : Koertzinger, A.",Germany
77CO20110912,Atlantic Companion,Ship,GEOMAR : Univ Bergen,"Steinhoff, T. : Koertzinger, A.",Germany
77CO20110928,Atlantic Companion,Ship,GEOMAR : Univ Bergen,"Steinhoff, T. : Koertzinger, A.",Germany
77DN20050720,Oden,Ship,Uni Gothenburg,"Fransson, A.",Sweden
77DN20061214,Oden,Ship,Uni Gothenburg,"Fransson, A. : Chierici, M.",Sweden
77DN20180818,Oden,Research Vessel,Stockholm Uni,"Prytherch, J",Sweden
77DN20210802,Oden,Research Vessel,Stockholm Uni,"Prytherch, J",Sweden
77FF20020226,Falstaff,Ship,GEOMAR : Univ Bergen,"Steinhoff, T. : Koertzinger, A.",Germany
77FF20020322,Falstaff,Ship,GEOMAR : Univ Bergen,"Steinhoff, T. : Koertzinger, A.",Germany
77FF20020408,Falstaff,Ship,GEOMAR : Univ Bergen,"Steinhoff, T. : Koertzinger, A.",Germany
77FF20020503,Falstaff,Ship,GEOMAR : Univ Bergen,"Steinhoff, T. : Koertzinger, A.",Germany
77FF20020520,Falstaff,Ship,GEOMAR : Univ Bergen,"Steinhoff, T. : Koertzinger, A.",Germany
77FF20020614,Falstaff,Ship,GEOMAR : Univ Bergen,"Steinhoff, T. : Koertzinger, A.",Germany
77FF20020630,Falstaff,Ship,GEOMAR : Univ Bergen,"Steinhoff, T. : Koertzinger, A.",Germany
77FF20020724,Falstaff,Ship,GEOMAR : Univ Bergen,"Steinhoff, T. : Koertzinger, A.",Germany
77FF20020813,Falstaff,Ship,GEOMAR : Univ Bergen,"Steinhoff, T. : Koertzinger, A.",Germany
77FF20020924,Falstaff,Ship,GEOMAR : Univ Bergen,"Steinhoff, T. : Koertzinger, A.",Germany
77FF20021016,Falstaff,Ship,GEOMAR : Univ Bergen,"Steinhoff, T. : Koertzinger, A.",Germany
77FF20021105,Falstaff,Ship,GEOMAR : Univ Bergen,"Steinhoff, T. : Koertzinger, A.",Germany
77FF20021129,Falstaff,Ship,GEOMAR : Univ Bergen,"Steinhoff, T. : Koertzinger, A.",Germany
77FF20021216,Falstaff,Ship,GEOMAR : Univ Bergen,"Steinhoff, T. : Koertzinger, A.",Germany
77FF20030111,Falstaff,Ship,GEOMAR : Univ Bergen,"Steinhoff, T. : Koertzinger, A.",Germany
77FF20030201,Falstaff,Ship,GEOMAR : Univ Bergen,"Steinhoff, T. : Koertzinger, A.",Germany
77FF20030417,Falstaff,Ship,GEOMAR : Univ Bergen,"Steinhoff, T. : Koertzinger, A.",Germany
77FF20050423,Falstaff,Ship,GEOMAR : Univ Bergen,"Steinhoff, T. : Koertzinger, A.",Germany
77FF20050430,Falstaff,Ship,GEOMAR : Univ Bergen,"Steinhoff, T. : Koertzinger, A.",Germany
77FF20050714,Falstaff,Ship,GEOMAR : Univ Bergen,"Steinhoff, T. : Koertzinger, A.",Germany
77FS20050531,Ostergarnsholm,Mooring,Uppsala Univ,"Rutgersson, A.",Sweden
77FS20051102,Ostergarnsholm,Mooring,Uppsala Univ,"Rutgersson, A.",Sweden
77FS20060506,Ostergarnsholm,Mooring,Uppsala Univ,"Rutgersson, A.",Sweden
77FS20070123,Ostergarnsholm,Mooring,Uppsala Univ,"Rutgersson, A.",Sweden
77FS20080830,Ostergarnsholm,Mooring,Uppsala Univ,"Rutgersson, A.",Sweden
77FS20090519,Ostergarnsholm,Mooring,Uppsala Univ,"Rutgersson, A.",Sweden
77FS20110525,Ostergarnsholm,Mooring,Uppsala Univ,"Rutgersson, A.",Sweden
77FS20120415,Ostergarnsholm,Mooring,Uppsala Univ,"Rutgersson, A.",Sweden
77FS20130814,Ostergarnsholm,Mooring,Uppsala Univ,"Rutgersson, A.",Sweden
77FS20140410,Ostergarnsholm,Mooring,Uppsala Univ,"Rutgersson, A.",Sweden
77FS20150128,Ostergarnsholm,Mooring,Uppsala Univ,"Rutgersson, A.",Sweden
77FS20160205,Ostergarnsholm,Mooring,Uppsala Univ,"Rutgersson, A.",Sweden
77FS20180324,Ostergarnsholm,Mooring,Uppsala Univ,"Rutgersson, A.",Sweden
77FS20191028,Ostergarnsholm,Mooring,Uppsala Univ,"Rutgersson, A.",Sweden
77FS20200101,Ostergarnsholm,OES (\u00d6stergarnsholm),Uppsala Univ,"Rutgersson, A.",Sweden
77FS20201025,Ostergarnsholm,OES (\u00d6stergarnsholm),Uppsala Univ,"Rutgersson, A.",Sweden
77FS20210523,Ostergarnsholm,OES (\u00d6stergarnsholm),Uppsala Univ,"Rutgersson, A.",Sweden
77FS20211018,Ostergarnsholm,OES (\u00d6stergarnsholm),Uppsala Univ,"Rutgersson, A.",Sweden
77FS20220424,Ostergarnsholm,OES (\u00d6stergarnsholm),Uppsala Univ,"Rutgersson, A.",Sweden
77FS20220719,Ostergarnsholm,OES (\u00d6stergarnsholm),Uppsala Univ,"Rutgersson, A.",Sweden
77FS20221031,Ostergarnsholm,Mooring,Uppsala Univ,"Rutgersson, A.",Sweden
77FS20230311,Ostergarnsholm,Mooring,Uppsala Univ,"Rutgersson, A.",Sweden
77FS20230713,Ostergarnsholm,Mooring,Uppsala Univ,"Rutgersson, A.",Sweden
77FS20231114,Ostergarnsholm,Mooring,Uppsala Univ,"Rutgersson, A.",Sweden
77FS20240411,Ostergarnsholm,Mooring,Uppsala Univ,"Rutgersson, A.",Sweden
77FS20240918,Ostergarnsholm,Mooring,Uppsala Univ,"Rutgersson, A.",Sweden
77IH20150912,Atlantic Cartier,Ship,GEOMAR : Univ Bergen : Dalhousie Univ,"Steinhoff, T. : Koertzinger, A. : Becker, M. : Wallace, D.",Germany
77IH20151005,Atlantic Cartier,Ship,GEOMAR : Univ Bergen : Dalhousie Univ,"Steinhoff, T. : Koertzinger, A. : Becker, M. : Wallace, D.",Germany
77IH20151022,Atlantic Cartier,Ship,GEOMAR : Univ Bergen : Dalhousie Univ,"Steinhoff, T. : Koertzinger, A. : Becker, M. : Wallace, D.",Germany
77IH20151221,Atlantic Cartier,Ship,GEOMAR : Univ Bergen : Dalhousie Univ,"Steinhoff, T. : Koertzinger, A. : Becker, M. : Wallace, D.",Germany
77IH20160307,Atlantic Cartier,Ship,GEOMAR : Univ Bergen : Dalhousie Univ,"Steinhoff, T. : Koertzinger, A. : Becker, M. : Wallace, D.",Germany
77IH20160324,Atlantic Cartier,Ship,GEOMAR : Univ Bergen : Dalhousie Univ,"Steinhoff, T. : Koertzinger, A. : Becker, M. : Wallace, D.",Germany
77IH20160412,Atlantic Cartier,Ship,GEOMAR : Univ Bergen : Dalhousie Univ,"Steinhoff, T. : Koertzinger, A. : Becker, M. : Wallace, D.",Germany
77IH20160429,Atlantic Cartier,Ship,GEOMAR : Univ Bergen : Dalhousie Univ,"Steinhoff, T. : Koertzinger, A. : Becker, M. : Wallace, D.",Germany
77IH20160523,Atlantic Cartier,Ship,GEOMAR : Univ Bergen : Dalhousie Univ,"Steinhoff, T. : Koertzinger, A. : Becker, M. : Wallace, D.",Germany
77IH20160610,Atlantic Cartier,Ship,GEOMAR : Univ Bergen : Dalhousie Univ,"Steinhoff, T. : Koertzinger, A. : Becker, M. : Wallace, D.",Germany
77IH20160624,Atlantic Cartier,Ship,GEOMAR : Univ Bergen : Dalhousie Univ,"Steinhoff, T. : Koertzinger, A. : Becker, M. : Wallace, D.",Germany
77IH20160710,Atlantic Cartier,Ship,GEOMAR : Univ Bergen : Dalhousie Univ,"Steinhoff, T. : Koertzinger, A. : Becker, M. : Wallace, D.",Germany
77IH20160915,Atlantic Cartier,Ship,GEOMAR : Univ Bergen : Dalhousie Univ,"Steinhoff, T. : Koertzinger, A. : Becker, M. : Wallace, D.",Germany
77IH20161003,Atlantic Cartier,Ship,GEOMAR : Univ Bergen : Dalhousie Univ,"Steinhoff, T. : Koertzinger, A. : Becker, M. : Wallace, D.",Germany
77IH20161017,Atlantic Cartier,Ship,GEOMAR : Univ Bergen : Dalhousie Univ,"Steinhoff, T. : Koertzinger, A. : Becker, M. : Wallace, D.",Germany
77IH20161102,Atlantic Cartier,Ship,GEOMAR : Univ Bergen : Dalhousie Univ,"Steinhoff, T. : Koertzinger, A. : Becker, M. : Wallace, D.",Germany
77IH20161229,Atlantic Cartier,Ship,GEOMAR : Univ Bergen : Dalhousie Univ,"Steinhoff, T. : Koertzinger, A. : Wallace, D.",Germany
77IH20170118,Atlantic Cartier,Ship,GEOMAR : Univ Bergen : Dalhousie Univ,"Steinhoff, T. : Koertzinger, A. : Wallace, D.",Germany
77IH20170412,Atlantic Cartier,Ship,GEOMAR : Univ Bergen : Dalhousie Univ,"Steinhoff, T. : Koertzinger, A. : Wallace, D.",Germany
77IH20170503,Atlantic Cartier,Ship,GEOMAR : Univ Bergen : Dalhousie Univ,"Steinhoff, T. : Koertzinger, A. : Wallace, D.",Germany
77IH20170520,Atlantic Cartier,Ship,GEOMAR : Univ Bergen : Dalhousie Univ,"Steinhoff, T. : Koertzinger, A. : Wallace, D.",Germany
77IH20170614,Atlantic Cartier,Ship,GEOMAR : Univ Bergen : Dalhousie Univ,"Steinhoff, T. : Koertzinger, A. : Wallace, D.",Germany
77IH20170701,Atlantic Cartier,Ship,GEOMAR : Univ Bergen : Dalhousie Univ,"Steinhoff, T. : Koertzinger, A. : Wallace, D.",Germany
77XT20191002,Tavastland,Ship,Swedish Meteorological and Hydrological Institute,"Willstrand Wranne, A.",Sweden
77XT20191011,Tavastland,Ship,Swedish Meteorological and Hydrological Institute,"Willstrand Wranne, A.",Sweden
77XT20191015,Tavastland,Ship,Swedish Meteorological and Hydrological Institute,"Willstrand Wranne, A.",Sweden
77XT20191018,Tavastland,Ship,Swedish Meteorological and Hydrological Institute,"Willstrand Wranne, A.",Sweden
77XT20191122,Tavastland,Ship,Swedish Meteorological and Hydrological Institute,"Willstrand Wranne, A.",Sweden
77XT20191126,Tavastland,Ship,Swedish Meteorological and Hydrological Institute,"Willstrand Wranne, A.",Sweden
77XT20191129,Tavastland,Ship,Swedish Meteorological and Hydrological Institute,"Willstrand Wranne, A. : Steinhoff, T.",Sweden
77XT20191203,Tavastland,Ship,Swedish Meteorological and Hydrological Institute,"Willstrand Wranne, A.",Sweden
77XT20191210,Tavastland,Ship,Swedish Meteorological and Hydrological Institute,"Willstrand Wranne, A. : Steinhoff, T.",Sweden
77XT20191217,Tavastland,Ship,Swedish Meteorological and Hydrological Institute,"Willstrand Wranne, A.",Sweden
77XT20191220,Tavastland,Ship,Swedish Meteorological and Hydrological Institute,"Willstrand Wranne, A. : Steinhoff, T.",Sweden
77XT20191231,Tavastland,Ship,Swedish Meteorological and Hydrological Institute,"Willstrand Wranne, A. : Steinhoff, T.",Sweden
77XT20200107,Tavastland,Ship,Swedish Meteorological and Hydrological Institute,"Willstrand Wranne, A. : Steinhoff, T.",Sweden
77XT20200110,Tavastland,Ship,Swedish Meteorological and Hydrological Institute,"Willstrand Wranne, A. : Steinhoff, T.",Sweden
77XT20200222,Tavastland,Ship,Swedish Meteorological and Hydrological Institute,"Willstrand Wranne, A.",Sweden
77XT20200228,Tavastland,Ship,Swedish Meteorological and Hydrological Institute,"Willstrand Wranne, A. : Steinhoff, T.",Sweden
77XT20200529,Tavastland,Ship,Swedish Meteorological and Hydrological Institute,"Willstrand Wranne, A.",Sweden
77XT20200612,Tavastland,Ship,Swedish Meteorological and Hydrological Institute,"Willstrand Wranne, A.",Sweden
77XT20210501,Tavastland,Ship,Swedish Meteorological and Hydrological Institute,"Willstrand Wranne, A.",Sweden
77XT20210503,Tavastland,Ship,Swedish Meteorological and Hydrological Institute,"Willstrand Wranne, A.",Sweden
77XT20210508,Tavastland,Ship,Swedish Meteorological and Hydrological Institute,"Willstrand Wranne, A.",Sweden
77XT20210510,Tavastland,Ship,Swedish Meteorological and Hydrological Institute,"Willstrand Wranne, A.",Sweden
77XT20210517,Tavastland,Ship,Swedish Meteorological and Hydrological Institute,"Willstrand Wranne, A.",Sweden
77XT20210524,Tavastland,Ship,Swedish Meteorological and Hydrological Institute,"Willstrand Wranne, A.",Sweden
77XT20210730,Tavastland,Ship,Swedish Meteorological and Hydrological Institute,"Willstrand Wranne, A.",Sweden
77XT20210803,Tavastland,Ship,Swedish Meteorological and Hydrological Institute,"Willstrand Wranne, A.",Sweden
77XT20210809,Tavastland,Ship,Swedish Meteorological and Hydrological Institute,"Willstrand Wranne, A.",Sweden
77XT20210816,Tavastland,Ship,Swedish Meteorological and Hydrological Institute,"Willstrand Wranne, A.",Sweden
77XT20210823,Tavastland,Ship,Swedish Meteorological and Hydrological Institute,"Willstrand Wranne, A.",Sweden
77XT20210907,Tavastland,Ship,Swedish Meteorological and Hydrological Institute,"Willstrand Wranne, A.",Sweden
77XT20211015,Tavastland,Ship,Swedish Meteorological and Hydrological Institute,"Willstrand Wranne, A.",Sweden
77XT20211018,Tavastland,Ship,Swedish Meteorological and Hydrological Institute,"Willstrand Wranne, A.",Sweden
77XT20211025,Tavastland,Ship,Swedish Meteorological and Hydrological Institute,"Willstrand Wranne, A.",Sweden
77XT20211101,Tavastland,Ship,Swedish Meteorological and Hydrological Institute,"Willstrand Wranne, A.",Sweden
77XT20211118,Tavastland,Ship,Swedish Meteorological and Hydrological Institute,"Willstrand Wranne, A.",Sweden
77XT20211129,Tavastland,Ship,Swedish Meteorological and Hydrological Institute,"Willstrand Wranne, A.",Sweden
90AM19870503,Akademik Korolev,Ship,NOAA PMEL,"Feely, R.",USA
90AM19870512,Akademik Korolev,Ship,NOAA PMEL,"Feely, R.",USA
90AM19870612,Akademik Korolev,Ship,NOAA PMEL,"Feely, R.",USA
91AA20081225,S.A. Agulhas,Ship,CSIR SOCCO,"Monteiro, P.M.S.",South Africa
91AA20090126,S.A. Agulhas,Ship,CSIR SOCCO,"Monteiro, P.M.S.",South Africa
91AA20090221,S.A. Agulhas,Ship,CSIR SOCCO,"Monteiro, P.M.S.",South Africa
91AA20090408,S.A. Agulhas,Ship,CSIR SOCCO,"Monteiro, P.M.S.",South Africa
91AA20100101,S.A. Agulhas,Ship,CSIR SOCCO,"Monteiro, P.M.S.",South Africa
91AA20100102,S.A. Agulhas,Ship,CSIR SOCCO,"Monteiro, P.M.S.",South Africa
91AA20100116,S.A. Agulhas,Ship,CSIR SOCCO,"Monteiro, P.M.S.",South Africa
91AA20100212,S.A. Agulhas,Ship,CSIR SOCCO,"Monteiro, P.M.S.",South Africa
91AA20100409,S.A. Agulhas,Ship,CSIR SOCCO,"Monteiro, P.M.S.",South Africa
91AA20101208,S.A. Agulhas,Ship,CSIR SOCCO,"Monteiro, P.M.S.",South Africa
91AA20110102,S.A. Agulhas,Ship,CSIR SOCCO,"Monteiro, P.M.S.",South Africa
91AA20110110,S.A. Agulhas,Ship,CSIR SOCCO,"Monteiro, P.M.S.",South Africa
91AH20121206,S.A. Agulhas II,Ship,CSIR SOCCO,"Monteiro, P.M.S.",South Africa
91AH20130904,S.A. Agulhas II,Ship,CSIR SOCCO,"Monteiro, P.M.S.",South Africa
91AH20131201,S.A. Agulhas II,Ship,CSIR SOCCO,"Monteiro, P.M.S.",South Africa
91AH20141205,S.A. Agulhas II,Ship,CSIR SOCCO,"Monteiro, P.M.S.",South Africa
91AH20150722,S.A. Agulhas II,Ship,CSIR SOCCO,"Monteiro, P.M.S.",South Africa
91AH20150902,S.A. Agulhas II,Ship,CSIR SOCCO,"Monteiro, P.M.S.",South Africa
91AH20151205,S.A. Agulhas II,Ship,CSIR SOCCO,"Monteiro, P.M.S. : Joubert, W.R.",South Africa
91AH20160715,S.A. Agulhas II,Ship,CSIR SOCCO,"Monteiro, P.M.S. : Joubert, W.R.",South Africa
91AH20160901,S.A. Agulhas II,Ship,CSIR SOCCO,"Monteiro, P.M.S.",South Africa
91AH20170701,S.A. Agulhas II,Ship,CSIR SOCCO,"Monteiro, P.M.S. : Gregor, L.",South Africa
91AH20220123,Carioca,Surface drifter,LOCEAN,Jean-Baptiste SALLEE,France
91AL20211115,RV Algoa,Ship,DFFE:O&C,"Tsanwani, M. : Hamnca, S. : Mdokwana, BW.",South Africa
91AL20211206,RV Algoa,Ship,DFFE:O&C,"Tsanwani, M. : Hamnca, S. : Monteiro, PMS.",South Africa
91AL20220810,RV Algoa,Ship,DFFE:O&C,"Tsanwani, M. : Hamnca, S. : Mdokwana, BW.",South Africa
91AL20221121,RV Algoa,Ship,DFFE:O&C,"Tsanwani, M. : Hamnca, S. : Mdokwana, BW.",South Africa
91AL20230215,RV Algoa,Ship,DFFE:O&C,"Tsanwani, M. : Hamnca, S. : Mdokwana, BW.",South Africa
AG5W20140201,Cap Blanche,Ship,NOAA PMEL,"Cosca, C. : Feely, R. : Alin, S.",USA
AG5W20140327,Cap Blanche,Ship,NOAA PMEL,"Cosca, C. : Feely, R. : Alin, S.",USA
AG5W20140523,Cap Blanche,Ship,NOAA PMEL,"Cosca, C. : Feely, R. : Alin, S.",USA
AG5W20140718,Cap Blanche,Ship,NOAA PMEL,"Cosca, C. : Feely, R. : Alin, S.",USA
AG5W20140912,Cap Blanche,Ship,NOAA PMEL,"Cosca, C. : Feely, R. : Alin, S.",USA
AG5W20141113,Cap Blanche,Ship,NOAA PMEL,"Cosca, C. : Feely, R. : Alin, S.",USA
AG5W20150328,Cap Blanche,Ship,NOAA PMEL,"Cosca, C. : Feely, R. : Alin, S.",USA
AG5W20150930,Cap Blanche,Ship,NOAA PMEL,"Cosca, C. : Feely, R. : Alin, S.",USA
AG5W20151120,Cap Blanche,Ship,NOAA PMEL,"Cosca, C. : Feely, R. : Alin, S.",USA
AG5W20160313,Cap Blanche,Ship,NOAA PMEL,"Cosca, C. : Alin, S. : Feely, R. : Herndon, J.",USA
AG5W20160507,Cap Blanche,Ship,NOAA PMEL,"Cosca, C. : Alin, S. : Feely, R. : Herndon, J.",USA
AG5W20160829,Cap Blanche,Ship,NOAA PMEL,"Cosca, C. : Alin, S. : Feely, R. : Herndon, J.",USA
AG5W20161019,Cap Blanche,Ship,NOAA PMEL,"Cosca, C. : Feely, R. : Alin, S.",USA
AG5W20170115,Cap Blanche,Ship,NOAA PMEL,"Cosca, C. : Alin, S. : Feely, R. : Herndon, J. : Collins, A.",USA
AG5W20170312,Cap Blanche,Ship,NOAA PMEL,"Cosca, C. : Alin, S. : Feely, R. : Herndon, J. : Collins, A.",USA
AG5W20170507,Cap Blanche,Ship,NOAA PMEL,"Cosca, C. : Alin, S. : Feely, R. : Herndon, J. : Collins, A.",USA
AG5W20171117,Cap Blanche,Ship,NOAA PMEL,"Cosca, C. : Alin, S. : Feely, R. : Herndon, J. : Collins, A.",USA
AG5W20180112,Cap Blanche,Ship,NOAA PMEL,"Cosca, C. : Alin, S. : Feely, R. : Herndon, J. : Collins, A.",USA
AG5W20180309,Cap Blanche,Ship,NOAA PMEL,"Cosca, C. : Alin, S. : Feely, R. : Herndon, J. : Collins, A.",USA
AG5W20180502,Cap Blanche,Ship,NOAA PMEL,"Cosca, C. : Alin, S. : Feely, R. : Herndon, J. : Collins, A.",USA
AG5W20180630,Cap Blanche,Ship,NOAA PMEL,"Cosca, C. : Alin, S. : Feely, R. : Herndon, J. : Collins, A.",USA
AG5W20180827,Cap Blanche,Ship,NOAA PMEL,"Cosca, C. : Alin, S. : Feely, R. : Herndon, J. : Collins, A.",USA
AGB620130201,Cap Vilano,Ship,NOAA PMEL,"Feely, R. : Cosca, C. : Alin, S.",USA
AGB620130328,Cap Vilano,Ship,NOAA PMEL,"Feely, R. : Cosca, C. : Alin, S.",USA
AGB620130524,Cap Vilano,Ship,NOAA PMEL,"Feely, R. : Cosca, C. : Alin, S.",USA
AGFO20140317,Skogafoss,Ship,NOAA AOML,"Wanninkhof, R. : Pierrot, D.",USA
AGFO20140412,Skogafoss,Ship,NOAA AOML,"Wanninkhof, R. : Pierrot, D.",USA
AGFO20140510,Skogafoss,Ship,NOAA AOML,"Wanninkhof, R. : Pierrot, D.",USA
AGFO20140607,Skogafoss,Ship,NOAA AOML,"Wanninkhof, R. : Pierrot, D.",USA
AGFO20140629,Skogafoss,Ship,NOAA AOML,"Wanninkhof, R. : Pierrot, D.",USA
AGFO20140727,Skogafoss,Ship,NOAA AOML,"Wanninkhof, R. : Pierrot, D.",USA
AGFO20140822,Skogafoss,Ship,NOAA AOML,"Wanninkhof, R. : Pierrot, D.",USA
AGFO20140919,Skogafoss,Ship,NOAA AOML,"Wanninkhof, R.",USA
AGFO20141017,Skogafoss,Ship,NOAA AOML,"Wanninkhof, R.",USA
AGFO20141115,Skogafoss,Ship,NOAA AOML,"Wanninkhof, R.",USA
AGFO20141217,Skogafoss,Ship,NOAA AOML,"Wanninkhof, R.",USA
AGFO20150115,Skogafoss,Ship,NOAA AOML,"Wanninkhof, R. : Pierrot, D.",USA
AGFO20150212,Skogafoss,Ship,NOAA AOML,"Wanninkhof, R. : Pierrot, D.",USA
AGFO20150322,Skogafoss,Ship,NOAA AOML,"Wanninkhof, R. : Pierrot, D.",USA
AGFO20150422,Skogafoss,Ship,NOAA AOML,"Wanninkhof, R. : Pierrot, D.",USA
AGFO20150530,Skogafoss,Ship,NOAA AOML,"Wanninkhof, R. : Pierrot, D.",USA
AGFO20150703,Skogafoss,Ship,NOAA AOML,"Wanninkhof, R. : Pierrot, D.",USA
AGFO20151121,Skogafoss,Ship,NOAA AOML,"Wanninkhof, R. : Pierrot, D.",USA
AGFO20151218,Skogafoss,Ship,NOAA AOML,"Wanninkhof, R. : Pierrot, D.",USA
AGFO20151226,Skogafoss,Ship,NOAA AOML,"Wanninkhof, R. : Pierrot, D.",USA
AGFO20160128,Skogafoss,Ship,NOAA AOML,"Wanninkhof, R. : Pierrot, D.",USA
AGFO20160306,Skogafoss,Ship,NOAA AOML,"Wanninkhof, R. : Pierrot, D.",USA
AGFO20160316,Skogafoss,Ship,NOAA AOML,"Wanninkhof, R. : Pierrot, D.",USA
AGSK20031107,Skogafoss,Ship,NOAA AOML,"Wanninkhof, R.",USA
AGSK20031205,Skogafoss,Ship,NOAA AOML,"Wanninkhof, R.",USA
AGSK20040206,Skogafoss,Ship,NOAA AOML,"Wanninkhof, R.",USA
AGSK20040430,Skogafoss,Ship,NOAA AOML,"Wanninkhof, R.",USA
AGSK20040529,Skogafoss,Ship,NOAA AOML,"Wanninkhof, R.",USA
AGSK20040625,Skogafoss,Ship,NOAA AOML,"Wanninkhof, R.",USA
AGSK20040724,Skogafoss,Ship,NOAA AOML,"Wanninkhof, R.",USA
AGSK20040820,Skogafoss,Ship,NOAA AOML,"Wanninkhof, R.",USA
AGSK20040915,Skogafoss,Ship,NOAA AOML,"Wanninkhof, R.",USA
AGSK20041112,Skogafoss,Ship,NOAA AOML,"Wanninkhof, R.",USA
AGSK20041209,Skogafoss,Ship,NOAA AOML,"Wanninkhof, R.",USA
AGSK20050107,Skogafoss,Ship,NOAA AOML,"Wanninkhof, R.",USA
AGSK20050204,Skogafoss,Ship,NOAA AOML,"Wanninkhof, R.",USA
AGSK20050305,Skogafoss,Ship,NOAA AOML,"Wanninkhof, R.",USA
AGSK20051014,Skogafoss,Ship,NOAA AOML,"Wanninkhof, R.",USA
AGSK20051111,Skogafoss,Ship,NOAA AOML,"Wanninkhof, R.",USA
AGSK20060303,Skogafoss,Ship,NOAA AOML,"Wanninkhof, R.",USA
AGSK20060403,Skogafoss,Ship,NOAA AOML,"Wanninkhof, R.",USA
AGSK20060429,Skogafoss,Ship,NOAA AOML,"Wanninkhof, R.",USA
AGSK20060623,Skogafoss,Ship,NOAA AOML,"Wanninkhof, R.",USA
AGSK20060723,Skogafoss,Ship,NOAA AOML,"Wanninkhof, R.",USA
AGSK20060818,Skogafoss,Ship,NOAA AOML,"Wanninkhof, R.",USA
AGSK20060915,Skogafoss,Ship,NOAA AOML,"Wanninkhof, R.",USA
AGSK20061014,Skogafoss,Ship,NOAA AOML,"Wanninkhof, R.",USA
AGSK20061108,Skogafoss,Ship,NOAA AOML,"Wanninkhof, R.",USA
AGSK20061208,Skogafoss,Ship,NOAA AOML,"Wanninkhof, R.",USA
AGSK20070107,Skogafoss,Ship,NOAA AOML,"Wanninkhof, R.",USA
AGSK20070202,Skogafoss,Ship,NOAA AOML,"Wanninkhof, R.",USA
AGSK20070303,Skogafoss,Ship,NOAA AOML,"Wanninkhof, R.",USA
AGSK20070330,Skogafoss,Ship,NOAA AOML,"Wanninkhof, R.",USA
AGSK20070427,Skogafoss,Ship,NOAA AOML,"Wanninkhof, R.",USA
AGSK20070525,Skogafoss,Ship,NOAA AOML,"Wanninkhof, R.",USA
BHAF20160410,Allure of the Seas,Ship,NOAA AOML,"Wanninkhof, R. : Pierrot, D.",USA
BHAF20160417,Allure of the Seas,Ship,NOAA AOML,"Wanninkhof, R. : Pierrot, D.",USA
BHAF20160424,Allure of the Seas,Ship,NOAA AOML,"Wanninkhof, R. : Pierrot, D.",USA
BHAF20160501,Allure of the Seas,Ship,NOAA AOML,"Wanninkhof, R. : Pierrot, D.",USA
BHAF20160508,Allure of the Seas,Ship,NOAA AOML,"Wanninkhof, R. : Pierrot, D.",USA
BHAF20160515,Allure of the Seas,Ship,NOAA AOML,"Wanninkhof, R. : Pierrot, D.",USA
BHAF20160522,Allure of the Seas,Ship,NOAA AOML,"Wanninkhof, R. : Pierrot, D.",USA
BHAF20160529,Allure of the Seas,Ship,NOAA AOML,"Wanninkhof, R. : Pierrot, D.",USA
BHAF20160605,Allure of the Seas,Ship,NOAA AOML,"Wanninkhof, R. : Pierrot, D.",USA
BHAF20160612,Allure of the Seas,Ship,NOAA AOML,"Wanninkhof, R. : Pierrot, D.",USA
BHAF20160619,Allure of the Seas,Ship,NOAA AOML,"Wanninkhof, R. : Pierrot, D.",USA
BHAF20160626,Allure of the Seas,Ship,NOAA AOML,"Wanninkhof, R. : Pierrot, D.",USA
BHAF20160703,Allure of the Seas,Ship,NOAA AOML,"Wanninkhof, R. : Pierrot, D.",USA
BHAF20160710,Allure of the Seas,Ship,NOAA AOML,"Wanninkhof, R. : Pierrot, D.",USA
BHAF20160717,Allure of the Seas,Ship,NOAA AOML,"Wanninkhof, R. : Pierrot, D.",USA
BHAF20160731,Allure of the Seas,Ship,NOAA AOML,"Wanninkhof, R. : Pierrot, D.",USA
BHAF20160807,Allure of the Seas,Ship,NOAA AOML,"Wanninkhof, R. : Pierrot, D.",USA
BHAF20160814,Allure of the Seas,Ship,NOAA AOML,"Wanninkhof, R. : Pierrot, D.",USA
BHAF20160821,Allure of the Seas,Ship,NOAA AOML,"Wanninkhof, R. : Pierrot, D.",USA
BHAF20160904,Allure of the Seas,Ship,NOAA AOML,"Wanninkhof, R. : Pierrot, D.",USA
BHAF20160911,Allure of the Seas,Ship,NOAA AOML,"Wanninkhof, R. : Pierrot, D.",USA
BHAF20160918,Allure of the Seas,Ship,NOAA AOML,"Wanninkhof, R. : Pierrot, D.",USA
BHAF20160925,Allure of the Seas,Ship,NOAA AOML,"Wanninkhof, R. : Pierrot, D.",USA
BHAF20161002,Allure of the Seas,Ship,NOAA AOML,"Wanninkhof, R. : Pierrot, D.",USA
BHAF20161009,Allure of the Seas,Ship,NOAA AOML,"Wanninkhof, R. : Pierrot, D.",USA
BHAF20161016,Allure of the Seas,Ship,NOAA AOML,"Wanninkhof, R. : Pierrot, D.",USA
BHAF20161023,Allure of the Seas,Ship,NOAA AOML,"Wanninkhof, R. : Pierrot, D.",USA
BHAF20161030,Allure of the Seas,Ship,NOAA AOML,"Wanninkhof, R. : Pierrot, D.",USA
BHAF20161106,Allure of the Seas,Ship,NOAA AOML,"Wanninkhof, R. : Pierrot, D.",USA
BHAF20161113,Allure of the Seas,Ship,NOAA AOML,"Wanninkhof, R. : Pierrot, D.",USA
BHAF20161120,Allure of the Seas,Ship,NOAA AOML,"Wanninkhof, R. : Pierrot, D.",USA
BHAF20161127,Allure of the Seas,Ship,NOAA AOML,"Wanninkhof, R. : Pierrot, D.",USA
BHAF20161204,Allure of the Seas,Ship,NOAA AOML,"Wanninkhof, R. : Pierrot, D.",USA
BHAF20161211,Allure of the Seas,Ship,NOAA AOML,"Wanninkhof, R. : Pierrot, D.",USA
BHAF20161218,Allure of the Seas,Ship,NOAA AOML,"Wanninkhof, R. : Pierrot, D.",USA
BHAF20161223,Allure of the Seas,Ship,NOAA AOML,"Wanninkhof, R. : Pierrot, D.",USA
BHAF20170102,Allure of the Seas,Ship,NOAA AOML,"Wanninkhof, R. : Pierrot, D.",USA
BHAF20170108,Allure of the Seas,Ship,NOAA AOML,"Wanninkhof, R. : Pierrot, D.",USA
BHAF20170115,Allure of the Seas,Ship,NOAA AOML,"Wanninkhof, R. : Pierrot, D.",USA
BHAF20170122,Allure of the Seas,Ship,NOAA AOML,"Wanninkhof, R. : Pierrot, D.",USA
BHAF20170129,Allure of the Seas,Ship,NOAA AOML,"Wanninkhof, R. : Pierrot, D.",USA
BHAF20170205,Allure of the Seas,Ship,NOAA AOML,"Wanninkhof, R. : Pierrot, D.",USA
BHAF20170212,Allure of the Seas,Ship,NOAA AOML,"Wanninkhof, R. : Pierrot, D.",USA
BHAF20170219,Allure of the Seas,Ship,NOAA AOML,"Wanninkhof, R. : Pierrot, D.",USA
BHAF20170226,Allure of the Seas,Ship,NOAA AOML,"Wanninkhof, R. : Pierrot, D.",USA
BHAF20170305,Allure of the Seas,Ship,NOAA AOML,"Wanninkhof, R. : Pierrot, D.",USA
BHAF20170312,Allure of the Seas,Ship,NOAA AOML,"Wanninkhof, R. : Pierrot, D.",USA
BHAF20170319,Allure of the Seas,Ship,NOAA AOML,"Wanninkhof, R. : Pierrot, D.",USA
BHAF20170326,Allure of the Seas,Ship,NOAA AOML,"Wanninkhof, R. : Pierrot, D.",USA
BHAF20170402,Allure of the Seas,Ship,NOAA AOML,"Wanninkhof, R. : Pierrot, D.",USA
BHAF20170409,Allure of the Seas,Ship,NOAA AOML,"Wanninkhof, R. : Pierrot, D.",USA
BHAF20170416,Allure of the Seas,Ship,NOAA AOML,"Wanninkhof, R. : Pierrot, D.",USA
BHAF20170423,Allure of the Seas,Ship,NOAA AOML,"Wanninkhof, R. : Pierrot, D.",USA
BHAF20170430,Allure of the Seas,Ship,NOAA AOML,"Wanninkhof, R. : Pierrot, D.",USA
BHAF20170507,Allure of the Seas,Ship,NOAA AOML,"Wanninkhof, R. : Pierrot, D.",USA
BHAF20170514,Allure of the Seas,Ship,NOAA AOML,"Wanninkhof, R. : Pierrot, D.",USA
BHAF20170521,Allure of the Seas,Ship,NOAA AOML,"Wanninkhof, R. : Pierrot, D.",USA
BHAF20170528,Allure of the Seas,Ship,NOAA AOML,"Wanninkhof, R. : Pierrot, D.",USA
BHAF20170604,Allure of the Seas,Ship,NOAA AOML,"Wanninkhof, R. : Pierrot, D.",USA
BHAF20170611,Allure of the Seas,Ship,NOAA AOML,"Wanninkhof, R. : Pierrot, D.",USA
BHAF20170618,Allure of the Seas,Ship,NOAA AOML,"Wanninkhof, R. : Pierrot, D.",USA
BHAF20170625,Allure of the Seas,Ship,NOAA AOML,"Wanninkhof, R. : Pierrot, D.",USA
BHAF20170702,Allure of the Seas,Ship,NOAA AOML,"Wanninkhof, R. : Pierrot, D.",USA
BHAF20170709,Allure of the Seas,Ship,NOAA AOML,"Wanninkhof, R. : Pierrot, D.",USA
BHAF20170806,Allure of the Seas,Ship,NOAA AOML,"Wanninkhof, R. : Pierrot, D.",USA
BHAF20170813,Allure of the Seas,Ship,NOAA AOML,"Wanninkhof, R. : Pierrot, D.",USA
BHAF20170820,Allure of the Seas,Ship,NOAA AOML,"Wanninkhof, R. : Pierrot, D.",USA
BHAF20170827,Allure of the Seas,Ship,NOAA AOML,"Wanninkhof, R. : Pierrot, D.",USA
BHAF20170903,Allure of the Seas,Ship,NOAA AOML,"Wanninkhof, R. : Pierrot, D.",USA
BHAF20170913,Allure of the Seas,Ship,NOAA AOML,"Wanninkhof, R. : Pierrot, D.",USA
BHAF20170917,Allure of the Seas,Ship,NOAA AOML,"Wanninkhof, R. : Pierrot, D.",USA
BHAF20170924,Allure of the Seas,Ship,NOAA AOML,"Wanninkhof, R. : Pierrot, D.",USA
BHAF20171001,Allure of the Seas,Ship,NOAA AOML,"Wanninkhof, R. : Pierrot, D.",USA
BHAF20171008,Allure of the Seas,Ship,NOAA AOML,"Wanninkhof, R. : Pierrot, D.",USA
BHAF20171015,Allure of the Seas,Ship,NOAA AOML,"Wanninkhof, R. : Pierrot, D.",USA
BHAF20171022,Allure of the Seas,Ship,NOAA AOML,"Wanninkhof, R. : Pierrot, D.",USA
BHAF20171029,Allure of the Seas,Ship,NOAA AOML,"Wanninkhof, R. : Pierrot, D.",USA
BHAF20171105,Allure of the Seas,Ship,NOAA AOML,"Wanninkhof, R. : Pierrot, D.",USA
BHAF20171112,Allure of the Seas,Ship,NOAA AOML,"Wanninkhof, R. : Pierrot, D.",USA
BHAF20171119,Allure of the Seas,Ship,NOAA AOML,"Wanninkhof, R. : Pierrot, D.",USA
BHAF20171126,Allure of the Seas,Ship,NOAA AOML,"Wanninkhof, R. : Pierrot, D.",USA
BHAF20171203,Allure of the Seas,Ship,NOAA AOML,"Wanninkhof, R. : Pierrot, D.",USA
BHAF20171210,Allure of the Seas,Ship,NOAA AOML,"Wanninkhof, R. : Pierrot, D.",USA
BHAF20171217,Allure of the Seas,Ship,NOAA AOML,"Wanninkhof, R. : Pierrot, D.",USA
BHAF20171224,Allure of the Seas,Ship,NOAA AOML,"Wanninkhof, R. : Pierrot, D.",USA
BHAF20171231,Allure of the Seas,Ship,NOAA AOML,"Wanninkhof, R. : Pierrot, D.",USA
BHAF20180107,Allure of the Seas,Ship,NOAA AOML,"Wanninkhof, R. : Pierrot, D.",USA
BHAF20180114,Allure of the Seas,Ship,NOAA AOML,"Wanninkhof, R. : Pierrot, D.",USA
BHAF20180128,Allure of the Seas,Ship,NOAA AOML,"Wanninkhof, R. : Pierrot, D.",USA
BHAF20180204,Allure of the Seas,Ship,NOAA AOML,"Wanninkhof, R. : Pierrot, D.",USA
BHAF20180211,Allure of the Seas,Ship,NOAA AOML,"Wanninkhof, R. : Pierrot, D.",USA
BHAF20180218,Allure of the Seas,Ship,NOAA AOML,"Wanninkhof, R. : Pierrot, D.",USA
BHAF20180225,Allure of the Seas,Ship,NOAA AOML,"Wanninkhof, R. : Pierrot, D.",USA
BHAF20180304,Allure of the Seas,Ship,NOAA AOML,"Wanninkhof, R. : Pierrot, D.",USA
BHAF20180311,Allure of the Seas,Ship,NOAA AOML,"Wanninkhof, R. : Pierrot, D.",USA
BHAF20180318,Allure of the Seas,Ship,NOAA AOML,"Wanninkhof, R. : Pierrot, D.",USA
BHAF20180325,Allure of the Seas,Ship,NOAA AOML,"Wanninkhof, R. : Pierrot, D.",USA
BHAF20180401,Allure of the Seas,Ship,NOAA AOML,"Wanninkhof, R. : Pierrot, D.",USA
BHAF20180408,Allure of the Seas,Ship,NOAA AOML,"Wanninkhof, R. : Pierrot, D.",USA
BHAF20180415,Allure of the Seas,Ship,NOAA AOML,"Wanninkhof, R. : Pierrot, D.",USA
BHAF20180429,Allure of the Seas,Ship,NOAA AOML,"Wanninkhof, R. : Pierrot, D.",USA
BHAF20180506,Allure of the Seas,Ship,NOAA AOML,"Wanninkhof, R. : Pierrot, D.",USA
BHAF20180513,Allure of the Seas,Ship,NOAA AOML,"Wanninkhof, R. : Pierrot, D.",USA
BHAF20180520,Allure of the Seas,Ship,NOAA AOML,"Wanninkhof, R. : Pierrot, D.",USA
BHAF20180527,Allure of the Seas,Ship,NOAA AOML,"Wanninkhof, R. : Pierrot, D.",USA
BHAF20180603,Allure of the Seas,Ship,NOAA AOML,"Wanninkhof, R. : Pierrot, D.",USA
BHAF20180610,Allure of the Seas,Ship,NOAA AOML,"Wanninkhof, R. : Pierrot, D.",USA
BHAF20180617,Allure of the Seas,Ship,NOAA AOML,"Wanninkhof, R. : Pierrot, D.",USA
BHAF20180624,Allure of the Seas,Ship,NOAA AOML,"Wanninkhof, R. : Pierrot, D.",USA
BHAF20180701,Allure of the Seas,Ship,NOAA AOML,"Wanninkhof, R. : Pierrot, D.",USA
BHAF20180708,Allure of the Seas,Ship,NOAA AOML,"Wanninkhof, R. : Pierrot, D.",USA
BHAF20180715,Allure of the Seas,Ship,NOAA AOML,"Wanninkhof, R. : Pierrot, D.",USA
BHAF20180722,Allure of the Seas,Ship,NOAA AOML,"Wanninkhof, R. : Pierrot, D.",USA
BHAF20180729,Allure of the Seas,Ship,NOAA AOML,"Wanninkhof, R. : Pierrot, D.",USA
BHAF20180805,Allure of the Seas,Ship,NOAA AOML,"Wanninkhof, R. : Pierrot, D.",USA
BHAF20180812,Allure of the Seas,Ship,NOAA AOML,"Wanninkhof, R. : Pierrot, D.",USA
BHAF20180819,Allure of the Seas,Ship,NOAA AOML,"Wanninkhof, R. : Pierrot, D.",USA
BHAF20180826,Allure of the Seas,Ship,NOAA AOML,"Wanninkhof, R. : Pierrot, D.",USA
BHAF20180902,Allure of the Seas,Ship,NOAA AOML,"Wanninkhof, R. : Pierrot, D.",USA
BHAF20180909,Allure of the Seas,Ship,NOAA AOML,"Wanninkhof, R. : Pierrot, D.",USA
BHAF20180916,Allure of the Seas,Ship,NOAA AOML,"Wanninkhof, R. : Pierrot, D.",USA
BHAF20180923,Allure of the Seas,Ship,NOAA AOML,"Wanninkhof, R. : Pierrot, D.",USA
BHAF20180930,Allure of the Seas,Ship,NOAA AOML,"Wanninkhof, R. : Pierrot, D.",USA
BHAF20181007,Allure of the Seas,Ship,NOAA AOML,"Wanninkhof, R. : Pierrot, D.",USA
BHAF20181014,Allure of the Seas,Ship,NOAA AOML,"Wanninkhof, R. : Pierrot, D.",USA
BHAF20181021,Allure of the Seas,Ship,NOAA AOML,"Wanninkhof, R. : Pierrot, D.",USA
BHAF20181028,Allure of the Seas,Ship,NOAA AOML,"Wanninkhof, R. : Pierrot, D.",USA
BHAF20181105,Allure of the Seas,Ship,NOAA AOML,"Wanninkhof, R. : Pierrot, D.",USA
BHAF20181111,Allure of the Seas,Ship,NOAA AOML,"Wanninkhof, R. : Pierrot, D.",USA
BHAF20181118,Allure of the Seas,Ship,NOAA AOML,"Wanninkhof, R. : Pierrot, D.",USA
BHAF20181125,Allure of the Seas,Ship,NOAA AOML,"Wanninkhof, R. : Pierrot, D.",USA
BHAF20181202,Allure of the Seas,Ship,NOAA AOML,"Wanninkhof, R. : Pierrot, D.",USA
BHAF20181209,Allure of the Seas,Ship,NOAA AOML,"Wanninkhof, R. : Pierrot, D.",USA
BHAF20181216,Allure of the Seas,Ship,NOAA AOML,"Wanninkhof, R. : Pierrot, D.",USA
BHAF20181223,Allure of the Seas,Ship,NOAA AOML,"Wanninkhof, R. : Pierrot, D.",USA
BHAF20181230,Allure of the Seas,Ship,NOAA AOML,"Wanninkhof, R. : Pierrot, D.",USA
BHAF20190113,Allure of the Seas,Ship,NOAA AOML,"Wanninkhof, R. : Pierrot, D.",USA
BHAF20190120,Allure of the Seas,Ship,NOAA AOML,"Wanninkhof, R. : Pierrot, D.",USA
BHAF20190127,Allure of the Seas,Ship,NOAA AOML,"Wanninkhof, R. : Pierrot, D.",USA
BHAF20190203,Allure of the Seas,Ship,NOAA AOML,"Wanninkhof, R. : Pierrot, D.",USA
BHAF20190210,Allure of the Seas,Ship,NOAA AOML,"Wanninkhof, R. : Pierrot, D.",USA
BHAF20190217,Allure of the Seas,Ship,NOAA AOML,"Wanninkhof, R. : Pierrot, D.",USA
BHAF20190224,Allure of the Seas,Ship,NOAA AOML,"Wanninkhof, R. : Pierrot, D.",USA
BHAF20190303,Allure of the Seas,Ship,NOAA AOML,"Wanninkhof, R. : Pierrot, D.",USA
BHAF20190421,Allure of the Seas,Ship,NOAA AOML,"Wanninkhof, R. : Pierrot, D.",USA
BHAF20190428,Allure of the Seas,Ship,NOAA AOML,"Wanninkhof, R. : Pierrot, D.",USA
BHAF20190505,Allure of the Seas,Ship,NOAA AOML,"Wanninkhof, R. : Pierrot, D.",USA
BHAF20190512,Allure of the Seas,Ship,NOAA AOML,"Wanninkhof, R. : Pierrot, D.",USA
BHAF20190519,Allure of the Seas,Ship,NOAA AOML,"Wanninkhof, R. : Pierrot, D.",USA
BHAF20190526,Allure of the Seas,Ship,NOAA AOML,"Wanninkhof, R. : Pierrot, D.",USA
BHAF20190602,Allure of the Seas,Ship,NOAA AOML,"Wanninkhof, R. : Pierrot, D.",USA
BHAF20190609,Allure of the Seas,Ship,NOAA AOML,"Wanninkhof, R. : Pierrot, D.",USA
BHAF20190616,Allure of the Seas,Ship,NOAA AOML,"Wanninkhof, R. : Pierrot, D.",USA
BHAF20190623,Allure of the Seas,Ship,NOAA AOML,"Wanninkhof, R. : Pierrot, D.",USA
BHAF20190630,Allure of the Seas,Ship,NOAA AOML,"Wanninkhof, R. : Pierrot, D.",USA
BHAF20190707,Allure of the Seas,Ship,NOAA AOML,"Wanninkhof, R. : Pierrot, D.",USA
BHAF20190714,Allure of the Seas,Ship,NOAA AOML,"Wanninkhof, R. : Pierrot, D.",USA
BHAF20190721,Allure of the Seas,Ship,NOAA AOML,"Wanninkhof, R. : Pierrot, D.",USA
BHAF20190728,Allure of the Seas,Ship,NOAA AOML,"Wanninkhof, R. : Pierrot, D.",USA
BHAF20190804,Allure of the Seas,Ship,NOAA AOML,"Wanninkhof, R. : Pierrot, D.",USA
BHAF20190811,Allure of the Seas,Ship,NOAA AOML,"Wanninkhof, R. : Pierrot, D.",USA
BHAF20190818,Allure of the Seas,Ship,NOAA AOML,"Wanninkhof, R. : Pierrot, D.",USA
BHAF20190825,Allure of the Seas,Ship,NOAA AOML,"Wanninkhof, R. : Pierrot, D.",USA
BHAF20190904,Allure of the Seas,Ship,NOAA AOML,"Wanninkhof, R. : Pierrot, D.",USA
BHAF20190908,Allure of the Seas,Ship,NOAA AOML,"Wanninkhof, R. : Pierrot, D.",USA
BHAF20190915,Allure of the Seas,Ship,NOAA AOML,"Wanninkhof, R. : Pierrot, D.",USA
BHAF20190922,Allure of the Seas,Ship,NOAA AOML,"Wanninkhof, R. : Pierrot, D.",USA
BHAF20190929,Allure of the Seas,Ship,NOAA AOML,"Wanninkhof, R. : Pierrot, D.",USA
BHAF20191006,Allure of the Seas,Ship,NOAA AOML,"Wanninkhof, R. : Pierrot, D.",USA
BHAF20191013,Allure of the Seas,Ship,NOAA AOML,"Wanninkhof, R. : Pierrot, D.",USA
BHAF20191020,Allure of the Seas,Ship,NOAA AOML,"Wanninkhof, R. : Pierrot, D.",USA
BHAF20191027,Allure of the Seas,Ship,NOAA AOML,"Wanninkhof, R. : Pierrot, D.",USA
BHAF20191103,Allure of the Seas,Ship,NOAA AOML,"Wanninkhof, R. : Pierrot, D.",USA
BHAF20191110,Allure of the Seas,Ship,NOAA AOML,"Wanninkhof, R. : Pierrot, D.",USA
BHAF20191117,Allure of the Seas,Ship,NOAA AOML,"Wanninkhof, R. : Pierrot, D.",USA
BHAF20191124,Allure of the Seas,Ship,NOAA AOML,"Wanninkhof, R. : Pierrot, D.",USA
BHAF20191201,Allure of the Seas,Ship,NOAA AOML,"Wanninkhof, R. : Pierrot, D.",USA
BHAF20191208,Allure of the Seas,Ship,NOAA AOML,"Wanninkhof, R. : Pierrot, D.",USA
BHAF20191215,Allure of the Seas,Ship,NOAA AOML,"Wanninkhof, R. : Pierrot, D.",USA
BHAF20191222,Allure of the Seas,Ship,NOAA AOML,"Wanninkhof, R. : Pierrot, D.",USA
BHAF20191229,Allure of the Seas,Ship,NOAA AOML,"Wanninkhof, R. : Pierrot, D.",USA
BHAF20200105,Allure of the Seas,Ship,NOAA AOML,"Wanninkhof, R. : Pierrot, D.",USA
BHAF20200112,Allure of the Seas,Ship,NOAA AOML,"Wanninkhof, R. : Pierrot, D.",USA
BHAF20200119,Allure of the Seas,Ship,NOAA AOML,"Wanninkhof, R. : Pierrot, D.",USA
BHAF20200126,Allure of the Seas,Ship,NOAA AOML,"Wanninkhof, R. : Pierrot, D.",USA
BHAF20200202,Allure of the Seas,Ship,NOAA AOML,"Wanninkhof, R. : Pierrot, D.",USA
BHAF20200223,Allure of the Seas,Ship,NOAA AOML,"Wanninkhof, R. : Pierrot, D.",USA
BHAF20200301,Allure of the Seas,Ship,NOAA AOML,"Wanninkhof, R. : Pierrot, D.",USA
BHAF20241213,Allure of the Seas,Ship,NOAA AOML,"Wanninkhof, R. : Pierrot, D.",USA
BHAF20250110,Allure of the Seas,Ship,NOAA AOML,"Wanninkhof, R. : Pierrot, D.",USA
BHAF20250113,Allure of the Seas,Ship,NOAA AOML,"Wanninkhof, R. : Pierrot, D.",USA
BHAF20250117,Allure of the Seas,Ship,NOAA AOML,"Wanninkhof, R. : Pierrot, D.",USA
BHNQ20070110,Trans Carrier,Ship,Univ Bergen,"Omar, A.",Norway
BHNQ20070117,Trans Carrier,Ship,Univ Bergen,"Omar, A.",Norway
BHNQ20070123,Trans Carrier,Ship,Univ Bergen,"Omar, A.",Norway
BHNQ20070130,Trans Carrier,Ship,Univ Bergen,"Omar, A.",Norway
BHNQ20070207,Trans Carrier,Ship,Univ Bergen,"Omar, A.",Norway
BHNQ20070220,Trans Carrier,Ship,Univ Bergen,"Omar, A.",Norway
BHNQ20070301,Trans Carrier,Ship,Univ Bergen,"Omar, A.",Norway
BHNQ20070305,Trans Carrier,Ship,Univ Bergen,"Omar, A.",Norway
BHNQ20070320,Trans Carrier,Ship,Univ Bergen,"Omar, A.",Norway
BHNQ20070327,Trans Carrier,Ship,Univ Bergen,"Omar, A.",Norway
BHNQ20070402,Trans Carrier,Ship,Univ Bergen,"Omar, A.",Norway
BHNQ20070409,Trans Carrier,Ship,Univ Bergen,"Omar, A.",Norway
BHNQ20070416,Trans Carrier,Ship,Univ Bergen,"Omar, A.",Norway
BHNQ20070423,Trans Carrier,Ship,Univ Bergen,"Omar, A.",Norway
BHNQ20070430,Trans Carrier,Ship,Univ Bergen,"Omar, A.",Norway
BHNQ20070508,Trans Carrier,Ship,Univ Bergen,"Omar, A.",Norway
BHNQ20070515,Trans Carrier,Ship,Univ Bergen,"Omar, A.",Norway
BHNQ20070521,Trans Carrier,Ship,Univ Bergen,"Omar, A.",Norway
BHNQ20070529,Trans Carrier,Ship,Univ Bergen,"Omar, A.",Norway
BHNQ20070604,Trans Carrier,Ship,Univ Bergen,"Omar, A.",Norway
BHNQ20070613,Trans Carrier,Ship,Univ Bergen,"Omar, A.",Norway
BHNQ20070620,Trans Carrier,Ship,Univ Bergen,"Omar, A.",Norway
BHNQ20070627,Trans Carrier,Ship,Univ Bergen,"Omar, A.",Norway
BHNQ20070702,Trans Carrier,Ship,Univ Bergen,"Omar, A.",Norway
BHNQ20070709,Trans Carrier,Ship,Univ Bergen,"Omar, A.",Norway
BHNQ20070716,Trans Carrier,Ship,Univ Bergen,"Omar, A.",Norway
BHNQ20070724,Trans Carrier,Ship,Univ Bergen,"Omar, A.",Norway
BHNQ20070731,Trans Carrier,Ship,Univ Bergen,"Omar, A.",Norway
BHNQ20070807,Trans Carrier,Ship,Univ Bergen,"Omar, A.",Norway
BHNQ20070815,Trans Carrier,Ship,Univ Bergen,"Omar, A.",Norway
BHNQ20070820,Trans Carrier,Ship,Univ Bergen,"Omar, A.",Norway
BHNQ20070827,Trans Carrier,Ship,Univ Bergen,"Omar, A.",Norway
BHNQ20070903,Trans Carrier,Ship,Univ Bergen,"Omar, A.",Norway
BHNQ20070910,Trans Carrier,Ship,Univ Bergen,"Omar, A.",Norway
BHNQ20070917,Trans Carrier,Ship,Univ Bergen,"Omar, A.",Norway
BHNQ20071001,Trans Carrier,Ship,Univ Bergen,"Omar, A.",Norway
BHNQ20071008,Trans Carrier,Ship,Univ Bergen,"Omar, A.",Norway
BHNQ20071015,Trans Carrier,Ship,Univ Bergen,"Omar, A.",Norway
BHNQ20071023,Trans Carrier,Ship,Univ Bergen,"Omar, A.",Norway
BHNQ20071030,Trans Carrier,Ship,Univ Bergen,"Omar, A.",Norway
BHNQ20071105,Trans Carrier,Ship,Univ Bergen,"Omar, A.",Norway
BHNQ20071115,Trans Carrier,Ship,Univ Bergen,"Omar, A.",Norway
BHNQ20071120,Trans Carrier,Ship,Univ Bergen,"Omar, A.",Norway
BHNQ20071128,Trans Carrier,Ship,Univ Bergen,"Omar, A.",Norway
BHNQ20071204,Trans Carrier,Ship,Univ Bergen,"Omar, A.",Norway
BHNQ20071211,Trans Carrier,Ship,Univ Bergen,"Omar, A.",Norway
BHNQ20071218,Trans Carrier,Ship,Univ Bergen,"Omar, A.",Norway
BHNQ20071227,Trans Carrier,Ship,Univ Bergen,"Omar, A.",Norway
BHNQ20080105,Trans Carrier,Ship,Univ Bergen,"Johannessen, T. : Omar, A.",Norway
BHNQ20080107,Trans Carrier,Ship,Univ Bergen,"Johannessen, T. : Omar, A.",Norway
BHNQ20080115,Trans Carrier,Ship,Univ Bergen,"Johannessen, T. : Omar, A.",Norway
BHNQ20080123,Trans Carrier,Ship,Univ Bergen,"Johannessen, T. : Omar, A.",Norway
BHNQ20080227,Trans Carrier,Ship,Univ Bergen,"Johannessen, T. : Omar, A.",Norway
BHNQ20080304,Trans Carrier,Ship,Univ Bergen,"Johannessen, T. : Omar, A.",Norway
BHNQ20080311,Trans Carrier,Ship,Univ Bergen,"Johannessen, T. : Omar, A.",Norway
BHNQ20080318,Trans Carrier,Ship,Univ Bergen,"Johannessen, T. : Omar, A.",Norway
BHNQ20080325,Trans Carrier,Ship,Univ Bergen,"Johannessen, T. : Omar, A.",Norway
BHNQ20080401,Trans Carrier,Ship,Univ Bergen,"Johannessen, T. : Omar, A.",Norway
BHNQ20080409,Trans Carrier,Ship,Univ Bergen,"Johannessen, T. : Omar, A.",Norway
BHNQ20080415,Trans Carrier,Ship,Univ Bergen,"Johannessen, T. : Omar, A.",Norway
BHNQ20080421,Trans Carrier,Ship,Univ Bergen,"Johannessen, T. : Omar, A.",Norway
BHNQ20080428,Trans Carrier,Ship,Univ Bergen,"Johannessen, T. : Omar, A.",Norway
BHNQ20080505,Trans Carrier,Ship,Univ Bergen,"Johannessen, T. : Omar, A.",Norway
BHNQ20080512,Trans Carrier,Ship,Univ Bergen,"Johannessen, T. : Omar, A.",Norway
BHNQ20080519,Trans Carrier,Ship,Univ Bergen,"Johannessen, T. : Omar, A.",Norway
BHNQ20080526,Trans Carrier,Ship,Univ Bergen,"Johannessen, T. : Omar, A.",Norway
BHNQ20080602,Trans Carrier,Ship,Univ Bergen,"Johannessen, T. : Omar, A.",Norway
BHNQ20080609,Trans Carrier,Ship,Univ Bergen,"Johannessen, T. : Omar, A.",Norway
BHNQ20080616,Trans Carrier,Ship,Univ Bergen,"Johannessen, T. : Omar, A.",Norway
BHNQ20080623,Trans Carrier,Ship,Univ Bergen,"Johannessen, T. : Omar, A.",Norway
BHNQ20080701,Trans Carrier,Ship,Univ Bergen,"Johannessen, T. : Omar, A.",Norway
BHNQ20080707,Trans Carrier,Ship,Univ Bergen,"Johannessen, T. : Omar, A.",Norway
BHNQ20080714,Trans Carrier,Ship,Univ Bergen,"Johannessen, T. : Omar, A.",Norway
BHNQ20080722,Trans Carrier,Ship,Univ Bergen,"Johannessen, T. : Omar, A.",Norway
BHNQ20080728,Trans Carrier,Ship,Univ Bergen,"Johannessen, T. : Omar, A.",Norway
BHNQ20080811,Trans Carrier,Ship,Univ Bergen,"Johannessen, T. : Omar, A.",Norway
BHNQ20080818,Trans Carrier,Ship,Univ Bergen,"Johannessen, T. : Omar, A.",Norway
BHNQ20080825,Trans Carrier,Ship,Univ Bergen,"Johannessen, T. : Omar, A.",Norway
BHNQ20080908,Trans Carrier,Ship,Univ Bergen,"Johannessen, T. : Omar, A.",Norway
BHNQ20080916,Trans Carrier,Ship,Univ Bergen,"Johannessen, T. : Omar, A.",Norway
BHNQ20080922,Trans Carrier,Ship,Univ Bergen,"Johannessen, T. : Omar, A.",Norway
BHNQ20080929,Trans Carrier,Ship,Univ Bergen,"Johannessen, T. : Omar, A.",Norway
BHNQ20081006,Trans Carrier,Ship,Univ Bergen,"Johannessen, T. : Omar, A.",Norway
BHNQ20081013,Trans Carrier,Ship,Univ Bergen,"Johannessen, T. : Omar, A.",Norway
BHNQ20081021,Trans Carrier,Ship,Univ Bergen,"Johannessen, T. : Omar, A.",Norway
BHNQ20081028,Trans Carrier,Ship,Univ Bergen,"Johannessen, T. : Omar, A.",Norway
BHNQ20081102,Trans Carrier,Ship,Univ Bergen,"Johannessen, T. : Omar, A.",Norway
BHNQ20081110,Trans Carrier,Ship,Univ Bergen,"Johannessen, T. : Omar, A.",Norway
BHNQ20081118,Trans Carrier,Ship,Univ Bergen,"Johannessen, T. : Omar, A.",Norway
BHNQ20081125,Trans Carrier,Ship,Univ Bergen,"Johannessen, T. : Omar, A.",Norway
BHNQ20081201,Trans Carrier,Ship,Univ Bergen,"Johannessen, T. : Omar, A.",Norway
BHNQ20081209,Trans Carrier,Ship,Univ Bergen,"Johannessen, T. : Omar, A.",Norway
BHNQ20090220,Trans Carrier,Ship,Univ Bergen,"Johannessen, T. : Omar, A.",Norway
BHNQ20090228,Trans Carrier,Ship,Univ Bergen,"Johannessen, T. : Omar, A.",Norway
BHNQ20090307,Trans Carrier,Ship,Univ Bergen,"Johannessen, T. : Omar, A.",Norway
BHNQ20090313,Trans Carrier,Ship,Univ Bergen,"Johannessen, T. : Omar, A.",Norway
BHNQ20090320,Trans Carrier,Ship,Univ Bergen,"Johannessen, T. : Omar, A.",Norway
BHNQ20090417,Trans Carrier,Ship,Univ Bergen,"Johannessen, T. : Omar, A.",Norway
BHNQ20090424,Trans Carrier,Ship,Univ Bergen,"Johannessen, T. : Omar, A.",Norway
BHNQ20090501,Trans Carrier,Ship,Univ Bergen,"Johannessen, T. : Omar, A.",Norway
BHNQ20090508,Trans Carrier,Ship,Univ Bergen,"Johannessen, T. : Omar, A.",Norway
BHNQ20090515,Trans Carrier,Ship,Univ Bergen,"Johannessen, T. : Omar, A.",Norway
BHNQ20090522,Trans Carrier,Ship,Univ Bergen,"Johannessen, T. : Omar, A.",Norway
BHNQ20090529,Trans Carrier,Ship,Univ Bergen,"Johannessen, T. : Omar, A.",Norway
BHNQ20090606,Trans Carrier,Ship,Univ Bergen,"Johannessen, T. : Omar, A.",Norway
BHNQ20090612,Trans Carrier,Ship,Univ Bergen,"Johannessen, T. : Omar, A.",Norway
BHNQ20090619,Trans Carrier,Ship,Univ Bergen,"Johannessen, T. : Omar, A.",Norway
BHNQ20090626,Trans Carrier,Ship,Univ Bergen,"Johannessen, T. : Omar, A.",Norway
BHNQ20090704,Trans Carrier,Ship,Univ Bergen,"Johannessen, T. : Omar, A.",Norway
BHNQ20090711,Trans Carrier,Ship,Univ Bergen,"Johannessen, T. : Omar, A.",Norway
BHNQ20090717,Trans Carrier,Ship,Univ Bergen,"Johannessen, T. : Omar, A.",Norway
BHNQ20090724,Trans Carrier,Ship,Univ Bergen,"Johannessen, T. : Omar, A.",Norway
BHNQ20090731,Trans Carrier,Ship,Univ Bergen,"Johannessen, T. : Omar, A.",Norway
BHNQ20090807,Trans Carrier,Ship,Univ Bergen,"Johannessen, T. : Omar, A.",Norway
BHNQ20090815,Trans Carrier,Ship,Univ Bergen,"Johannessen, T. : Omar, A.",Norway
BHNQ20090821,Trans Carrier,Ship,Univ Bergen,"Johannessen, T. : Omar, A.",Norway
BHNQ20090828,Trans Carrier,Ship,Univ Bergen,"Johannessen, T. : Omar, A.",Norway
BHNQ20090908,Trans Carrier,Ship,Univ Bergen,"Johannessen, T. : Omar, A.",Norway
BHNQ20090915,Trans Carrier,Ship,Univ Bergen,"Johannessen, T. : Omar, A.",Norway
BHNQ20180820,Trans Carrier,Ship,Univ Bergen,"Omar, A. : Johannessen, T.",Norway
BHNQ20190729,Trans Carrier,Ship,Univ Bergen,"Omar, A.",Norway
BHNQ20200410,Trans Carrier,Ship,Univ Bergen,"Omar, A.",Norway
BHNQ20200414,Trans Carrier,Ship,NORCE,"Omar, A.",Norway
BHNQ20200417,Trans Carrier,Ship,Univ Bergen,"Omar, A.",Norway
BHNQ20200420,Trans Carrier,Ship,Univ Bergen,"Omar, A.",Norway
BHNQ20200424,Trans Carrier,Ship,Univ Bergen,"Omar, A.",Norway
BHNQ20200504,Trans Carrier,Ship,Univ Bergen,"Omar, A.",Norway
BHNQ20200508,Trans Carrier,Ship,Univ Bergen,"Omar, A.",Norway
BHNQ20200511,Trans Carrier,Ship,Univ Bergen,"Omar, A.",Norway
BHNQ20200515,Trans Carrier,Ship,Univ Bergen,"Omar, A.",Norway
BHNQ20200518,Trans Carrier,Ship,Univ Bergen,"Omar, A.",Norway
BHNQ20200601,Trans Carrier,Ship,Univ Bergen,"Omar, A.",Norway
BHNQ20200605,Trans Carrier,Ship,Univ Bergen,"Omar, A.",Norway
BHNQ20200608,Trans Carrier,Ship,Univ Bergen,"Omar, A.",Norway
BHNQ20200612,Trans Carrier,Ship,Univ Bergen,"Omar, A.",Norway
BHNQ20200616,Trans Carrier,Ship,Univ Bergen,"Omar, A.",Norway
BMBE20100302,Barcelona Express,Ship,NOAA AOML,"Wanninkhof, R. : Pierrot, D.",USA
BMBE20100326,Barcelona Express,Ship,NOAA AOML,"Wanninkhof, R. : Pierrot, D.",USA
BMBE20101014,Barcelona Express,Ship,NOAA AOML,"Wanninkhof, R. : Pierrot, D.",USA
BMBE20101202,Barcelona Express,Ship,NOAA AOML,"Wanninkhof, R. : Pierrot, D.",USA
BMBE20110726,Barcelona Express,Ship,NOAA AOML,"Wanninkhof, R. : Pierrot, D.",USA
BMBE20110809,Barcelona Express,Ship,NOAA AOML,"Wanninkhof, R. : Pierrot, D.",USA
BMBE20110927,Barcelona Express,Ship,NOAA AOML,"Wanninkhof, R. : Pierrot, D.",USA
BMBE20111119,Barcelona Express,Ship,NOAA AOML,"Wanninkhof, R. : Pierrot, D.",USA
BMBE20120418,Barcelona Express,Ship,NOAA AOML,"Wanninkhof, R. : Pierrot, D.",USA
BMBE20120703,Barcelona Express,Ship,NOAA AOML,"Wanninkhof, R. : Pierrot, D.",USA
BMBE20120913,Barcelona Express,Ship,NOAA AOML,"Wanninkhof, R. : Pierrot, D.",USA
BMBE20121220,Barcelona Express,Ship,NOAA AOML,"Wanninkhof, R. : Pierrot, D.",USA
BMBE20130207,Barcelona Express,Ship,NOAA AOML,"Wanninkhof, R. : Pierrot, D.",USA
BMBE20130220,Barcelona Express,Ship,NOAA AOML,"Wanninkhof, R. : Pierrot, D.",USA
BMBE20130329,Barcelona Express,Ship,NOAA AOML,"Wanninkhof, R. : Pierrot, D.",USA
BMBE20130515,Barcelona Express,Ship,NOAA AOML,"Wanninkhof, R. : Pierrot, D.",USA
BMBE20130528,Barcelona Express,Ship,NOAA AOML,"Wanninkhof, R. : Pierrot, D.",USA
BMBE20130702,Barcelona Express,Ship,NOAA AOML,"Wanninkhof, R. : Pierrot, D.",USA
BMBE20130716,Barcelona Express,Ship,NOAA AOML,"Wanninkhof, R. : Pierrot, D.",USA
BMBE20130903,Barcelona Express,Ship,NOAA AOML,"Wanninkhof, R. : Pierrot, D.",USA
CISG20180319,AkzoNobel,Ship,GEOMAR,"Tanhua, T. : Gutekunst, S.",Germany
CISG20190526,AkzoNobel,Ship,GEOMAR,"Gutekunst, S.",Germany
CIT620171022,Turn the Tide on Plastic,Ship,GEOMAR,"Gutekunst, S.",Germany
CYNS20101001,Natalie Schulte,Ship,NOAA PMEL,"Feely, R.",USA
CYNS20101125,Natalie Schulte,Ship,NOAA PMEL,"Feely, R.",USA
CYNS20110322,Natalie Schulte,Ship,NOAA PMEL,"Cosca, C. : Feely, R. : Alin, S.",USA
CYNS20110513,Natalie Schulte,Ship,NOAA PMEL,"Cosca, C. : Feely, R. : Alin, S.",USA
CYNS20110709,Natalie Schulte,Ship,NOAA PMEL,"Cosca, C. : Feely, R. : Alin, S.",USA
CYNS20110902,Natalie Schulte,Ship,NOAA PMEL,"Cosca, C. : Feely, R. : Alin, S.",USA
CYNS20111029,Natalie Schulte,Ship,NOAA PMEL,"Cosca, C. : Feely, R. : Alin, S.",USA
CYNS20120216,Natalie Schulte,Ship,NOAA PMEL,"Cosca, C.",USA
CYNS20120416,Natalie Schulte,Ship,NOAA PMEL,"Cosca, C. : Feely, R. : Alin, S.",USA
CYNS20120608,Natalie Schulte,Ship,NOAA PMEL,"Cosca, C. : Feely, R. : Alin, S.",USA
HKOT20080919,Tianjin,Ship,NOAA PMEL,"Feely, R.",USA
HKOT20081006,Tianjin,Ship,NOAA PMEL,"Feely, R.",USA
HKOT20081112,Tianjin,Ship,NOAA PMEL,"Feely, R.",USA
HKOT20090119,Tianjin,Ship,NOAA PMEL,"Feely, R.",USA
HKOT20090331,Tianjin,Ship,NOAA PMEL,"Feely, R.",USA
HKOT20091030,Tianjin,Ship,NOAA PMEL,"Feely, R.",USA
HKOT20091202,Tianjin,Ship,NOAA PMEL,"Feely, R.",USA
HKOT20100218,Tianjin,Ship,NOAA PMEL,"Feely, R.",USA
HKPB20091024,Pacific Celebes,Ship,NOC UK,"Hartman, S.E.",UK
HKPB20100130,Pacific Celebes,Ship,NOC UK,"Hartman, S.E.",UK
HKPB20100328,Pacific Celebes,Ship,NOC UK,"Hartman, S.E.",UK
HKPB20100515,Pacific Celebes,Ship,NOC UK,"Hartman, S.E.",UK
HKPB20100818,Pacific Celebes,Ship,NOC UK,"Hartman, S.E.",UK
HKPB20101006,Pacific Celebes,Ship,NOC UK,"Hartman, S.E.",UK
HKPB20101123,Pacific Celebes,Ship,NOC UK,"Hartman, S.E.",UK
HKPB20110731,Pacific Celebes,Ship,NOC UK,"Hartman, S.E.",UK
HKPB20110920,Pacific Celebes,Ship,NOC UK,"Hartman, S.E.",UK
HKPB20111109,Pacific Celebes,Ship,NOC UK,"Hartman, S.E.",UK
HKPB20120104,Pacific Celebes,Ship,NOC UK,"Hartman, S.E.",UK
HKPB20120213,Pacific Celebes,Ship,NOC UK,"Hartman, S.E.",UK
MHAL20240311,MV Oleander,Ship,BIOS,"Bates, N.R. : Enright M",Bermuda
MHAL20240402,MV Oleander,Ship,BIOS,"Bates, N.R. : Enright M",Bermuda
MHAL20240801,MV Oleander,Ship,BIOS,"Bates, N.R. : Enright M",Bermuda
MHAL20240901,MV Oleander,Ship,BIOS,"Bates, N.R. : Enright M",Bermuda
MHAL20241002,MV Oleander,Ship,BIOS,"Bates, N.R. : Enright M",Bermuda
MHAL20241102,MV Oleander,Ship,BIOS,"Bates, N.R. : Enright M",Bermuda
MHAL20241201,MV Oleander,Ship,BIOS,"Bates, N.R. : Enright M",Bermuda
MLCE20150223,Equinox,Ship,NOAA AOML,"Wanninkhof, R. : Pierrot, D.",USA
MLCE20150306,Equinox,Ship,NOAA AOML,"Wanninkhof, R. : Pierrot, D.",USA
MLCE20150316,Equinox,Ship,NOAA AOML,"Wanninkhof, R. : Pierrot, D.",USA
MLCE20150327,Equinox,Ship,NOAA AOML,"Wanninkhof, R. : Pierrot, D.",USA
MLCE20150406,Equinox,Ship,NOAA AOML,"Wanninkhof, R. : Pierrot, D.",USA
MLCE20150417,Equinox,Ship,NOAA AOML,"Wanninkhof, R. : Pierrot, D.",USA
MLCE20150427,Equinox,Ship,NOAA AOML,"Wanninkhof, R. : Pierrot, D.",USA
MLCE20150511,Equinox,Ship,NOAA AOML,"Wanninkhof, R. : Pierrot, D.",USA
MLCE20150521,Equinox,Ship,NOAA AOML,"Wanninkhof, R. : Pierrot, D.",USA
MLCE20150602,Equinox,Ship,NOAA AOML,"Wanninkhof, R. : Pierrot, D.",USA
MLCE20150627,Equinox,Ship,NOAA AOML,"Wanninkhof, R. : Pierrot, D.",USA
MLCE20150704,Equinox,Ship,NOAA AOML,"Wanninkhof, R. : Pierrot, D.",USA
MLCE20150711,Equinox,Ship,NOAA AOML,"Wanninkhof, R. : Pierrot, D.",USA
MLCE20150719,Equinox,Ship,NOAA AOML,"Wanninkhof, R. : Pierrot, D.",USA
MLCE20150725,Equinox,Ship,NOAA AOML,"Wanninkhof, R. : Pierrot, D.",USA
MLCE20150801,Equinox,Ship,NOAA AOML,"Wanninkhof, R. : Pierrot, D.",USA
MLCE20150814,Equinox,Ship,NOAA AOML,"Wanninkhof, R. : Pierrot, D.",USA
MLCE20150824,Equinox,Ship,NOAA AOML,"Wanninkhof, R. : Pierrot, D.",USA
MLCE20150907,Equinox,Ship,NOAA AOML,"Wanninkhof, R. : Pierrot, D.",USA
MLCE20150919,Equinox,Ship,NOAA AOML,"Wanninkhof, R. : Pierrot, D.",USA
MLCE20151003,Equinox,Ship,NOAA AOML,"Wanninkhof, R. : Pierrot, D.",USA
MLCE20151015,Equinox,Ship,NOAA AOML,"Wanninkhof, R. : Pierrot, D.",USA
MLCE20151027,Equinox,Ship,NOAA AOML,"Wanninkhof, R. : Pierrot, D.",USA
MLCE20151109,Equinox,Ship,NOAA AOML,"Wanninkhof, R. : Pierrot, D.",USA
MLCE20151120,Equinox,Ship,NOAA AOML,"Wanninkhof, R. : Pierrot, D.",USA
MLCE20151130,Equinox,Ship,NOAA AOML,"Wanninkhof, R. : Pierrot, D.",USA
MLCE20151211,Equinox,Ship,NOAA AOML,"Wanninkhof, R. : Pierrot, D.",USA
MLCE20151221,Equinox,Ship,NOAA AOML,"Wanninkhof, R. : Pierrot, D.",USA
MLCE20160102,Equinox,Ship,NOAA AOML,"Wanninkhof, R. : Pierrot, D.",USA
MLCE20160111,Equinox,Ship,NOAA AOML,"Wanninkhof, R. : Pierrot, D.",USA
MLCE20160122,Equinox,Ship,NOAA AOML,"Wanninkhof, R. : Pierrot, D.",USA
MLCE20160201,Equinox,Ship,NOAA AOML,"Wanninkhof, R. : Pierrot, D.",USA
MLCE20160212,Equinox,Ship,NOAA AOML,"Wanninkhof, R. : Pierrot, D.",USA
MLCE20160222,Equinox,Ship,NOAA AOML,"Wanninkhof, R. : Pierrot, D.",USA
MLCE20160304,Equinox,Ship,NOAA AOML,"Wanninkhof, R. : Pierrot, D.",USA
MLCE20160314,Equinox,Ship,NOAA AOML,"Wanninkhof, R. : Pierrot, D.",USA
MLCE20160325,Equinox,Ship,NOAA AOML,"Wanninkhof, R. : Pierrot, D.",USA
MLCE20160404,Equinox,Ship,NOAA AOML,"Wanninkhof, R. : Pierrot, D.",USA
MLCE20160415,Equinox,Ship,NOAA AOML,"Wanninkhof, R. : Pierrot, D.",USA
MLCE20160429,Equinox,Ship,NOAA AOML,"Wanninkhof, R. : Pierrot, D.",USA
MLCE20160509,Equinox,Ship,NOAA AOML,"Wanninkhof, R. : Pierrot, D.",USA
MLCE20160519,Equinox,Ship,NOAA AOML,"Wanninkhof, R. : Pierrot, D.",USA
MLCE20160531,Equinox,Ship,NOAA AOML,"Wanninkhof, R. : Pierrot, D.",USA
MLCE20160612,Equinox,Ship,NOAA AOML,"Wanninkhof, R. : Pierrot, D.",USA
MLCE20160618,Equinox,Ship,NOAA AOML,"Wanninkhof, R. : Pierrot, D.",USA
MLCE20160625,Equinox,Ship,NOAA AOML,"Wanninkhof, R. : Pierrot, D.",USA
MLCE20160702,Equinox,Ship,NOAA AOML,"Wanninkhof, R. : Pierrot, D.",USA
MLCE20160710,Equinox,Ship,NOAA AOML,"Wanninkhof, R. : Pierrot, D.",USA
MLCE20160717,Equinox,Ship,NOAA AOML,"Wanninkhof, R. : Pierrot, D.",USA
MLCE20160723,Equinox,Ship,NOAA AOML,"Wanninkhof, R. : Pierrot, D.",USA
MLCE20160730,Equinox,Ship,NOAA AOML,"Wanninkhof, R. : Pierrot, D.",USA
MLCE20160806,Equinox,Ship,NOAA AOML,"Wanninkhof, R. : Pierrot, D.",USA
MLCE20160815,Equinox,Ship,NOAA AOML,"Wanninkhof, R. : Pierrot, D.",USA
MLCE20160826,Equinox,Ship,NOAA AOML,"Wanninkhof, R. : Pierrot, D.",USA
MLCE20160907,Equinox,Ship,NOAA AOML,"Wanninkhof, R. : Pierrot, D.",USA
MLCE20160921,Equinox,Ship,NOAA AOML,"Wanninkhof, R. : Pierrot, D.",USA
MLCE20161003,Equinox,Ship,NOAA AOML,"Wanninkhof, R. : Pierrot, D.",USA
MLCE20161030,Equinox,Ship,NOAA AOML,"Wanninkhof, R. : Pierrot, D.",USA
MLCE20161107,Equinox,Ship,NOAA AOML,"Wanninkhof, R. : Pierrot, D.",USA
MLCE20161119,Equinox,Ship,NOAA AOML,"Wanninkhof, R. : Pierrot, D.",USA
MLCE20161128,Equinox,Ship,NOAA AOML,"Wanninkhof, R. : Pierrot, D.",USA
MLCE20161209,Equinox,Ship,NOAA AOML,"Wanninkhof, R. : Pierrot, D.",USA
MLCE20161219,Equinox,Ship,NOAA AOML,"Wanninkhof, R. : Pierrot, D.",USA
MLCE20170102,Equinox,Ship,NOAA AOML,"Wanninkhof, R. : Pierrot, D.",USA
MLCE20170109,Equinox,Ship,NOAA AOML,"Wanninkhof, R. : Pierrot, D.",USA
MLCE20170120,Equinox,Ship,NOAA AOML,"Wanninkhof, R. : Pierrot, D.",USA
MLCE20170130,Equinox,Ship,NOAA AOML,"Wanninkhof, R. : Pierrot, D.",USA
MLCE20170210,Equinox,Ship,NOAA AOML,"Wanninkhof, R. : Pierrot, D.",USA
MLCE20170220,Equinox,Ship,NOAA AOML,"Wanninkhof, R. : Pierrot, D.",USA
MLCE20170303,Equinox,Ship,NOAA AOML,"Wanninkhof, R. : Pierrot, D.",USA
MLCE20170313,Equinox,Ship,NOAA AOML,"Wanninkhof, R. : Pierrot, D.",USA
MLCE20170324,Equinox,Ship,NOAA AOML,"Wanninkhof, R. : Pierrot, D.",USA
MLCE20170403,Equinox,Ship,NOAA AOML,"Wanninkhof, R. : Pierrot, D.",USA
MLCE20170414,Equinox,Ship,NOAA AOML,"Wanninkhof, R. : Pierrot, D.",USA
MLCE20170424,Equinox,Ship,NOAA AOML,"Wanninkhof, R. : Pierrot, D.",USA
MLCE20170505,Equinox,Ship,NOAA AOML,"Wanninkhof, R. : Pierrot, D.",USA
MLCE20170515,Equinox,Ship,NOAA AOML,"Wanninkhof, R. : Pierrot, D.",USA
MLCE20170526,Equinox,Ship,NOAA AOML,"Wanninkhof, R. : Pierrot, D.",USA
MLCE20170604,Equinox,Ship,NOAA AOML,"Wanninkhof, R. : Pierrot, D.",USA
MLCE20170611,Equinox,Ship,NOAA AOML,"Wanninkhof, R. : Pierrot, D.",USA
MLCE20170618,Equinox,Ship,NOAA AOML,"Wanninkhof, R. : Pierrot, D.",USA
MLCE20170625,Equinox,Ship,NOAA AOML,"Wanninkhof, R. : Pierrot, D.",USA
MLCE20170702,Equinox,Ship,NOAA AOML,"Wanninkhof, R. : Pierrot, D.",USA
MLCE20170709,Equinox,Ship,NOAA AOML,"Wanninkhof, R. : Pierrot, D.",USA
MLCE20170716,Equinox,Ship,NOAA AOML,"Wanninkhof, R. : Pierrot, D.",USA
MLCE20170723,Equinox,Ship,NOAA AOML,"Wanninkhof, R. : Pierrot, D.",USA
MLCE20170730,Equinox,Ship,NOAA AOML,"Wanninkhof, R. : Pierrot, D.",USA
MLCE20170806,Equinox,Ship,NOAA AOML,"Wanninkhof, R. : Pierrot, D.",USA
MLCE20170813,Equinox,Ship,NOAA AOML,"Wanninkhof, R. : Pierrot, D.",USA
MLCE20170827,Equinox,Ship,NOAA AOML,"Wanninkhof, R. : Pierrot, D.",USA
MLCE20170904,Equinox,Ship,NOAA AOML,"Wanninkhof, R. : Pierrot, D.",USA
MLCE20170915,Equinox,Ship,NOAA AOML,"Wanninkhof, R. : Pierrot, D.",USA
MLCE20170925,Equinox,Ship,NOAA AOML,"Wanninkhof, R. : Pierrot, D.",USA
MLCE20171006,Equinox,Ship,NOAA AOML,"Wanninkhof, R. : Pierrot, D.",USA
MLCE20171016,Equinox,Ship,NOAA AOML,"Wanninkhof, R. : Pierrot, D.",USA
MLCE20171027,Equinox,Ship,NOAA AOML,"Wanninkhof, R. : Pierrot, D.",USA
MLCE20171106,Equinox,Ship,NOAA AOML,"Wanninkhof, R. : Pierrot, D.",USA
MLCE20171116,Equinox,Ship,NOAA AOML,"Wanninkhof, R. : Pierrot, D.",USA
MLCE20171125,Equinox,Ship,NOAA AOML,"Wanninkhof, R. : Pierrot, D.",USA
MLCE20171202,Equinox,Ship,NOAA AOML,"Wanninkhof, R. : Pierrot, D.",USA
MLCE20171209,Equinox,Ship,NOAA AOML,"Wanninkhof, R. : Pierrot, D.",USA
MLCE20171216,Equinox,Ship,NOAA AOML,"Wanninkhof, R. : Pierrot, D.",USA
MLCE20171223,Equinox,Ship,NOAA AOML,"Wanninkhof, R. : Pierrot, D.",USA
MLCE20171230,Equinox,Ship,NOAA AOML,"Wanninkhof, R. : Pierrot, D.",USA
MLCE20180106,Equinox,Ship,NOAA AOML,"Wanninkhof, R. : Pierrot, D.",USA
MLCE20180111,Equinox,Ship,NOAA AOML,"Wanninkhof, R. : Pierrot, D.",USA
MLCE20180117,Equinox,Ship,NOAA AOML,"Wanninkhof, R. : Pierrot, D.",USA
MLCE20180120,Equinox,Ship,NOAA AOML,"Wanninkhof, R. : Pierrot, D.",USA
MLCE20180127,Equinox,Ship,NOAA AOML,"Wanninkhof, R. : Pierrot, D.",USA
MLCE20180203,Equinox,Ship,NOAA AOML,"Wanninkhof, R. : Pierrot, D.",USA
MLCE20180210,Equinox,Ship,NOAA AOML,"Wanninkhof, R. : Pierrot, D.",USA
MLCE20180217,Equinox,Ship,NOAA AOML,"Wanninkhof, R. : Pierrot, D.",USA
MLCE20180224,Equinox,Ship,NOAA AOML,"Wanninkhof, R. : Pierrot, D.",USA
MLCE20180303,Equinox,Ship,NOAA AOML,"Wanninkhof, R. : Pierrot, D.",USA
MLCE20180310,Equinox,Ship,NOAA AOML,"Wanninkhof, R. : Pierrot, D.",USA
MLCE20180317,Equinox,Ship,NOAA AOML,"Wanninkhof, R. : Pierrot, D.",USA
MLCE20180324,Equinox,Ship,NOAA AOML,"Wanninkhof, R. : Pierrot, D.",USA
MLCE20180331,Equinox,Ship,NOAA AOML,"Wanninkhof, R. : Pierrot, D.",USA
MLCE20180407,Equinox,Ship,NOAA AOML,"Wanninkhof, R. : Pierrot, D.",USA
MLCE20180415,Equinox,Ship,NOAA AOML,"Wanninkhof, R. : Pierrot, D.",USA
MLCE20180423,Equinox,Ship,NOAA AOML,"Wanninkhof, R. : Pierrot, D.",USA
MLCE20180504,Equinox,Ship,NOAA AOML,"Wanninkhof, R. : Pierrot, D.",USA
MLCE20180514,Equinox,Ship,NOAA AOML,"Wanninkhof, R. : Pierrot, D.",USA
MLCE20180525,Equinox,Ship,NOAA AOML,"Wanninkhof, R. : Pierrot, D.",USA
MLCE20180602,Equinox,Ship,NOAA AOML,"Wanninkhof, R. : Pierrot, D.",USA
MLCE20180609,Equinox,Ship,NOAA AOML,"Wanninkhof, R. : Pierrot, D.",USA
MLCE20180616,Equinox,Ship,NOAA AOML,"Wanninkhof, R. : Pierrot, D.",USA
MLCE20180623,Equinox,Ship,NOAA AOML,"Wanninkhof, R. : Pierrot, D.",USA
MLCE20180630,Equinox,Ship,NOAA AOML,"Wanninkhof, R. : Pierrot, D.",USA
MLCE20180707,Equinox,Ship,NOAA AOML,"Wanninkhof, R. : Pierrot, D.",USA
MLCE20180714,Equinox,Ship,NOAA AOML,"Wanninkhof, R. : Pierrot, D.",USA
MLCE20180721,Equinox,Ship,NOAA AOML,"Wanninkhof, R. : Pierrot, D.",USA
MLCE20180728,Equinox,Ship,NOAA AOML,"Wanninkhof, R. : Pierrot, D.",USA
MLCE20180804,Equinox,Ship,NOAA AOML,"Wanninkhof, R. : Pierrot, D.",USA
MLCE20180811,Equinox,Ship,NOAA AOML,"Wanninkhof, R. : Pierrot, D.",USA
MLCE20180818,Equinox,Ship,NOAA AOML,"Wanninkhof, R. : Pierrot, D.",USA
MLCE20180825,Equinox,Ship,NOAA AOML,"Wanninkhof, R. : Pierrot, D.",USA
MLCE20180903,Equinox,Ship,NOAA AOML,"Wanninkhof, R. : Pierrot, D.",USA
MLCE20180914,Equinox,Ship,NOAA AOML,"Wanninkhof, R. : Pierrot, D.",USA
MLCE20180924,Equinox,Ship,NOAA AOML,"Wanninkhof, R. : Pierrot, D.",USA
MLCE20181005,Equinox,Ship,NOAA AOML,"Wanninkhof, R. : Pierrot, D.",USA
MLCE20181015,Equinox,Ship,NOAA AOML,"Wanninkhof, R. : Pierrot, D.",USA
MLCE20181023,Equinox,Ship,NOAA AOML,"Wanninkhof, R. : Pierrot, D.",USA
MLCE20181026,Equinox,Ship,NOAA AOML,"Wanninkhof, R. : Pierrot, D.",USA
MLCE20181105,Equinox,Ship,NOAA AOML,"Wanninkhof, R. : Pierrot, D.",USA
MLCE20181116,Equinox,Ship,NOAA AOML,"Wanninkhof, R. : Pierrot, D.",USA
MLCE20181124,Equinox,Ship,NOAA AOML,"Wanninkhof, R. : Pierrot, D.",USA
MLCE20181201,Equinox,Ship,NOAA AOML,"Wanninkhof, R. : Pierrot, D.",USA
MLCE20181208,Equinox,Ship,NOAA AOML,"Wanninkhof, R. : Pierrot, D.",USA
MLCE20181215,Equinox,Ship,NOAA AOML,"Wanninkhof, R. : Pierrot, D.",USA
MLCE20181222,Equinox,Ship,NOAA AOML,"Wanninkhof, R. : Pierrot, D.",USA
MLCE20190105,Equinox,Ship,NOAA AOML,"Wanninkhof, R. : Pierrot, D.",USA
MLCE20190112,Equinox,Ship,NOAA AOML,"Wanninkhof, R. : Pierrot, D.",USA
MLCE20190119,Equinox,Ship,NOAA AOML,"Wanninkhof, R. : Pierrot, D.",USA
MLCE20190126,Equinox,Ship,NOAA AOML,"Wanninkhof, R. : Pierrot, D.",USA
MLCE20190202,Equinox,Ship,NOAA AOML,"Wanninkhof, R. : Pierrot, D.",USA
MLCE20190209,Equinox,Ship,NOAA AOML,"Wanninkhof, R. : Pierrot, D.",USA
MLCE20190216,Equinox,Ship,NOAA AOML,"Wanninkhof, R. : Pierrot, D.",USA
MLCE20190223,Equinox,Ship,NOAA AOML,"Wanninkhof, R. : Pierrot, D.",USA
MLCE20190302,Equinox,Ship,NOAA AOML,"Wanninkhof, R. : Pierrot, D.",USA
MLCE20190309,Equinox,Ship,NOAA AOML,"Wanninkhof, R. : Pierrot, D.",USA
MLCE20190316,Equinox,Ship,NOAA AOML,"Wanninkhof, R. : Pierrot, D.",USA
MLCE20190323,Equinox,Ship,NOAA AOML,"Wanninkhof, R. : Pierrot, D.",USA
MLCE20190330,Equinox,Ship,NOAA AOML,"Wanninkhof, R. : Pierrot, D.",USA
MLCE20190406,Equinox,Ship,NOAA AOML,"Wanninkhof, R. : Pierrot, D.",USA
MLCE20190413,Equinox,Ship,NOAA AOML,"Wanninkhof, R. : Pierrot, D.",USA
MLCE20190420,Equinox,Ship,NOAA AOML,"Wanninkhof, R. : Pierrot, D.",USA
MLCE20190629,Equinox,Ship,NOAA AOML,"Wanninkhof, R. : Pierrot, D.",USA
MLCE20190706,Equinox,Ship,NOAA AOML,"Wanninkhof, R. : Pierrot, D.",USA
MLCE20190713,Equinox,Ship,NOAA AOML,"Wanninkhof, R. : Pierrot, D.",USA
MLCE20190720,Equinox,Ship,NOAA AOML,"Wanninkhof, R. : Pierrot, D.",USA
MLCE20190727,Equinox,Ship,NOAA AOML,"Wanninkhof, R. : Pierrot, D.",USA
MLCE20190803,Equinox,Ship,NOAA AOML,"Wanninkhof, R. : Pierrot, D.",USA
MLCE20190810,Equinox,Ship,NOAA AOML,"Wanninkhof, R. : Pierrot, D.",USA
MLCE20190817,Equinox,Ship,NOAA AOML,"Wanninkhof, R. : Pierrot, D.",USA
MLCE20190824,Equinox,Ship,NOAA AOML,"Wanninkhof, R. : Pierrot, D.",USA
MLCE20190831,Equinox,Ship,NOAA AOML,"Wanninkhof, R. : Pierrot, D.",USA
MLCE20190907,Equinox,Ship,NOAA AOML,"Wanninkhof, R. : Pierrot, D.",USA
MLCE20190913,Equinox,Ship,NOAA AOML,"Wanninkhof, R. : Pierrot, D.",USA
MLCE20190923,Equinox,Ship,NOAA AOML,"Wanninkhof, R. : Pierrot, D.",USA
MLCE20191004,Equinox,Ship,NOAA AOML,"Wanninkhof, R. : Pierrot, D.",USA
MLCE20191014,Equinox,Ship,NOAA AOML,"Wanninkhof, R. : Pierrot, D.",USA
MLCE20191025,Equinox,Ship,NOAA AOML,"Wanninkhof, R. : Pierrot, D.",USA
MLCE20191102,Equinox,Ship,NOAA AOML,"Wanninkhof, R. : Pierrot, D.",USA
MLCE20191109,Equinox,Ship,NOAA AOML,"Wanninkhof, R. : Pierrot, D.",USA
MLCE20191116,Equinox,Ship,NOAA AOML,"Wanninkhof, R. : Pierrot, D.",USA
MLCE20191123,Equinox,Ship,NOAA AOML,"Wanninkhof, R. : Pierrot, D.",USA
MLCE20191130,Equinox,Ship,NOAA AOML,"Wanninkhof, R. : Pierrot, D.",USA
MLCE20191207,Equinox,Ship,NOAA AOML,"Wanninkhof, R. : Pierrot, D.",USA
MLCE20191214,Equinox,Ship,NOAA AOML,"Wanninkhof, R. : Pierrot, D.",USA
MLCE20191221,Equinox,Ship,NOAA AOML,"Wanninkhof, R. : Pierrot, D.",USA
MLCE20191228,Equinox,Ship,NOAA AOML,"Wanninkhof, R. : Pierrot, D.",USA
MLCE20200104,Equinox,Ship,NOAA AOML,"Wanninkhof, R. : Pierrot, D.",USA
MLCE20200110,Equinox,Ship,NOAA AOML,"Wanninkhof, R. : Pierrot, D.",USA
MLCE20200118,Equinox,Ship,NOAA AOML,"Wanninkhof, R. : Pierrot, D.",USA
MLCE20200125,Equinox,Ship,NOAA AOML,"Wanninkhof, R. : Pierrot, D.",USA
MLCE20200201,Equinox,Ship,NOAA AOML,"Wanninkhof, R. : Pierrot, D.",USA
MLCE20200208,Equinox,Ship,NOAA AOML,"Wanninkhof, R. : Pierrot, D.",USA
MLCE20200215,Equinox,Ship,NOAA AOML,"Wanninkhof, R. : Pierrot, D.",USA
MLCE20200222,Equinox,Ship,NOAA AOML,"Wanninkhof, R. : Pierrot, D.",USA
MLCE20200229,Equinox,Ship,NOAA AOML,"Wanninkhof, R. : Pierrot, D.",USA
MLCE20200307,Equinox,Ship,NOAA AOML,"Wanninkhof, R. : Pierrot, D.",USA
MLCE20221112,Equinox,Ship,NOAA AOML,"Wanninkhof, R. : Pierrot, D.",USA
MLCE20221121,Equinox,Ship,NOAA AOML,"Wanninkhof, R. : Pierrot, D.",USA
MLCE20221201,Equinox,Ship,NOAA AOML,"Wanninkhof, R. : Pierrot, D.",USA
MLCE20221212,Equinox,Ship,NOAA AOML,"Wanninkhof, R. : Pierrot, D.",USA
MLCE20230121,Equinox,Ship,NOAA AOML,"Wanninkhof, R. : Pierrot, D.",USA
MLCE20230130,Equinox,Ship,NOAA AOML,"Wanninkhof, R. : Pierrot, D.",USA
MLCE20230209,Equinox,Ship,NOAA AOML,"Wanninkhof, R. : Pierrot, D.",USA
MLCE20230218,Equinox,Ship,NOAA AOML,"Wanninkhof, R. : Pierrot, D.",USA
MLCE20230227,Equinox,Ship,NOAA AOML,"Wanninkhof, R. : Pierrot, D.",USA
MLCE20230318,Equinox,Ship,NOAA AOML,"Wanninkhof, R. : Pierrot, D.",USA
MLCE20230327,Equinox,Ship,NOAA AOML,"Wanninkhof, R. : Pierrot, D.",USA
MLCE20230406,Equinox,Ship,NOAA AOML,"Wanninkhof, R. : Pierrot, D.",USA
MLCE20230415,Equinox,Ship,NOAA AOML,"Wanninkhof, R. : Pierrot, D.",USA
MLCE20230424,Equinox,Ship,NOAA AOML,"Wanninkhof, R. : Pierrot, D.",USA
MLCE20230504,Equinox,Ship,NOAA AOML,"Wanninkhof, R. : Pierrot, D.",USA
MLCE20230513,Equinox,Ship,NOAA AOML,"Wanninkhof, R. : Pierrot, D.",USA
MLCE20241125,Equinox,Ship,NOAA AOML,"Wanninkhof, R. : Pierrot, D.",USA
MLCE20241214,Equinox,Ship,NOAA AOML,"Wanninkhof, R. : Pierrot, D.",USA
MLCE20241228,Equinox,Ship,NOAA AOML,"Wanninkhof, R. : Pierrot, D.",USA
MLCE20250104,Equinox,Ship,NOAA AOML,"Wanninkhof, R. : Pierrot, D.",USA
MLCE20250111,Equinox,Ship,NOAA AOML,"Wanninkhof, R. : Pierrot, D.",USA
MLCE20250118,Equinox,Ship,NOAA AOML,"Wanninkhof, R. : Pierrot, D.",USA
MLSC20240301,Sea-Cargo Express,Ship,NORCE,"Omar, A: Kritensen, T O",Norway
MLSC20240401,Sea-Cargo Express,Ship,NORCE,"Omar, A: Kritensen, T O",Norway
MLSC20240501,Sea-Cargo Express,Ship,NORCE,"Omar, A: Kritensen, T O",Norway
MLSC20240705,Sea-Cargo Express,Ship,NORCE,"Omar, A: Kritensen, T O",Norway
MLSC20240901,Sea-Cargo Express,Ship,NORCE,"Omar, A: Kritensen, T O",Norway
MO9920210529,1 degree,Ship,GEOMAR,"Tanhua, T.",Germany
PA1G20151110,MSC Marianna,Ship,Univ Las Palmas,"Gonzalez-Davila, M. : Santana-Casiano, J.M.",Spain
PA1G20151218,MSC Marianna,Ship,Univ Las Palmas,"Gonzalez-Davila, M. : Santana-Casiano, J.M.",Spain
PA1G20160427,MSC Marianna,Ship,Univ Las Palmas,"Gonzalez-Davila, M. : Santana-Casiano, J.M.",Spain
PA1G20160531,MSC Marianna,Ship,Univ Las Palmas,"Gonzalez-Davila, M. : Santana-Casiano, J.M.",Spain
PA1G20161022,MSC Marianna,Ship,Univ Las Palmas,"Gonzalez-Davila, M. : Santana-Casiano, J.M.",Spain
PA1G20161214,MSC Marianna,Ship,Univ Las Palmas,"Gonzalez-Davila, M. : Santana-Casiano, J.M.",Spain
PA1G20170207,MSC Marianna,Ship,Univ Las Palmas,"Gonzalez-Davila, M. : Santana-Casiano, J.M.",Spain
PANC20140411,New Century 2,Ship,NIES Japan,"Nakaoka, S.-I.",Japan
PANC20140427,New Century 2,Ship,NIES Japan,"Nakaoka, S.-I.",Japan
PANC20140513,New Century 2,Ship,NIES Japan,"Nakaoka, S.-I.",Japan
PANC20140528,New Century 2,Ship,NIES Japan,"Nakaoka, S.-I.",Japan
PANC20140612,New Century 2,Ship,NIES Japan,"Nakaoka, S.-I.",Japan
PANC20140625,New Century 2,Ship,NIES Japan,"Nakaoka, S.-I.",Japan
PANC20140714,New Century 2,Ship,NIES Japan,"Nakaoka, S.-I.",Japan
PANC20140811,New Century 2,Ship,NIES Japan,"Nakaoka, S.-I.",Japan
PANC20140910,New Century 2,Ship,NIES Japan,"Nakaoka, S.-I.",Japan
PANC20140925,New Century 2,Ship,NIES Japan,"Nakaoka, S.-I.",Japan
PANC20141011,New Century 2,Ship,NIES Japan,"Nakaoka, S.-I.",Japan
PANC20141028,New Century 2,Ship,NIES Japan,"Nakaoka, S.-I.",Japan
PANC20141114,New Century 2,Ship,NIES Japan,"Nakaoka, S.-I.",Japan
PANC20141212,New Century 2,Ship,NIES Japan,"Nakaoka, S.-I.",Japan
PANC20150316,New Century 2,Ship,NIES Japan,"Nakaoka, S.-I.",Japan
PANC20150401,New Century 2,Ship,NIES Japan,"Nakaoka, S.-I.",Japan
PANC20150416,New Century 2,Ship,NIES Japan,"Nakaoka, S.-I.",Japan
PANC20150504,New Century 2,Ship,NIES Japan,"Nakaoka, S.-I.",Japan
PANC20150520,New Century 2,Ship,NIES Japan,"Nakaoka, S.-I.",Japan
PANC20150605,New Century 2,Ship,NIES Japan,"Nakaoka, S.-I.",Japan
PANC20150623,New Century 2,Ship,NIES Japan,"Nakaoka, S.-I.",Japan
PANC20150707,New Century 2,Ship,NIES Japan,"Nakaoka, S.-I.",Japan
PANC20150723,New Century 2,Ship,NIES Japan,"Nakaoka, S.-I.",Japan
PANC20150809,New Century 2,Ship,NIES Japan,"Nakaoka, S.-I.",Japan
PANC20150826,New Century 2,Ship,NIES Japan,"Nakaoka, S.-I.",Japan
PANC20150924,New Century 2,Ship,NIES Japan,"Nakaoka, S.-I.",Japan
PANC20151026,New Century 2,Ship,NIES Japan,"Nakaoka, S.-I.",Japan
PANC20151111,New Century 2,Ship,NIES Japan,"Nakaoka, S.-I.",Japan
PANC20151216,New Century 2,Ship,NIES Japan,"Nakaoka, S.-I.",Japan
PANC20160103,New Century 2,Ship,NIES Japan,"Nakaoka, S.-I.",Japan
PANC20160125,New Century 2,Ship,NIES Japan,"Nakaoka, S.-I.",Japan
PANC20160211,New Century 2,Ship,NIES Japan,"Nakaoka, S.-I.",Japan
PANC20160302,New Century 2,Ship,NIES Japan,"Nakaoka, S.-I.",Japan
PANC20160319,New Century 2,Ship,NIES Japan,"Nakaoka, S.-I.",Japan
PANC20160412,New Century 2,Ship,NIES Japan,"Nakaoka, S.-I.",Japan
PANC20160501,New Century 2,Ship,NIES Japan,"Nakaoka, S.-I.",Japan
PANC20160525,New Century 2,Ship,NIES Japan,"Nakaoka, S.-I.",Japan
PANC20160608,New Century 2,Ship,NIES Japan,"Nakaoka, S.-I.",Japan
PANC20160625,New Century 2,Ship,NIES Japan,"Nakaoka, S.-I.",Japan
PANC20160722,New Century 2,Ship,NIES Japan,"Nakaoka, S.-I.",Japan
PANC20160826,New Century 2,Ship,NIES Japan,"Nakaoka, S.-I.",Japan
PANC20160911,New Century 2,Ship,NIES Japan,"Nakaoka, S.-I.",Japan
PANC20160928,New Century 2,Ship,NIES Japan,"Nakaoka, S.-I.",Japan
PANC20161014,New Century 2,Ship,NIES Japan,"Nakaoka, S.-I.",Japan
PANC20161031,New Century 2,Ship,NIES Japan,"Nakaoka, S.-I.",Japan
PANC20161117,New Century 2,Ship,NIES Japan,"Nakaoka, S.-I.",Japan
PANC20161203,New Century 2,Ship,NIES Japan,"Nakaoka, S.-I.",Japan
PANC20170103,New Century 2,Ship,NIES Japan,"Nakaoka, S.-I.",Japan
PANC20170204,New Century 2,Ship,NIES Japan,"Nakaoka, S.-I.",Japan
PANC20170306,New Century 2,Ship,NIES Japan,"Nakaoka, S.-I.",Japan
PANC20170404,New Century 2,Ship,NIES Japan,"Nakaoka, S.-I.",Japan
PANC20170502,New Century 2,Ship,NIES Japan,"Nakaoka, S.-I.",Japan
PANC20170601,New Century 2,Ship,NIES Japan,"Nakaoka, S.-I.",Japan
PANC20170617,New Century 2,Ship,NIES Japan,"Nakaoka, S.-I.",Japan
PANC20170703,New Century 2,Ship,NIES Japan,"Nakaoka, S.-I.",Japan
PANC20170731,New Century 2,Ship,NIES Japan,"Nakaoka, S.-I.",Japan
PANC20170831,New Century 2,Ship,NIES Japan,"Nakaoka, S.-I.",Japan
PANC20170919,New Century 2,Ship,NIES Japan,"Nakaoka, S.-I.",Japan
PANC20171003,New Century 2,Ship,NIES Japan,"Nakaoka, S.-I.",Japan
PANC20171019,New Century 2,Ship,NIES Japan,"Nakaoka, S.-I.",Japan
PANC20171107,New Century 2,Ship,NIES Japan,"Nakaoka, S.-I.",Japan
PANC20171208,New Century 2,Ship,NIES Japan,"Nakaoka, S.-I.",Japan
PANC20180110,New Century 2,Ship,NIES Japan,"Nakaoka, S.-I.",Japan
PANC20180125,New Century 2,Ship,NIES Japan,"Nakaoka, S.-I.",Japan
PANC20180227,New Century 2,Ship,NIES Japan,"Nakaoka, S.-I.",Japan
PANC20180317,New Century 2,Ship,NIES Japan,"Nakaoka, S.-I.",Japan
PANC20180402,New Century 2,Ship,NIES Japan,"Nakaoka, S.-I.",Japan
PANC20180419,New Century 2,Ship,NIES Japan,"Nakaoka, S.-I.",Japan
PANC20180510,New Century 2,Ship,NIES Japan,"Nakaoka, S.-I.",Japan
PANC20180607,New Century 2,Ship,NIES Japan,"Nakaoka, S.-I.",Japan
PANC20180705,New Century 2,Ship,NIES Japan,"Nakaoka, S.-I.",Japan
PANC20180721,New Century 2,Ship,NIES Japan,"Nakaoka, S.-I.",Japan
PANC20180807,New Century 2,Ship,NIES Japan,"Nakaoka, S.-I.",Japan
PANC20180823,New Century 2,Ship,NIES Japan,"Nakaoka, S.-I.",Japan
PANC20180912,New Century 2,Ship,NIES Japan,"Nakaoka, S.-I.",Japan
PANC20180927,New Century 2,Ship,NIES Japan,"Nakaoka, S.-I.",Japan
PANC20181016,New Century 2,Ship,NIES Japan,"Nakaoka, S.-I.",Japan
PANC20181116,New Century 2,Ship,NIES Japan,"Nakaoka, S.-I.",Japan
PANC20181212,New Century 2,Ship,NIES Japan,"Nakaoka, S.-I.",Japan
PANC20181229,New Century 2,Ship,NIES Japan,"Nakaoka, S.-I.",Japan
PANC20190116,New Century 2,Ship,NIES Japan,"Nakaoka, S.-I.",Japan
PANC20190215,New Century 2,Ship,NIES Japan,"Nakaoka, S.-I.",Japan
PANC20190317,New Century 2,Ship,NIES Japan,"Nakaoka, S.-I.",Japan
PANC20190416,New Century 2,Ship,NIES Japan,"Nakaoka, S.-I.",Japan
PANC20190515,New Century 2,Ship,NIES Japan,"Nakaoka, S.-I.",Japan
PANC20190531,New Century 2,Ship,NIES Japan,"Nakaoka, S.-I.",Japan
PANC20190618,New Century 2,Ship,NIES Japan,"Nakaoka, S.-I.",Japan
PANC20190716,New Century 2,Ship,NIES Japan,"Nakaoka, S.-I.",Japan
PANC20190810,New Century 2,Ship,NIES Japan,"Nakaoka, S.-I.",Japan
PANC20190827,New Century 2,Ship,NIES Japan,"Nakaoka, S.-I.",Japan
PANC20190910,New Century 2,Ship,NIES Japan,"Nakaoka, S.-I.",Japan
PANC20191008,New Century 2,Ship,NIES Japan,"Nakaoka, S.-I.",Japan
PANC20191119,New Century 2,Ship,NIES Japan,"Nakaoka, S.-I.",Japan
PANC20191209,New Century 2,Ship,NIES Japan,"Nakaoka, S.-I.",Japan
PANC20191225,New Century 2,Ship,NIES Japan,"Nakaoka, S.-I.",Japan
PANC20200114,New Century 2,Ship,NIES Japan,"Nakaoka, S.-I.",Japan
PANC20200205,New Century 2,Ship,NIES Japan,"Nakaoka, S.-I.",Japan
PANC20200220,New Century 2,Ship,NIES Japan,"Nakaoka, S.-I.",Japan
PANC20200307,New Century 2,Ship,NIES Japan,"Nakaoka, S.-I.",Japan
PANC20200407,New Century 2,Ship,NIES Japan,"Nakaoka, S.-I.",Japan
PANC20200530,New Century 2,Ship,NIES Japan,"Nakaoka, S.-I.",Japan
PANC20200703,New Century 2,Ship,NIES Japan,"Nakaoka, S.-I.",Japan
PANC20200730,New Century 2,Ship,NIES Japan,"Nakaoka, S.-I.",Japan
PANC20200816,New Century 2,Ship,NIES Japan,"Nakaoka, S.-I.",Japan
PANC20200829,New Century 2,Ship,NIES Japan,"Nakaoka, S.-I.",Japan
PANC20200914,New Century 2,Ship,NIES Japan,"Nakaoka, S.-I.",Japan
PANC20200927,New Century 2,Ship,NIES Japan,"Nakaoka, S.-I.",Japan
PANC20201017,New Century 2,Ship,NIES Japan,"Nakaoka, S.-I.",Japan
PANC20201103,New Century 2,Ship,NIES Japan,"Nakaoka, S.-I.",Japan
PANC20201204,New Century 2,Ship,NIES Japan,"Nakaoka, S.-I.",Japan
PANC20210112,New Century 2,Ship,NIES Japan,"Nakaoka, S.-I.",Japan
PANC20210129,New Century 2,Ship,NIES Japan,"Nakaoka, S.-I.",Japan
PANC20210215,New Century 2,Ship,NIES Japan,"Nakaoka, S.-I.",Japan
PANC20210304,New Century 2,Ship,NIES Japan,"Nakaoka, S.-I.",Japan
PANC20210324,New Century 2,Ship,NIES Japan,"Nakaoka, S.-I.",Japan
PANC20210522,New Century 2,Ship,NIES Japan,"Nakaoka, S.-I.",Japan
PANC20210619,New Century 2,Ship,NIES Japan,"Nakaoka, S.-I.",Japan
PANC20210717,New Century 2,Ship,NIES Japan,"Nakaoka, S.-I.",Japan
PANC20210816,New Century 2,Ship,NIES Japan,"Nakaoka, S.-I.",Japan
PANC20211102,New Century 2,Ship,NIES Japan,"Nakaoka, S.-I.",Japan
PANC20211201,New Century 2,Ship,NIES Japan,"Nakaoka, S.-I.",Japan
PANC20211229,New Century 2,Ship,NIES Japan,"Nakaoka, S.-I.",Japan
PANC20220201,New Century 2,Ship,NIES Japan,"Nakaoka, S.-I.",Japan
PANC20220308,New Century 2,Ship,NIES Japan,"Nakaoka, S.-I.",Japan
PANC20220412,New Century 2,Ship,NIES Japan,"Nakaoka, S.-I.",Japan
PANC20220520,New Century 2,Ship,NIES Japan,"Nakaoka, S.-I.",Japan
PANC20220624,New Century 2,Ship,NIES Japan,"Nakaoka, S.-I.",Japan
PANC20220723,New Century 2,Ship,NIES Japan,"Nakaoka, S.-I.",Japan
PANC20220804,New Century 2,Ship,NIES Japan,"Nakaoka, S.-I.",Japan
PANC20220820,New Century 2,Ship,NIES Japan,"Nakaoka, S.-I.",Japan
PANC20220914,New Century 2,Ship,NIES Japan,"Nakaoka, S.-I.",Japan
PANC20221014,New Century 2,Ship,NIES Japan,"Nakaoka, S.-I.",Japan
PANC20221117,New Century 2,Ship,NIES Japan,"Nakaoka, S.-I.",Japan
PANC20221204,New Century 2,Ship,NIES Japan,"Nakaoka, S.-I.",Japan
PANC20221225,New Century 2,Ship,NIES Japan,"Nakaoka, S.-I.",Japan
PANC20230108,New Century 2,Ship,NIES Japan,"Nakaoka, S.-I.",Japan
PANC20230215,New Century 2,Ship,NIES Japan,"Nakaoka, S.-I.",Japan
PANC20230305,New Century 2,Ship,NIES Japan,"Nakaoka, S.-I.",Japan
PANC20230326,New Century 2,Ship,NIES Japan,"Nakaoka, S.-I.",Japan
PANC20230415,New Century 2,Ship,NIES Japan,"Nakaoka, S.-I.",Japan
PANC20230504,New Century 2,Ship,NIES Japan,"Nakaoka, S.-I.",Japan
PANC20230522,New Century 2,Ship,NIES Japan,"Nakaoka, S.-I.",Japan
PANC20230607,New Century 2,Ship,NIES Japan,"Nakaoka, S.-I.",Japan
PANC20230623,New Century 2,Ship,NIES Japan,"Nakaoka, S.-I.",Japan
PANC20230707,New Century 2,Ship,NIES Japan,"Nakaoka, S.-I.",Japan
PANC20230804,New Century 2,Ship,NIES Japan,"Nakaoka, S.-I.",Japan
PANC20230908,New Century 2,Ship,NIES Japan,"Nakaoka, S.-I.",Japan
PANC20230925,New Century 2,Ship,NIES Japan,"Nakaoka, S.-I.",Japan
PANC20231011,New Century 2,Ship,NIES Japan,"Nakaoka, S.-I.",Japan
PANC20231027,New Century 2,Ship,NIES Japan,"Nakaoka, S.-I.",Japan
PANC20231113,New Century 2,Ship,NIES Japan,"Nakaoka, S.-I.",Japan
PANC20231130,New Century 2,Ship,NIES Japan,"Nakaoka, S.-I.",Japan
PANC20231215,New Century 2,Ship,NIES Japan,"Nakaoka, S.-I.",Japan
PANC20240101,New Century 2,Ship,NIES Japan,"Nakaoka, S.-I.",Japan
PANC20240216,New Century 2,Ship,NIES Japan,"Nakaoka, S.-I.",Japan
PANC20240308,New Century 2,Ship,NIES Japan,"Nakaoka, S.-I.",Japan
PANC20240325,New Century 2,Ship,NIES Japan,"Nakaoka, S.-I.",Japan
PANC20240412,New Century 2,Ship,NIES Japan,"Nakaoka, S.-I.",Japan
PANC20240513,New Century 2,Ship,NIES Japan,"Nakaoka, S.-I.",Japan
PANC20240529,New Century 2,Ship,NIES Japan,"Nakaoka, S.-I.",Japan
PANC20240620,New Century 2,Ship,NIES Japan,"Nakaoka, S.-I.",Japan
PANC20240713,New Century 2,Ship,NIES Japan,"Nakaoka, S.-I.",Japan
PANC20240802,New Century 2,Ship,NIES Japan,"Nakaoka, S.-I.",Japan
PANC20240821,New Century 2,Ship,NIES Japan,"Nakaoka, S.-I.",Japan
PANC20240829,New Century 2,Ship,NIES Japan,"Nakaoka, S.-I.",Japan
PANC20240918,New Century 2,Ship,NIES Japan,"Nakaoka, S.-I.",Japan
PANC20241015,New Century 2,Ship,NIES Japan,"Nakaoka, S.-I.",Japan
PASR20140117,Santa Cruz,Ship,LOCEAN,"Lefevre, N. : Diverres, D.",France
PASR20140219,Santa Cruz,Ship,LOCEAN,"Lefevre, N. : Diverres, D.",France
PAT520060627,Trans Future 5,Ship,NIES Japan,"Nojiri, Y.",Japan
PAT520060715,Trans Future 5,Ship,NIES Japan,"Nojiri, Y.",Japan
PAT520060724,Trans Future 5,Ship,NIES Japan,"Nojiri, Y.",Japan
PAT520060807,Trans Future 5,Ship,NIES Japan,"Nojiri, Y.",Japan
PAT520061007,Trans Future 5,Ship,NIES Japan,"Nojiri, Y.",Japan
PAT520061016,Trans Future 5,Ship,NIES Japan,"Nojiri, Y.",Japan
PAT520061029,Trans Future 5,Ship,NIES Japan,"Nojiri, Y.",Japan
PAT520061118,Trans Future 5,Ship,NIES Japan,"Nojiri, Y.",Japan
PAT520061127,Trans Future 5,Ship,NIES Japan,"Nojiri, Y.",Japan
PAT520061210,Trans Future 5,Ship,NIES Japan,"Nojiri, Y.",Japan
PAT520061229,Trans Future 5,Ship,NIES Japan,"Nojiri, Y.",Japan
PAT520070107,Trans Future 5,Ship,NIES Japan,"Nojiri, Y.",Japan
PAT520070120,Trans Future 5,Ship,NIES Japan,"Nojiri, Y.",Japan
PAT520070210,Trans Future 5,Ship,NIES Japan,"Nojiri, Y.",Japan
PAT520070219,Trans Future 5,Ship,NIES Japan,"Nojiri, Y.",Japan
PAT520070304,Trans Future 5,Ship,NIES Japan,"Nojiri, Y.",Japan
PAT520070324,Trans Future 5,Ship,NIES Japan,"Nojiri, Y.",Japan
PAT520070403,Trans Future 5,Ship,NIES Japan,"Nojiri, Y.",Japan
PAT520070417,Trans Future 5,Ship,NIES Japan,"Nojiri, Y.",Japan
PAT520070507,Trans Future 5,Ship,NIES Japan,"Nojiri, Y.",Japan
PAT520070516,Trans Future 5,Ship,NIES Japan,"Nojiri, Y.",Japan
PAT520070527,Trans Future 5,Ship,NIES Japan,"Nojiri, Y.",Japan
PAT520070616,Trans Future 5,Ship,NIES Japan,"Nojiri, Y.",Japan
PAT520070626,Trans Future 5,Ship,NIES Japan,"Nojiri, Y.",Japan
PAT520070709,Trans Future 5,Ship,NIES Japan,"Nojiri, Y.",Japan
PAT520070728,Trans Future 5,Ship,NIES Japan,"Nojiri, Y.",Japan
PAT520070806,Trans Future 5,Ship,NIES Japan,"Nojiri, Y.",Japan
PAT520070818,Trans Future 5,Ship,NIES Japan,"Nojiri, Y.",Japan
PAT520070908,Trans Future 5,Ship,NIES Japan,"Nojiri, Y.",Japan
PAT520070917,Trans Future 5,Ship,NIES Japan,"Nojiri, Y.",Japan
PAT520071002,Trans Future 5,Ship,NIES Japan,"Nojiri, Y.",Japan
PAT520071020,Trans Future 5,Ship,NIES Japan,"Nojiri, Y.",Japan
PAT520071029,Trans Future 5,Ship,NIES Japan,"Nojiri, Y.",Japan
PAT520071110,Trans Future 5,Ship,NIES Japan,"Nojiri, Y.",Japan
PAT520071201,Trans Future 5,Ship,NIES Japan,"Nojiri, Y.",Japan
PAT520071210,Trans Future 5,Ship,NIES Japan,"Nojiri, Y.",Japan
PAT520071222,Trans Future 5,Ship,NIES Japan,"Nojiri, Y.",Japan
PAT520080113,Trans Future 5,Ship,NIES Japan,"Nojiri, Y.",Japan
PAT520080122,Trans Future 5,Ship,NIES Japan,"Nojiri, Y.",Japan
PAT520080204,Trans Future 5,Ship,NIES Japan,"Nojiri, Y.",Japan
PAT520080223,Trans Future 5,Ship,NIES Japan,"Nojiri, Y.",Japan
PAT520080304,Trans Future 5,Ship,NIES Japan,"Nojiri, Y.",Japan
PAT520080316,Trans Future 5,Ship,NIES Japan,"Nojiri, Y.",Japan
PAT520080405,Trans Future 5,Ship,NIES Japan,"Nojiri, Y.",Japan
PAT520080414,Trans Future 5,Ship,NIES Japan,"Nojiri, Y.",Japan
PAT520080426,Trans Future 5,Ship,NIES Japan,"Nojiri, Y.",Japan
PAT520080517,Trans Future 5,Ship,NIES Japan,"Nojiri, Y.",Japan
PAT520080526,Trans Future 5,Ship,NIES Japan,"Nojiri, Y.",Japan
PAT520080607,Trans Future 5,Ship,NIES Japan,"Nojiri, Y.",Japan
PAT520080628,Trans Future 5,Ship,NIES Japan,"Nojiri, Y.",Japan
PAT520080707,Trans Future 5,Ship,NIES Japan,"Nojiri, Y.",Japan
PAT520080720,Trans Future 5,Ship,NIES Japan,"Nojiri, Y.",Japan
PAT520080809,Trans Future 5,Ship,NIES Japan,"Nojiri, Y.",Japan
PAT520080818,Trans Future 5,Ship,NIES Japan,"Nojiri, Y.",Japan
PAT520080830,Trans Future 5,Ship,NIES Japan,"Nojiri, Y.",Japan
PAT520080921,Trans Future 5,Ship,NIES Japan,"Nojiri, Y.",Japan
PAT520080930,Trans Future 5,Ship,NIES Japan,"Nojiri, Y.",Japan
PAT520081012,Trans Future 5,Ship,NIES Japan,"Nojiri, Y.",Japan
PAT520081101,Trans Future 5,Ship,NIES Japan,"Nojiri, Y.",Japan
PAT520081111,Trans Future 5,Ship,NIES Japan,"Nojiri, Y.",Japan
PAT520081123,Trans Future 5,Ship,NIES Japan,"Nojiri, Y.",Japan
PAT520081213,Trans Future 5,Ship,NIES Japan,"Nojiri, Y.",Japan
PAT520081222,Trans Future 5,Ship,NIES Japan,"Nojiri, Y.",Japan
PAT520090103,Trans Future 5,Ship,NIES Japan,"Nojiri, Y.",Japan
PAT520090124,Trans Future 5,Ship,NIES Japan,"Nojiri, Y.",Japan
PAT520090202,Trans Future 5,Ship,NIES Japan,"Nojiri, Y.",Japan
PAT520090215,Trans Future 5,Ship,NIES Japan,"Nojiri, Y.",Japan
PAT520090307,Trans Future 5,Ship,NIES Japan,"Nojiri, Y.",Japan
PAT520090318,Trans Future 5,Ship,NIES Japan,"Nojiri, Y.",Japan
PAT520090330,Trans Future 5,Ship,NIES Japan,"Nojiri, Y.",Japan
PAT520090418,Trans Future 5,Ship,NIES Japan,"Nojiri, Y.",Japan
PAT520090428,Trans Future 5,Ship,NIES Japan,"Nojiri, Y.",Japan
PAT520090509,Trans Future 5,Ship,NIES Japan,"Nojiri, Y.",Japan
PAT520090530,Trans Future 5,Ship,NIES Japan,"Nojiri, Y.",Japan
PAT520090610,Trans Future 5,Ship,NIES Japan,"Nojiri, Y.",Japan
PAT520090624,Trans Future 5,Ship,NIES Japan,"Nojiri, Y.",Japan
PAT520090711,Trans Future 5,Ship,NIES Japan,"Nojiri, Y.",Japan
PAT520090721,Trans Future 5,Ship,NIES Japan,"Nojiri, Y.",Japan
PAT520090802,Trans Future 5,Ship,NIES Japan,"Nojiri, Y.",Japan
PAT520091003,Trans Future 5,Ship,NIES Japan,"Nojiri, Y.",Japan
PAT520091015,Trans Future 5,Ship,NIES Japan,"Nojiri, Y.",Japan
PAT520091027,Trans Future 5,Ship,NIES Japan,"Nojiri, Y.",Japan
PAT520091114,Trans Future 5,Ship,NIES Japan,"Nojiri, Y.",Japan
PAT520091124,Trans Future 5,Ship,NIES Japan,"Nojiri, Y.",Japan
PAT520091206,Trans Future 5,Ship,NIES Japan,"Nojiri, Y.",Japan
PAT520091226,Trans Future 5,Ship,NIES Japan,"Nojiri, Y.",Japan
PAT520100106,Trans Future 5,Ship,NIES Japan,"Nojiri, Y.",Japan
PAT520100118,Trans Future 5,Ship,NIES Japan,"Nojiri, Y.",Japan
PAT520100206,Trans Future 5,Ship,NIES Japan,"Nojiri, Y.",Japan
PAT520100217,Trans Future 5,Ship,NIES Japan,"Nojiri, Y.",Japan
PAT520100302,Trans Future 5,Ship,NIES Japan,"Nojiri, Y.",Japan
PAT520100315,Trans Future 5,Ship,NIES Japan,"Nojiri, Y.",Japan
PAT520100319,Trans Future 5,Ship,NIES Japan,"Nojiri, Y.",Japan
PAT520100320,Trans Future 5,Ship,NIES Japan,"Nojiri, Y.",Japan
PAT520100330,Trans Future 5,Ship,NIES Japan,"Nojiri, Y.",Japan
PAT520100411,Trans Future 5,Ship,NIES Japan,"Nojiri, Y.",Japan
PAT520100426,Trans Future 5,Ship,NIES Japan,"Nojiri, Y.",Japan
PAT520100430,Trans Future 5,Ship,NIES Japan,"Nojiri, Y.",Japan
PAT520100501,Trans Future 5,Ship,NIES Japan,"Nojiri, Y.",Japan
PAT520100512,Trans Future 5,Ship,NIES Japan,"Nojiri, Y.",Japan
PAT520100611,Trans Future 5,Ship,NIES Japan,"Nojiri, Y.",Japan
PAT520100612,Trans Future 5,Ship,NIES Japan,"Nojiri, Y.",Japan
PAT520100622,Trans Future 5,Ship,NIES Japan,"Nojiri, Y.",Japan
PAT520100704,Trans Future 5,Ship,NIES Japan,"Nojiri, Y.",Japan
PAT520100717,Trans Future 5,Ship,NIES Japan,"Nojiri, Y.",Japan
PAT520100723,Trans Future 5,Ship,NIES Japan,"Nojiri, Y.",Japan
PAT520100724,Trans Future 5,Ship,NIES Japan,"Nojiri, Y.",Japan
PAT520100804,Trans Future 5,Ship,NIES Japan,"Nojiri, Y.",Japan
PAT520100816,Trans Future 5,Ship,NIES Japan,"Nojiri, Y.",Japan
PAT520100830,Trans Future 5,Ship,NIES Japan,"Nojiri, Y.",Japan
PAT520100903,Trans Future 5,Ship,NIES Japan,"Nojiri, Y.",Japan
PAT520100904,Trans Future 5,Ship,NIES Japan,"Nojiri, Y.",Japan
PAT520100915,Trans Future 5,Ship,NIES Japan,"Nojiri, Y.",Japan
PAT520100927,Trans Future 5,Ship,NIES Japan,"Nojiri, Y.",Japan
PAT520101009,Trans Future 5,Ship,NIES Japan,"Nojiri, Y.",Japan
PAT520101015,Trans Future 5,Ship,NIES Japan,"Nojiri, Y.",Japan
PAT520101016,Trans Future 5,Ship,NIES Japan,"Nojiri, Y.",Japan
PAT520101026,Trans Future 5,Ship,NIES Japan,"Nojiri, Y.",Japan
PAT520101108,Trans Future 5,Ship,NIES Japan,"Nojiri, Y.",Japan
PAT520101122,Trans Future 5,Ship,NIES Japan,"Nojiri, Y.",Japan
PAT520101126,Trans Future 5,Ship,NIES Japan,"Nojiri, Y.",Japan
PAT520101127,Trans Future 5,Ship,NIES Japan,"Nojiri, Y.",Japan
PAT520101208,Trans Future 5,Ship,NIES Japan,"Nojiri, Y.",Japan
PAT520101221,Trans Future 5,Ship,NIES Japan,"Nojiri, Y.",Japan
PAT520110104,Trans Future 5,Ship,NIES Japan,"Nojiri, Y.",Japan
PAT520110108,Trans Future 5,Ship,NIES Japan,"Nojiri, Y.",Japan
PAT520110118,Trans Future 5,Ship,NIES Japan,"Nojiri, Y.",Japan
PAT520110201,Trans Future 5,Ship,NIES Japan,"Nojiri, Y.",Japan
PAT520110214,Trans Future 5,Ship,NIES Japan,"Nojiri, Y.",Japan
PAT520110218,Trans Future 5,Ship,NIES Japan,"Nojiri, Y.",Japan
PAT520110219,Trans Future 5,Ship,NIES Japan,"Nojiri, Y.",Japan
PAT520110228,Trans Future 5,Ship,NIES Japan,"Nojiri, Y.",Japan
PAT520110315,Trans Future 5,Ship,NIES Japan,"Nojiri, Y.",Japan
PAT520110328,Trans Future 5,Ship,NIES Japan,"Nojiri, Y.",Japan
PAT520110331,Trans Future 5,Ship,NIES Japan,"Nojiri, Y.",Japan
PAT520110402,Trans Future 5,Ship,NIES Japan,"Nojiri, Y.",Japan
PAT520110414,Trans Future 5,Ship,NIES Japan,"Nojiri, Y.",Japan
PAT520110424,Trans Future 5,Ship,NIES Japan,"Nojiri, Y.",Japan
PAT520110509,Trans Future 5,Ship,NIES Japan,"Nojiri, Y.",Japan
PAT520110513,Trans Future 5,Ship,NIES Japan,"Nojiri, Y.",Japan
PAT520110514,Trans Future 5,Ship,NIES Japan,"Nojiri, Y.",Japan
PAT520110524,Trans Future 5,Ship,NIES Japan,"Nojiri, Y.",Japan
PAT520110606,Trans Future 5,Ship,NIES Japan,"Nojiri, Y.",Japan
PAT520110620,Trans Future 5,Ship,NIES Japan,"Nojiri, Y.",Japan
PAT520110624,Trans Future 5,Ship,NIES Japan,"Nojiri, Y.",Japan
PAT520110625,Trans Future 5,Ship,NIES Japan,"Nojiri, Y.",Japan
PAT520110706,Trans Future 5,Ship,NIES Japan,"Nojiri, Y.",Japan
PAT520110719,Trans Future 5,Ship,NIES Japan,"Nojiri, Y.",Japan
PAT520110801,Trans Future 5,Ship,NIES Japan,"Nojiri, Y.",Japan
PAT520110805,Trans Future 5,Ship,NIES Japan,"Nojiri, Y.",Japan
PAT520110806,Trans Future 5,Ship,NIES Japan,"Nojiri, Y.",Japan
PAT520110816,Trans Future 5,Ship,NIES Japan,"Nojiri, Y.",Japan
PAT520110829,Trans Future 5,Ship,NIES Japan,"Nojiri, Y.",Japan
PAT520110912,Trans Future 5,Ship,NIES Japan,"Nojiri, Y.",Japan
PAT520110916,Trans Future 5,Ship,NIES Japan,"Nojiri, Y.",Japan
PAT520110927,Trans Future 5,Ship,NIES Japan,"Nojiri, Y.",Japan
PAT520111012,Trans Future 5,Ship,NIES Japan,"Nojiri, Y.",Japan
PAT520111024,Trans Future 5,Ship,NIES Japan,"Nojiri, Y.",Japan
PAT520111028,Trans Future 5,Ship,NIES Japan,"Nojiri, Y.",Japan
PAT520111029,Trans Future 5,Ship,NIES Japan,"Nojiri, Y.",Japan
PAT520111109,Trans Future 5,Ship,NIES Japan,"Nojiri, Y.",Japan
PAT520111123,Trans Future 5,Ship,NIES Japan,"Nojiri, Y.",Japan
PAT520111205,Trans Future 5,Ship,NIES Japan,"Nojiri, Y.",Japan
PAT520111209,Trans Future 5,Ship,NIES Japan,"Nojiri, Y.",Japan
PAT520111210,Trans Future 5,Ship,NIES Japan,"Nojiri, Y.",Japan
PAT520111220,Trans Future 5,Ship,NIES Japan,"Nojiri, Y.",Japan
PAT520120103,Trans Future 5,Ship,NIES Japan,"Nojiri, Y.",Japan
PAT520120116,Trans Future 5,Ship,NIES Japan,"Nojiri, Y.",Japan
PAT520120118,Trans Future 5,Ship,NIES Japan,"Nojiri, Y.",Japan
PAT520120203,Trans Future 5,Ship,NIES Japan,"Nojiri, Y.",Japan
PAT520120211,Trans Future 5,Ship,NIES Japan,"Nojiri, Y.",Japan
PAT520120215,Trans Future 5,Ship,NIES Japan,"Nojiri, Y.",Japan
PAT520120217,Trans Future 5,Ship,NIES Japan,"Nojiri, Y.",Japan
PAT520120218,Trans Future 5,Ship,NIES Japan,"Nojiri, Y.",Japan
PAT520120227,Trans Future 5,Ship,NIES Japan,"Nojiri, Y.",Japan
PAT520120312,Trans Future 5,Ship,NIES Japan,"Nojiri, Y.",Japan
PAT520120326,Trans Future 5,Ship,NIES Japan,"Nojiri, Y.",Japan
PAT520120331,Trans Future 5,Ship,NIES Japan,"Nojiri, Y.",Japan
PAT520120401,Trans Future 5,Ship,NIES Japan,"Nojiri, Y.",Japan
PAT520120411,Trans Future 5,Ship,NIES Japan,"Nojiri, Y.",Japan
PAT520120424,Trans Future 5,Ship,NIES Japan,"Nojiri, Y.",Japan
PAT520120507,Trans Future 5,Ship,NIES Japan,"Nojiri, Y.",Japan
PAT520120511,Trans Future 5,Ship,NIES Japan,"Nojiri, Y.",Japan
PAT520120512,Trans Future 5,Ship,NIES Japan,"Nojiri, Y.",Japan
PAT520120522,Trans Future 5,Ship,NIES Japan,"Nojiri, Y.",Japan
PAT520120605,Trans Future 5,Ship,NIES Japan,"Nojiri, Y.",Japan
PAT520120618,Trans Future 5,Ship,NIES Japan,"Nojiri, Y.",Japan
PAT520120622,Trans Future 5,Ship,NIES Japan,"Nojiri, Y.",Japan
PAT520120623,Trans Future 5,Ship,NIES Japan,"Nojiri, Y.",Japan
PAT520120703,Trans Future 5,Ship,NIES Japan,"Nojiri, Y.",Japan
PAT520120716,Trans Future 5,Ship,NIES Japan,"Nojiri, Y.",Japan
PAT520120730,Trans Future 5,Ship,NIES Japan,"Nojiri, Y.",Japan
PAT520120803,Trans Future 5,Ship,NIES Japan,"Nojiri, Y.",Japan
PAT520120804,Trans Future 5,Ship,NIES Japan,"Nojiri, Y.",Japan
PAT520120815,Trans Future 5,Ship,NIES Japan,"Nojiri, Y.",Japan
PAT520120828,Trans Future 5,Ship,NIES Japan,"Nojiri, Y.",Japan
PAT520120910,Trans Future 5,Ship,NIES Japan,"Nojiri, Y.",Japan
PAT520120914,Trans Future 5,Ship,NIES Japan,"Nojiri, Y.",Japan
PAT520120915,Trans Future 5,Ship,NIES Japan,"Nojiri, Y.",Japan
PAT520120925,Trans Future 5,Ship,NIES Japan,"Nojiri, Y.",Japan
PAT520121009,Trans Future 5,Ship,NIES Japan,"Nojiri, Y.",Japan
PAT520121022,Trans Future 5,Ship,NIES Japan,"Nojiri, Y.",Japan
PAT520121026,Trans Future 5,Ship,NIES Japan,"Nojiri, Y.",Japan
PAT520121107,Trans Future 5,Ship,NIES Japan,"Nojiri, Y.",Japan
PAT520121121,Trans Future 5,Ship,NIES Japan,"Nojiri, Y.",Japan
PAT520121203,Trans Future 5,Ship,NIES Japan,"Nojiri, Y.",Japan
PAT520121207,Trans Future 5,Ship,NIES Japan,"Nojiri, Y.",Japan
PAT520121209,Trans Future 5,Ship,NIES Japan,"Nojiri, Y.",Japan
PAT520121218,Trans Future 5,Ship,NIES Japan,"Nojiri, Y.",Japan
PAT520130113,Trans Future 5,Ship,NIES Japan,"Nakaoka, S.-I. : Nojiri, Y.",Japan
PAT520130128,Trans Future 5,Ship,NIES Japan,"Nakaoka, S.-I. : Nojiri, Y.",Japan
PAT520130201,Trans Future 5,Ship,NIES Japan,"Nakaoka, S.-I. : Nojiri, Y.",Japan
PAT520130212,Trans Future 5,Ship,NIES Japan,"Nakaoka, S.-I. : Nojiri, Y.",Japan
PAT520130227,Trans Future 5,Ship,NIES Japan,"Nakaoka, S.-I. : Nojiri, Y.",Japan
PAT520130311,Trans Future 5,Ship,NIES Japan,"Nakaoka, S.-I. : Nojiri, Y.",Japan
PAT520130315,Trans Future 5,Ship,NIES Japan,"Nakaoka, S.-I. : Nojiri, Y.",Japan
PAT520130325,Trans Future 5,Ship,NIES Japan,"Nakaoka, S.-I. : Nojiri, Y.",Japan
PAT520130408,Trans Future 5,Ship,NIES Japan,"Nakaoka, S.-I. : Nojiri, Y.",Japan
PAT520130422,Trans Future 5,Ship,NIES Japan,"Nakaoka, S.-I. : Nojiri, Y.",Japan
PAT520130426,Trans Future 5,Ship,NIES Japan,"Nakaoka, S.-I. : Nojiri, Y.",Japan
PAT520130427,Trans Future 5,Ship,NIES Japan,"Nakaoka, S.-I. : Nojiri, Y.",Japan
PAT520130508,Trans Future 5,Ship,NIES Japan,"Nakaoka, S.-I. : Nojiri, Y.",Japan
PAT520130521,Trans Future 5,Ship,NIES Japan,"Nakaoka, S.-I. : Nojiri, Y.",Japan
PAT520130603,Trans Future 5,Ship,NIES Japan,"Nakaoka, S.-I. : Nojiri, Y.",Japan
PAT520130607,Trans Future 5,Ship,NIES Japan,"Nakaoka, S.-I. : Nojiri, Y.",Japan
PAT520130608,Trans Future 5,Ship,NIES Japan,"Nakaoka, S.-I. : Nojiri, Y.",Japan
PAT520130618,Trans Future 5,Ship,NIES Japan,"Nakaoka, S.-I. : Nojiri, Y.",Japan
PAT520130702,Trans Future 5,Ship,NIES Japan,"Nakaoka, S.-I. : Nojiri, Y.",Japan
PAT520130715,Trans Future 5,Ship,NIES Japan,"Nakaoka, S.-I. : Nojiri, Y.",Japan
PAT520130719,Trans Future 5,Ship,NIES Japan,"Nakaoka, S.-I. : Nojiri, Y.",Japan
PAT520130720,Trans Future 5,Ship,NIES Japan,"Nakaoka, S.-I. : Nojiri, Y.",Japan
PAT520130730,Trans Future 5,Ship,NIES Japan,"Nakaoka, S.-I. : Nojiri, Y.",Japan
PAT520130814,Trans Future 5,Ship,NIES Japan,"Nakaoka, S.-I. : Nojiri, Y.",Japan
PAT520130928,Trans Future 5,Ship,NIES Japan,"Nakaoka, S.-I. : Nojiri, Y.",Japan
PAT520131009,Trans Future 5,Ship,NIES Japan,"Nakaoka, S.-I. : Nojiri, Y.",Japan
PAT520131023,Trans Future 5,Ship,NIES Japan,"Nakaoka, S.-I. : Nojiri, Y.",Japan
PAT520131109,Trans Future 5,Ship,NIES Japan,"Nakaoka, S.-I. : Nojiri, Y.",Japan
PAT520131119,Trans Future 5,Ship,NIES Japan,"Nakaoka, S.-I. : Nojiri, Y.",Japan
PAT520131203,Trans Future 5,Ship,NIES Japan,"Nakaoka, S.-I. : Nojiri, Y.",Japan
PAT520131221,Trans Future 5,Ship,NIES Japan,"Nakaoka, S.-I. : Nojiri, Y.",Japan
PAT520140102,Trans Future 5,Ship,NIES Japan,"Nakaoka, S.-I. : Nojiri, Y.",Japan
PAT520140125,Trans Future 5,Ship,NIES Japan,"Nakaoka, S.-I. : Nojiri, Y.",Japan
PAT520140216,Trans Future 5,Ship,NIES Japan,"Nakaoka, S.-I. : Nojiri, Y.",Japan
PAT520140225,Trans Future 5,Ship,NIES Japan,"Nakaoka, S.-I. : Nojiri, Y.",Japan
PAT520140312,Trans Future 5,Ship,NIES Japan,"Nakaoka, S.-I. : Nojiri, Y.",Japan
PAT520140330,Trans Future 5,Ship,NIES Japan,"Nakaoka, S.-I. : Nojiri, Y.",Japan
PAT520140410,Trans Future 5,Ship,NIES Japan,"Nakaoka, S.-I. : Nojiri, Y.",Japan
PAT520140424,Trans Future 5,Ship,NIES Japan,"Nakaoka, S.-I. : Nojiri, Y.",Japan
PAT520140510,Trans Future 5,Ship,NIES Japan,"Nakaoka, S.-I. : Nojiri, Y.",Japan
PAT520140520,Trans Future 5,Ship,NIES Japan,"Nakaoka, S.-I. : Nojiri, Y.",Japan
PAT520140603,Trans Future 5,Ship,NIES Japan,"Nakaoka, S.-I. : Nojiri, Y.",Japan
PAT520140621,Trans Future 5,Ship,NIES Japan,"Nakaoka, S.-I. : Nojiri, Y.",Japan
PAT520140702,Trans Future 5,Ship,NIES Japan,"Nakaoka, S.-I. : Nojiri, Y.",Japan
PAT520140716,Trans Future 5,Ship,NIES Japan,"Nakaoka, S.-I. : Nojiri, Y.",Japan
PAT520140802,Trans Future 5,Ship,NIES Japan,"Nakaoka, S.-I. : Nojiri, Y.",Japan
PAT520140812,Trans Future 5,Ship,NIES Japan,"Nakaoka, S.-I. : Nojiri, Y.",Japan
PAT520140827,Trans Future 5,Ship,NIES Japan,"Nakaoka, S.-I. : Nojiri, Y.",Japan
PAT520140923,Trans Future 5,Ship,NIES Japan,"Nakaoka, S.-I. : Nojiri, Y.",Japan
PAT520141006,Trans Future 5,Ship,NIES Japan,"Nakaoka, S.-I. : Nojiri, Y.",Japan
PAT520141025,Trans Future 5,Ship,NIES Japan,"Nakaoka, S.-I. : Nojiri, Y.",Japan
PAT520141105,Trans Future 5,Ship,NIES Japan,"Nakaoka, S.-I. : Nojiri, Y.",Japan
PAT520141118,Trans Future 5,Ship,NIES Japan,"Nakaoka, S.-I. : Nojiri, Y.",Japan
PAT520141206,Trans Future 5,Ship,NIES Japan,"Nakaoka, S.-I. : Nojiri, Y.",Japan
PAT520141216,Trans Future 5,Ship,NIES Japan,"Nakaoka, S.-I. : Nojiri, Y.",Japan
PAT520150110,Trans Future 5,Ship,NIES Japan,"Nakaoka, S.-I. : Nojiri, Y.",Japan
PAT520150131,Trans Future 5,Ship,NIES Japan,"Nakaoka, S.-I. : Nojiri, Y.",Japan
PAT520150211,Trans Future 5,Ship,NIES Japan,"Nakaoka, S.-I. : Nojiri, Y.",Japan
PAT520150225,Trans Future 5,Ship,NIES Japan,"Nakaoka, S.-I. : Nojiri, Y.",Japan
PAT520150314,Trans Future 5,Ship,NIES Japan,"Nakaoka, S.-I. : Nojiri, Y.",Japan
PAT520150425,Trans Future 5,Ship,NIES Japan,"Nakaoka, S.-I. : Nojiri, Y.",Japan
PAT520150506,Trans Future 5,Ship,NIES Japan,"Nakaoka, S.-I. : Nojiri, Y.",Japan
PAT520150521,Trans Future 5,Ship,NIES Japan,"Nakaoka, S.-I. : Nojiri, Y.",Japan
PAT520150606,Trans Future 5,Ship,NIES Japan,"Nakaoka, S.-I. : Nojiri, Y.",Japan
PAT520150616,Trans Future 5,Ship,NIES Japan,"Nakaoka, S.-I. : Nojiri, Y.",Japan
PAT520150629,Trans Future 5,Ship,NIES Japan,"Nakaoka, S.-I. : Nojiri, Y.",Japan
PAT520150718,Trans Future 5,Ship,NIES Japan,"Nakaoka, S.-I. : Nojiri, Y.",Japan
PAT520150730,Trans Future 5,Ship,NIES Japan,"Nakaoka, S.-I. : Nojiri, Y.",Japan
PAT520150812,Trans Future 5,Ship,NIES Japan,"Nakaoka, S.-I. : Nojiri, Y.",Japan
PAT520150926,Trans Future 5,Ship,NIES Japan,"Nakaoka, S.-I. : Nojiri, Y.",Japan
PAT520151007,Trans Future 5,Ship,NIES Japan,"Nakaoka, S.-I. : Nojiri, Y.",Japan
PAT520151021,Trans Future 5,Ship,NIES Japan,"Nakaoka, S.-I. : Nojiri, Y.",Japan
PAT520151102,Trans Future 5,Ship,NIES Japan,"Nakaoka, S.-I. : Nojiri, Y.",Japan
PAT520151106,Trans Future 5,Ship,NIES Japan,"Nakaoka, S.-I. : Nojiri, Y.",Japan
PAT520151107,Trans Future 5,Ship,NIES Japan,"Nakaoka, S.-I. : Nojiri, Y.",Japan
PAT520151117,Trans Future 5,Ship,NIES Japan,"Nakaoka, S.-I. : Nojiri, Y.",Japan
PAT520151130,Trans Future 5,Ship,NIES Japan,"Nakaoka, S.-I. : Nojiri, Y.",Japan
PAT520151214,Trans Future 5,Ship,NIES Japan,"Nakaoka, S.-I. : Nojiri, Y.",Japan
PAT520151218,Trans Future 5,Ship,NIES Japan,"Nakaoka, S.-I. : Nojiri, Y.",Japan
PAT520151219,Trans Future 5,Ship,NIES Japan,"Nakaoka, S.-I. : Nojiri, Y.",Japan
PAT520151229,Trans Future 5,Ship,NIES Japan,"Nakaoka, S.-I. : Nojiri, Y.",Japan
PAT520160112,Trans Future 5,Ship,NIES Japan,"Nakaoka, S.-I. : Nojiri, Y.",Japan
PAT520160125,Trans Future 5,Ship,NIES Japan,"Nakaoka, S.-I. : Nojiri, Y.",Japan
PAT520160129,Trans Future 5,Ship,NIES Japan,"Nakaoka, S.-I. : Nojiri, Y.",Japan
PAT520160130,Trans Future 5,Ship,NIES Japan,"Nakaoka, S.-I. : Nojiri, Y.",Japan
PAT520160210,Trans Future 5,Ship,NIES Japan,"Nakaoka, S.-I. : Nojiri, Y.",Japan
PAT520160223,Trans Future 5,Ship,NIES Japan,"Nakaoka, S.-I. : Nojiri, Y.",Japan
PAT520160307,Trans Future 5,Ship,NIES Japan,"Nakaoka, S.-I. : Nojiri, Y.",Japan
PAT520160311,Trans Future 5,Ship,NIES Japan,"Nakaoka, S.-I. : Nojiri, Y.",Japan
PAT520160312,Trans Future 5,Ship,NIES Japan,"Nakaoka, S.-I. : Nojiri, Y.",Japan
PAT520160323,Trans Future 5,Ship,NIES Japan,"Nakaoka, S.-I. : Nojiri, Y.",Japan
PAT520160405,Trans Future 5,Ship,NIES Japan,"Nakaoka, S.-I. : Nojiri, Y.",Japan
PAT520160418,Trans Future 5,Ship,NIES Japan,"Nakaoka, S.-I. : Nojiri, Y.",Japan
PAT520160422,Trans Future 5,Ship,NIES Japan,"Nakaoka, S.-I. : Nojiri, Y.",Japan
PAT520160423,Trans Future 5,Ship,NIES Japan,"Nakaoka, S.-I. : Nojiri, Y.",Japan
PAT520160504,Trans Future 5,Ship,NIES Japan,"Nakaoka, S.-I. : Nojiri, Y.",Japan
PAT520160517,Trans Future 5,Ship,NIES Japan,"Nakaoka, S.-I. : Nojiri, Y.",Japan
PAT520160530,Trans Future 5,Ship,NIES Japan,"Nakaoka, S.-I. : Nojiri, Y.",Japan
PAT520160603,Trans Future 5,Ship,NIES Japan,"Nakaoka, S.-I. : Nojiri, Y.",Japan
PAT520160604,Trans Future 5,Ship,NIES Japan,"Nakaoka, S.-I. : Nojiri, Y.",Japan
PAT520160615,Trans Future 5,Ship,NIES Japan,"Nakaoka, S.-I. : Nojiri, Y.",Japan
PAT520160629,Trans Future 5,Ship,NIES Japan,"Nakaoka, S.-I. : Nojiri, Y.",Japan
PAT520160711,Trans Future 5,Ship,NIES Japan,"Nakaoka, S.-I. : Nojiri, Y.",Japan
PAT520160715,Trans Future 5,Ship,NIES Japan,"Nakaoka, S.-I. : Nojiri, Y.",Japan
PAT520160716,Trans Future 5,Ship,NIES Japan,"Nakaoka, S.-I. : Nojiri, Y.",Japan
PAT520160726,Trans Future 5,Ship,NIES Japan,"Nakaoka, S.-I. : Nojiri, Y.",Japan
PAT520160808,Trans Future 5,Ship,NIES Japan,"Nakaoka, S.-I. : Nojiri, Y.",Japan
PAT520160822,Trans Future 5,Ship,NIES Japan,"Nakaoka, S.-I. : Nojiri, Y.",Japan
PAT520160826,Trans Future 5,Ship,NIES Japan,"Nakaoka, S.-I. : Nojiri, Y.",Japan
PAT520160827,Trans Future 5,Ship,NIES Japan,"Nakaoka, S.-I. : Nojiri, Y.",Japan
PAT520160907,Trans Future 5,Ship,NIES Japan,"Nakaoka, S.-I. : Nojiri, Y.",Japan
PAT520160920,Trans Future 5,Ship,NIES Japan,"Nakaoka, S.-I. : Nojiri, Y.",Japan
PAT520161008,Trans Future 5,Ship,NIES Japan,"Nakaoka, S.-I. : Nojiri, Y.",Japan
PAT520161018,Trans Future 5,Ship,NIES Japan,"Nakaoka, S.-I. : Nojiri, Y.",Japan
PAT520161103,Trans Future 5,Ship,NIES Japan,"Nakaoka, S.-I. : Nojiri, Y.",Japan
PAT520161119,Trans Future 5,Ship,NIES Japan,"Nakaoka, S.-I. : Nojiri, Y.",Japan
PAT520161130,Trans Future 5,Ship,NIES Japan,"Nakaoka, S.-I. : Nojiri, Y.",Japan
PAT520161213,Trans Future 5,Ship,NIES Japan,"Nakaoka, S.-I. : Nojiri, Y.",Japan
PAT520161230,Trans Future 5,Ship,NIES Japan,"Nakaoka, S.-I. : Nojiri, Y.",Japan
PAT520170112,Trans Future 5,Ship,NIES Japan,"Nakaoka, S.-I. : Nojiri, Y.",Japan
PAT520170124,Trans Future 5,Ship,NIES Japan,"Nakaoka, S.-I. : Nojiri, Y.",Japan
PAT520170211,Trans Future 5,Ship,NIES Japan,"Nakaoka, S.-I. : Nojiri, Y.",Japan
PAT520170222,Trans Future 5,Ship,NIES Japan,"Nakaoka, S.-I. : Nojiri, Y.",Japan
PAT520170308,Trans Future 5,Ship,NIES Japan,"Nakaoka, S.-I. : Nojiri, Y.",Japan
PAT520170325,Trans Future 5,Ship,NIES Japan,"Nakaoka, S.-I. : Nojiri, Y.",Japan
PAT520170405,Trans Future 5,Ship,NIES Japan,"Nakaoka, S.-I. : Nojiri, Y.",Japan
PAT520170419,Trans Future 5,Ship,NIES Japan,"Nakaoka, S.-I. : Nojiri, Y.",Japan
PAT520170508,Trans Future 5,Ship,NIES Japan,"Nakaoka, S.-I. : Nojiri, Y.",Japan
PAT520170522,Trans Future 5,Ship,NIES Japan,"Nakaoka, S.-I. : Nojiri, Y.",Japan
PAT520170530,Trans Future 5,Ship,NIES Japan,"Nakaoka, S.-I. : Nojiri, Y.",Japan
PAT520170617,Trans Future 5,Ship,NIES Japan,"Nakaoka, S.-I. : Nojiri, Y.",Japan
PAT520170627,Trans Future 5,Ship,NIES Japan,"Nakaoka, S.-I. : Nojiri, Y.",Japan
PAT520170711,Trans Future 5,Ship,NIES Japan,"Nakaoka, S.-I. : Nojiri, Y.",Japan
PAT520170729,Trans Future 5,Ship,NIES Japan,"Nakaoka, S.-I. : Nojiri, Y.",Japan
PAT520170808,Trans Future 5,Ship,NIES Japan,"Nakaoka, S.-I. : Nojiri, Y.",Japan
PAT520170823,Trans Future 5,Ship,NIES Japan,"Nakaoka, S.-I. : Nojiri, Y.",Japan
PAT520170909,Trans Future 5,Ship,NIES Japan,"Nakaoka, S.-I. : Nojiri, Y.",Japan
PAT520170918,Trans Future 5,Ship,NIES Japan,"Nakaoka, S.-I. : Nojiri, Y.",Japan
PAT520171004,Trans Future 5,Ship,NIES Japan,"Nakaoka, S.-I. : Nojiri, Y.",Japan
PAT520171021,Trans Future 5,Ship,NIES Japan,"Nakaoka, S.-I. : Nojiri, Y.",Japan
PAT520171101,Trans Future 5,Ship,NIES Japan,"Nakaoka, S.-I. : Nojiri, Y.",Japan
PAT520171116,Trans Future 5,Ship,NIES Japan,"Nakaoka, S.-I. : Nojiri, Y.",Japan
PAT520171202,Trans Future 5,Ship,NIES Japan,"Nakaoka, S.-I. : Nojiri, Y.",Japan
PAT520171211,Trans Future 5,Ship,NIES Japan,"Nakaoka, S.-I. : Nojiri, Y.",Japan
PAT520171223,Trans Future 5,Ship,NIES Japan,"Nakaoka, S.-I. : Nojiri, Y.",Japan
PAT520180127,Trans Future 5,Ship,NIES Japan,"Nakaoka, S.-I. : Nojiri, Y.",Japan
PAT520180206,Trans Future 5,Ship,NIES Japan,"Nakaoka, S.-I. : Nojiri, Y.",Japan
PAT520180223,Trans Future 5,Ship,NIES Japan,"Nakaoka, S.-I. : Nojiri, Y.",Japan
PAT520180314,Trans Future 5,Ship,NIES Japan,"Nakaoka, S.-I. : Nojiri, Y.",Japan
PAT520180418,Trans Future 5,Ship,NIES Japan,"Nakaoka, S.-I. : Nojiri, Y.",Japan
PAT520180422,Trans Future 5,Ship,NIES Japan,"Nakaoka, S.-I. : Nojiri, Y.",Japan
PAT520180516,Trans Future 5,Ship,NIES Japan,"Nakaoka, S.-I. : Nojiri, Y.",Japan
PAT520180529,Trans Future 5,Ship,NIES Japan,"Nakaoka, S.-I. : Nojiri, Y.",Japan
PAT520180601,Trans Future 5,Ship,NIES Japan,"Nakaoka, S.-I. : Nojiri, Y.",Japan
PAT520180616,Trans Future 5,Ship,NIES Japan,"Nakaoka, S.-I. : Nojiri, Y.",Japan
PAT520180626,Trans Future 5,Ship,NIES Japan,"Nakaoka, S.-I. : Nojiri, Y.",Japan
PAT520180710,Trans Future 5,Ship,NIES Japan,"Nakaoka, S.-I. : Nojiri, Y.",Japan
PAT520180729,Trans Future 5,Ship,NIES Japan,"Nakaoka, S.-I. : Nojiri, Y.",Japan
PAT520180808,Trans Future 5,Ship,NIES Japan,"Nakaoka, S.-I. : Nojiri, Y.",Japan
PAT520180822,Trans Future 5,Ship,NIES Japan,"Nakaoka, S.-I. : Nojiri, Y.",Japan
PAT520180909,Trans Future 5,Ship,NIES Japan,"Nakaoka, S.-I. : Nojiri, Y.",Japan
PAT520180919,Trans Future 5,Ship,NIES Japan,"Nakaoka, S.-I. : Nojiri, Y.",Japan
PAT520181003,Trans Future 5,Ship,NIES Japan,"Nakaoka, S.-I. : Nojiri, Y.",Japan
PAT520181021,Trans Future 5,Ship,NIES Japan,"Nakaoka, S.-I. : Nojiri, Y.",Japan
PAT520181103,Trans Future 5,Ship,NIES Japan,"Nakaoka, S.-I. : Nojiri, Y.",Japan
PAT520181114,Trans Future 5,Ship,NIES Japan,"Nakaoka, S.-I. : Nojiri, Y.",Japan
PAT520181202,Trans Future 5,Ship,NIES Japan,"Nakaoka, S.-I. : Nojiri, Y.",Japan
PAT520181212,Trans Future 5,Ship,NIES Japan,"Nakaoka, S.-I. : Nojiri, Y.",Japan
PAT520181227,Trans Future 5,Ship,NIES Japan,"Nakaoka, S.-I. : Nojiri, Y.",Japan
PAT520190113,Trans Future 5,Ship,NIES Japan,"Nakaoka, S.-I. : Nojiri, Y.",Japan
PAT520190122,Trans Future 5,Ship,NIES Japan,"Nakaoka, S.-I. : Nojiri, Y.",Japan
PAT520190205,Trans Future 5,Ship,NIES Japan,"Nakaoka, S.-I. : Nojiri, Y.",Japan
PAT520190224,Trans Future 5,Ship,NIES Japan,"Nakaoka, S.-I. : Nojiri, Y.",Japan
PAT520190307,Trans Future 5,Ship,NIES Japan,"Nakaoka, S.-I. : Nojiri, Y.",Japan
PAT520190319,Trans Future 5,Ship,NIES Japan,"Nakaoka, S.-I. : Nojiri, Y.",Japan
PAT520190407,Trans Future 5,Ship,NIES Japan,"Nakaoka, S.-I. : Nojiri, Y.",Japan
PAT520190519,Trans Future 5,Ship,NIES Japan,"Nakaoka, S.-I. : Nojiri, Y.",Japan
PAT520190529,Trans Future 5,Ship,NIES Japan,"Nakaoka, S.-I. : Nojiri, Y.",Japan
PAT520190629,Trans Future 5,Ship,NIES Japan,"Nakaoka, S.-I. : Nojiri, Y.",Japan
PAT520190711,Trans Future 5,Ship,NIES Japan,"Nakaoka, S.-I. : Nojiri, Y.",Japan
PAT520190725,Trans Future 5,Ship,NIES Japan,"Nakaoka, S.-I. : Nojiri, Y.",Japan
PAT520190810,Trans Future 5,Ship,NIES Japan,"Nakaoka, S.-I. : Nojiri, Y.",Japan
PAT520190821,Trans Future 5,Ship,NIES Japan,"Nakaoka, S.-I. : Nojiri, Y.",Japan
PAT520190904,Trans Future 5,Ship,NIES Japan,"Nakaoka, S.-I. : Nojiri, Y.",Japan
PAT520190921,Trans Future 5,Ship,NIES Japan,"Nakaoka, S.-I. : Nojiri, Y.",Japan
PAT520191001,Trans Future 5,Ship,NIES Japan,"Nakaoka, S.-I. : Nojiri, Y.",Japan
PAT520191013,Trans Future 5,Ship,NIES Japan,"Nakaoka, S.-I. : Nojiri, Y.",Japan
PAT520191103,Trans Future 5,Ship,NIES Japan,"Nakaoka, S.-I. : Nojiri, Y.",Japan
PAT520191112,Trans Future 5,Ship,NIES Japan,"Nakaoka, S.-I. : Nojiri, Y.",Japan
PAT520191126,Trans Future 5,Ship,NIES Japan,"Nakaoka, S.-I. : Nojiri, Y.",Japan
PAT520191215,Trans Future 5,Ship,NIES Japan,"Nakaoka, S.-I. : Nojiri, Y.",Japan
PAT520191228,Trans Future 5,Ship,NIES Japan,"Nakaoka, S.-I. : Nojiri, Y.",Japan
PAT520200108,Trans Future 5,Ship,NIES Japan,"Nakaoka, S.-I. : Nojiri, Y.",Japan
PAT520200208,Trans Future 5,Ship,NIES Japan,"Nakaoka, S.-I. : Nojiri, Y.",Japan
PAT520200322,Trans Future 5,Ship,NIES Japan,"Nakaoka, S.-I. : Nojiri, Y.",Japan
PAT520200331,Trans Future 5,Ship,NIES Japan,"Nakaoka, S.-I. : Nojiri, Y.",Japan
PAT520200416,Trans Future 5,Ship,NIES Japan,"Nakaoka, S.-I. : Nojiri, Y.",Japan
PAT520200503,Trans Future 5,Ship,NIES Japan,"Nakaoka, S.-I. : Nojiri, Y.",Japan
PAT520200512,Trans Future 5,Ship,NIES Japan,"Nakaoka, S.-I. : Nojiri, Y.",Japan
PAT520200528,Trans Future 5,Ship,NIES Japan,"Nakaoka, S.-I. : Nojiri, Y.",Japan
PAT520200627,Trans Future 5,Ship,NIES Japan,"Nakaoka, S.-I. : Nojiri, Y.",Japan
PAT520200706,Trans Future 5,Ship,NIES Japan,"Nakaoka, S.-I. : Nojiri, Y.",Japan
PAT520200721,Trans Future 5,Ship,NIES Japan,"Nakaoka, S.-I. : Nojiri, Y.",Japan
PAT520200808,Trans Future 5,Ship,NIES Japan,"Nakaoka, S.-I. : Nojiri, Y.",Japan
PAT520200817,Trans Future 5,Ship,NIES Japan,"Nakaoka, S.-I. : Nojiri, Y.",Japan
PAT520200901,Trans Future 5,Ship,NIES Japan,"Nakaoka, S.-I. : Nojiri, Y.",Japan
PAT520200919,Trans Future 5,Ship,NIES Japan,"Nakaoka, S.-I. : Nojiri, Y.",Japan
PAT520201001,Trans Future 5,Ship,NIES Japan,"Nakaoka, S.-I. : Nojiri, Y.",Japan
PAT520201015,Trans Future 5,Ship,NIES Japan,"Nakaoka, S.-I. : Nojiri, Y.",Japan
PAT520201031,Trans Future 5,Ship,NIES Japan,"Nakaoka, S.-I. : Nojiri, Y.",Japan
PAT520201111,Trans Future 5,Ship,NIES Japan,"Nakaoka, S.-I. : Nojiri, Y.",Japan
PAT520201126,Trans Future 5,Ship,NIES Japan,"Nakaoka, S.-I. : Nojiri, Y.",Japan
PAT520201212,Trans Future 5,Ship,NIES Japan,"Nakaoka, S.-I. : Nojiri, Y.",Japan
PAT520201222,Trans Future 5,Ship,NIES Japan,"Nakaoka, S.-I. : Nojiri, Y.",Japan
PAT520210108,Trans Future 5,Ship,NIES Japan,"Nakaoka, S.-I. : Nojiri, Y.",Japan
PAT520210123,Trans Future 5,Ship,NIES Japan,"Nakaoka, S.-I. : Nojiri, Y.",Japan
PAT520210203,Trans Future 5,Ship,NIES Japan,"Nakaoka, S.-I. : Nojiri, Y.",Japan
PAT520210220,Trans Future 5,Ship,NIES Japan,"Nakaoka, S.-I. : Nojiri, Y.",Japan
PAT520210306,Trans Future 5,Ship,NIES Japan,"Nakaoka, S.-I. : Nojiri, Y.",Japan
PAT520210316,Trans Future 5,Ship,NIES Japan,"Nakaoka, S.-I. : Nojiri, Y.",Japan
PAT520210330,Trans Future 5,Ship,NIES Japan,"Nakaoka, S.-I. : Nojiri, Y.",Japan
PAT520210417,Trans Future 5,Ship,NIES Japan,"Nakaoka, S.-I. : Nojiri, Y.",Japan
PAT520210427,Trans Future 5,Ship,NIES Japan,"Nakaoka, S.-I. : Nojiri, Y.",Japan
PAT520210513,Trans Future 5,Ship,NIES Japan,"Nakaoka, S.-I. : Nojiri, Y.",Japan
PAT520210529,Trans Future 5,Ship,NIES Japan,"Nakaoka, S.-I. : Nojiri, Y.",Japan
PAT520210609,Trans Future 5,Ship,NIES Japan,"Nakaoka, S.-I. : Nojiri, Y.",Japan
PAT520210624,Trans Future 5,Ship,NIES Japan,"Nakaoka, S.-I. : Nojiri, Y.",Japan
PAT520210710,Trans Future 5,Ship,NIES Japan,"Nakaoka, S.-I. : Nojiri, Y.",Japan
PAT520210725,Trans Future 5,Ship,NIES Japan,"Nakaoka, S.-I. : Nojiri, Y.",Japan
PAT520210821,Trans Future 5,Ship,NIES Japan,"Nakaoka, S.-I. : Nojiri, Y.",Japan
PAT520210831,Trans Future 5,Ship,NIES Japan,"Nakaoka, S.-I. : Nojiri, Y.",Japan
PAT520210914,Trans Future 5,Ship,NIES Japan,"Nakaoka, S.-I. : Nojiri, Y.",Japan
PAT520211002,Trans Future 5,Ship,NIES Japan,"Nakaoka, S.-I. : Nojiri, Y.",Japan
PAT520211012,Trans Future 5,Ship,NIES Japan,"Nakaoka, S.-I. : Nojiri, Y.",Japan
PAT520211027,Trans Future 5,Ship,NIES Japan,"Nakaoka, S.-I. : Nojiri, Y.",Japan
PAT520211113,Trans Future 5,Ship,NIES Japan,"Nakaoka, S.-I. : Nojiri, Y.",Japan
PAT520211125,Trans Future 5,Ship,NIES Japan,"Nakaoka, S.-I. : Nojiri, Y.",Japan
PAT520211209,Trans Future 5,Ship,NIES Japan,"Nakaoka, S.-I. : Nojiri, Y.",Japan
PAT520211225,Trans Future 5,Ship,NIES Japan,"Nakaoka, S.-I. : Nojiri, Y.",Japan
PAT520220106,Trans Future 5,Ship,NIES Japan,"Nakaoka, S.-I. : Nojiri, Y.",Japan
PAT520220120,Trans Future 5,Ship,NIES Japan,"Nakaoka, S.-I. : Nojiri, Y.",Japan
PAT520220219,Trans Future 5,Ship,NIES Japan,"Nakaoka, S.-I. : Nojiri, Y.",Japan
PAT520220309,Trans Future 5,Ship,NIES Japan,"Nakaoka, S.-I. : Nojiri, Y.",Japan
PAT520220317,Trans Future 5,Ship,NIES Japan,"Nakaoka, S.-I. : Nojiri, Y.",Japan
PAT520220402,Trans Future 5,Ship,NIES Japan,"Nakaoka, S.-I. : Nojiri, Y.",Japan
PAT520220414,Trans Future 5,Ship,NIES Japan,"Nakaoka, S.-I. : Nojiri, Y.",Japan
PAT520220430,Trans Future 5,Ship,NIES Japan,"Nakaoka, S.-I. : Nojiri, Y.",Japan
PAT520220514,Trans Future 5,Ship,NIES Japan,"Nakaoka, S.-I. : Nojiri, Y.",Japan
PAT520220530,Trans Future 5,Ship,NIES Japan,"Nakaoka, S.-I. : Nojiri, Y.",Japan
PAT520220610,Trans Future 5,Ship,NIES Japan,"Nakaoka, S.-I. : Nojiri, Y.",Japan
PAT520220625,Trans Future 5,Ship,NIES Japan,"Nakaoka, S.-I. : Nojiri, Y.",Japan
PAT520220705,Trans Future 5,Ship,NIES Japan,"Nakaoka, S.-I. : Nojiri, Y.",Japan
PAT520220729,Trans Future 5,Ship,NIES Japan,"Nakaoka, S.-I. : Nojiri, Y.",Japan
PAT520220903,Trans Future 5,Ship,NIES Japan,"Nakaoka, S.-I. : Nojiri, Y.",Japan
PAT520220917,Trans Future 5,Ship,NIES Japan,"Nakaoka, S.-I. : Nojiri, Y.",Japan
PAT520220930,Trans Future 5,Ship,NIES Japan,"Nakaoka, S.-I. : Nojiri, Y.",Japan
PAT520221029,Trans Future 5,Ship,NIES Japan,"Nakaoka, S.-I. : Nojiri, Y.",Japan
PAT520221108,Trans Future 5,Ship,NIES Japan,"Nakaoka, S.-I. : Nojiri, Y.",Japan
PAT520221216,Trans Future 5,Ship,NIES Japan,"Nakaoka, S.-I. : Nojiri, Y.",Japan
PAT520230107,Trans Future 5,Ship,NIES Japan,"Nakaoka, S.-I. : Nojiri, Y.",Japan
PAT520230120,Trans Future 5,Ship,NIES Japan,"Nakaoka, S.-I. : Nojiri, Y.",Japan
PAT520230228,Trans Future 5,Ship,NIES Japan,"Nakaoka, S.-I. : Nojiri, Y.",Japan
PAT520230407,Trans Future 5,Ship,NIES Japan,"Nakaoka, S.-I. : Nojiri, Y.",Japan
PAT520230420,Trans Future 5,Ship,NIES Japan,"Nakaoka, S.-I. : Nojiri, Y.",Japan
PAT520230513,Trans Future 5,Ship,NIES Japan,"Nakaoka, S.-I. : Nojiri, Y.",Japan
PAT520230528,Trans Future 5,Ship,NIES Japan,"Nakaoka, S.-I. : Nojiri, Y.",Japan
PAT520230620,Trans Future 5,Ship,NIES Japan,"Nakaoka, S.-I. : Nojiri, Y.",Japan
PAT520230708,Trans Future 5,Ship,NIES Japan,"Nakaoka, S.-I. : Nojiri, Y.",Japan
PAT520230724,Trans Future 5,Ship,NIES Japan,"Nakaoka, S.-I. : Nojiri, Y.",Japan
PAT520230815,Trans Future 5,Ship,NIES Japan,"Nakaoka, S.-I. : Nojiri, Y.",Japan
PAT520230922,Trans Future 5,Ship,NIES Japan,"Nakaoka, S.-I. : Nojiri, Y.",Japan
PAT520231011,Trans Future 5,Ship,NIES Japan,"Nakaoka, S.-I. : Nojiri, Y.",Japan
PAT520231025,Trans Future 5,Ship,NIES Japan,"Nakaoka, S.-I. : Nojiri, Y.",Japan
PAT520231112,Trans Future 5,Ship,NIES Japan,"Nakaoka, S.-I. : Nojiri, Y.",Japan
PAT520231125,Trans Future 5,Ship,NIES Japan,"Nakaoka, S.-I. : Nojiri, Y.",Japan
PAT520231221,Trans Future 5,Ship,NIES Japan,"Nakaoka, S.-I. : Nojiri, Y.",Japan
PAT520240120,Trans Future 5,Ship,NIES Japan,"Nakaoka, S.-I. : Nojiri, Y.",Japan
PAT520240202,Trans Future 5,Ship,NIES Japan,"Nakaoka, S.-I. : Nojiri, Y.",Japan
PAT520240225,Trans Future 5,Ship,NIES Japan,"Nakaoka, S.-I. : Nojiri, Y.",Japan
PAT520240316,Trans Future 5,Ship,NIES Japan,"Nakaoka, S.-I. : Nojiri, Y.",Japan
PAT520240402,Trans Future 5,Ship,NIES Japan,"Nakaoka, S.-I. : Nojiri, Y.",Japan
PAT520240412,Trans Future 5,Ship,NIES Japan,"Nakaoka, S.-I. : Nojiri, Y.",Japan
PAT520240511,Trans Future 5,Ship,NIES Japan,"Nakaoka, S.-I. : Nojiri, Y.",Japan
PAT520240523,Trans Future 5,Ship,NIES Japan,"Nakaoka, S.-I. : Nojiri, Y.",Japan
PAT520240606,Trans Future 5,Ship,NIES Japan,"Nakaoka, S.-I. : Nojiri, Y.",Japan
PAT520240706,Trans Future 5,Ship,NIES Japan,"Nakaoka, S.-I. : Nojiri, Y.",Japan
PAT520240715,Trans Future 5,Ship,NIES Japan,"Nakaoka, S.-I. : Nojiri, Y.",Japan
PAT520240802,Trans Future 5,Ship,NIES Japan,"Nakaoka, S.-I. : Nojiri, Y.",Japan
PAT520240907,Trans Future 5,Ship,NIES Japan,"Nakaoka, S.-I. : Nojiri, Y.",Japan
PAT520240916,Trans Future 5,Ship,NIES Japan,"Nakaoka, S.-I. : Nojiri, Y.",Japan
PAT520240929,Trans Future 5,Ship,NIES Japan,"Nakaoka, S.-I. : Nojiri, Y.",Japan
QUIMA20050804,Quima,Ship,Univ Las Palmas,"Gonzalez-Davila, M. : Santana-Casiano, J.M.",Spain
QUIMA20050821,Quima,Ship,Univ Las Palmas,"Gonzalez-Davila, M. : Santana-Casiano, J.M.",Spain
QUIMA20050922,Quima,Ship,Univ Las Palmas,"Gonzalez-Davila, M. : Santana-Casiano, J.M.",Spain
QUIMA20051202,Quima,Ship,Univ Las Palmas,"Gonzalez-Davila, M. : Santana-Casiano, J.M.",Spain
QUIMA20051220,Quima,Ship,Univ Las Palmas,"Gonzalez-Davila, M. : Santana-Casiano, J.M.",Spain
QUIMA20060211,Quima,Ship,Univ Las Palmas,"Gonzalez-Davila, M. : Santana-Casiano, J.M.",Spain
QUIMA20060326,Quima,Ship,Univ Las Palmas,"Gonzalez-Davila, M. : Santana-Casiano, J.M.",Spain
QUIMA20060426,Quima,Ship,Univ Las Palmas,"Gonzalez-Davila, M. : Santana-Casiano, J.M.",Spain
QUIMA20060514,Quima,Ship,Univ Las Palmas,"Gonzalez-Davila, M. : Santana-Casiano, J.M.",Spain
QUIMA20060803,Quima,Ship,Univ Las Palmas,"Gonzalez-Davila, M. : Santana-Casiano, J.M.",Spain
QUIMA20060821,Quima,Ship,Univ Las Palmas,"Gonzalez-Davila, M. : Santana-Casiano, J.M.",Spain
QUIMA20060921,Quima,Ship,Univ Las Palmas,"Gonzalez-Davila, M. : Santana-Casiano, J.M.",Spain
QUIMA20061013,Quima,Ship,Univ Las Palmas,"Gonzalez-Davila, M. : Santana-Casiano, J.M.",Spain
QUIMA20061124,Quima,Ship,Univ Las Palmas,"Gonzalez-Davila, M. : Santana-Casiano, J.M.",Spain
SIJJ20170119,Wakmatha,Ship,CSIRO,"Tilbrook, B.",Australia
SIJJ20170125,Wakmatha,Ship,CSIRO,"Tilbrook, B.",Australia
SIJJ20170304,Wakmatha,Ship,CSIRO,"Tilbrook, B.",Australia
SIJJ20170312,Wakmatha,Ship,CSIRO,"Tilbrook, B.",Australia
SIJJ20170429,Wakmatha,Ship,CSIRO,"Tilbrook, B.",Australia
SIJJ20170505,Wakmatha,Ship,CSIRO,"Tilbrook, B.",Australia
SIJJ20180216,Wakmatha,Ship,CSIRO,"Tilbrook, B.",Australia
SIJJ20180223,Wakmatha,Ship,CSIRO,"Tilbrook, B.",Australia
SIJJ20180420,Wakmatha,Ship,CSIRO,"Tilbrook, B.",Australia
SIJJ20180427,Wakmatha,Ship,CSIRO,"Tilbrook, B.",Australia
SIJJ20180702,Wakmatha,Ship,CSIRO,"Tilbrook, B.",Australia
SIJJ20180707,Wakmatha,Ship,CSIRO,"Tilbrook, B.",Australia
SIJJ20180825,Wakmatha,Ship,CSIRO,"Tilbrook, B.",Australia
SIJJ20180903,Wakmatha,Ship,CSIRO,"Tilbrook, B.",Australia
WFCH20220424,Le Commandant Charcot,Ship,NOAA AOML,"Wanninkhof, R. : Pierrot, D.",USA
WFCH20220430,Le Commandant Charcot,Ship,NOAA AOML,"Wanninkhof, R. : Pierrot, D.",USA
WFCH20220510,Le Commandant Charcot,Ship,NOAA AOML,"Wanninkhof, R. : Pierrot, D.",USA
WFCH20220522,Le Commandant Charcot,Ship,NOAA AOML,"Wanninkhof, R. : Pierrot, D.",USA
WFCH20220603,Le Commandant Charcot,Ship,NOAA AOML,"Wanninkhof, R. : Pierrot, D.",USA
WFCH20220615,Le Commandant Charcot,Ship,NOAA AOML,"Wanninkhof, R. : Pierrot, D.",USA
WFCH20220623,Le Commandant Charcot,Ship,NOAA AOML,"Wanninkhof, R. : Pierrot, D.",USA
WFCH20220628,Le Commandant Charcot,Ship,NOAA AOML,"Wanninkhof, R. : Pierrot, D.",USA
WFCH20220708,Le Commandant Charcot,Ship,NOAA AOML,"Wanninkhof, R. : Pierrot, D.",USA
WFCH20220723,Le Commandant Charcot,Ship,NOAA AOML,"Wanninkhof, R. : Pierrot, D.",USA
WFCH20220807,Le Commandant Charcot,Ship,NOAA AOML,"Wanninkhof, R. : Pierrot, D.",USA
WFCH20220822,Le Commandant Charcot,Ship,NOAA AOML,"Wanninkhof, R. : Pierrot, D.",USA
WFCH20220907,Le Commandant Charcot,Ship,NOAA AOML,"Wanninkhof, R. : Pierrot, D.",USA
WFCH20221001,Le Commandant Charcot,Ship,NOAA AOML,"Wanninkhof, R. : Pierrot, D.",USA
WFCH20221017,Le Commandant Charcot,Ship,NOAA AOML,"Wanninkhof, R. : Pierrot, D.",USA
WFCH20221110,Le Commandant Charcot,Ship,NOAA AOML,"Wanninkhof, R. : Pierrot, D.",USA
WFCH20221113,Le Commandant Charcot,Ship,NOAA AOML,"Wanninkhof, R. : Pierrot, D.",USA
WFCH20221127,Le Commandant Charcot,Ship,NOAA AOML,"Wanninkhof, R. : Pierrot, D.",USA
WFCH20221208,Le Commandant Charcot,Ship,NOAA AOML,"Wanninkhof, R. : Pierrot, D.",USA
WFCH20221219,Le Commandant Charcot,Ship,NOAA AOML,"Wanninkhof, R. : Pierrot, D.",USA
WFCH20230102,Le Commandant Charcot,Ship,NOAA AOML,"Wanninkhof, R. : Pierrot, D.",USA
WFCH20230116,Le Commandant Charcot,Ship,NOAA AOML,"Wanninkhof, R. : Pierrot, D.",USA
WFCH20230214,Le Commandant Charcot,Ship,NOAA AOML,"Wanninkhof, R. : Pierrot, D.",USA
WFCH20230312,Le Commandant Charcot,Ship,NOAA AOML,"Wanninkhof, R. : Pierrot, D.",USA
WFCH20230329,Le Commandant Charcot,Ship,NOAA AOML,"Wanninkhof, R. : Pierrot, D.",USA
WFCH20230501,Le Commandant Charcot,Ship,NOAA AOML,"Wanninkhof, R. : Pierrot, D.",USA
WFCH20230505,Le Commandant Charcot,Ship,NOAA AOML,"Wanninkhof, R. : Pierrot, D.",USA
WFCH20230515,Le Commandant Charcot,Ship,NOAA AOML,"Wanninkhof, R. : Pierrot, D.",USA
WFCH20230525,Le Commandant Charcot,Ship,NOAA AOML,"Wanninkhof, R. : Pierrot, D.",USA
WFCH20230608,Le Commandant Charcot,Ship,NOAA AOML,"Wanninkhof, R. : Pierrot, D.",USA
WFCH20230622,Le Commandant Charcot,Ship,NOAA AOML,"Wanninkhof, R. : Pierrot, D.",USA
WFCH20230710,Le Commandant Charcot,Ship,NOAA AOML,"Wanninkhof, R. : Pierrot, D.",USA
WFCH20230727,Le Commandant Charcot,Ship,NOAA AOML,"Wanninkhof, R. : Pierrot, D.",USA
WFCH20230811,Le Commandant Charcot,Ship,NOAA AOML,"Wanninkhof, R. : Pierrot, D.",USA
WFCH20230826,Le Commandant Charcot,Ship,NOAA AOML,"Wanninkhof, R. : Pierrot, D.",USA
WFCH20230911,Le Commandant Charcot,Ship,NOAA AOML,"Wanninkhof, R. : Pierrot, D.",USA
WFCH20231005,Le Commandant Charcot,Ship,NOAA AOML,"Wanninkhof, R. : Pierrot, D.",USA
WFCH20231012,Le Commandant Charcot,Ship,NOAA AOML,"Wanninkhof, R. : Pierrot, D.",USA
WFCH20231103,Le Commandant Charcot,Ship,NOAA AOML,"Wanninkhof, R. : Pierrot, D.",USA
WFCH20231117,Le Commandant Charcot,Ship,NOAA AOML,"Wanninkhof, R. : Pierrot, D.",USA
WFCH20231129,Le Commandant Charcot,Ship,NOAA AOML,"Wanninkhof, R. : Pierrot, D.",USA
WFCH20231213,Le Commandant Charcot,Ship,NOAA AOML,"Wanninkhof, R. : Pierrot, D.",USA
WFCH20231227,Le Commandant Charcot,Ship,NOAA AOML,"Wanninkhof, R. : Pierrot, D.",USA
WFCH20240108,Le Commandant Charcot,Ship,NOAA AOML,"Wanninkhof, R. : Pierrot, D.",USA
WFCH20240206,Le Commandant Charcot,Ship,NOAA AOML,"Wanninkhof, R. : Pierrot, D.",USA
WFCH20240303,Le Commandant Charcot,Ship,NOAA AOML,"Wanninkhof, R. : Pierrot, D.",USA
WFCH20240412,Le Commandant Charcot,Ship,NOAA AOML,"Wanninkhof, R. : Pierrot, D.",USA
WFCH20240416,Le Commandant Charcot,Ship,NOAA AOML,"Wanninkhof, R. : Pierrot, D.",USA
WFCH20240426,Le Commandant Charcot,Ship,NOAA AOML,"Wanninkhof, R. : Pierrot, D.",USA
WFCH20240506,Le Commandant Charcot,Ship,NOAA AOML,"Wanninkhof, R. : Pierrot, D.",USA
WFCH20240516,Le Commandant Charcot,Ship,NOAA AOML,"Wanninkhof, R. : Pierrot, D.",USA
WFCH20240528,Le Commandant Charcot,Ship,NOAA AOML,"Wanninkhof, R. : Pierrot, D.",USA
ZZ9920070416,WECO Timeseries,Ship,Plymouth Marine Lab,"Kitidis, V.",UK
